year,oews_area,AREA_TITLE,AREA_TYPE,PRIM_STATE,metro,OCC_CODE,OCC_TITLE,TOT_EMP,EMP_PRSE,A_MEAN,A_MEAN_RAW,H_MEAN,MEAN_PRSE,A_MEDIAN,SOURCE_FILE
2015,0031080,"Los Angeles-Long Beach-Anaheim, CA",,CA,True,39-9011,Childcare Workers,18520.0,7.7,25610.0,25610,12.31,1.5,24030.0,aMSA_M2015_dl.xlsx
2015,0041860,"San Francisco-Oakland-Hayward, CA",,CA,True,39-9011,Childcare Workers,7750.0,10.4,28720.0,28720,13.81,3.3,27850.0,aMSA_M2015_dl.xlsx
2015,0047900,"Washington-Arlington-Alexandria, DC-VA-MD-WV",,DC,True,39-9011,Childcare Workers,11950.0,10.4,25840.0,25840,12.42,3.2,23760.0,aMSA_M2015_dl.xlsx
2015,0033100,"Miami-Fort Lauderdale-West Palm Beach, FL",,FL,True,39-9011,Childcare Workers,11530.0,7.4,21320.0,21320,10.25,2.0,19650.0,aMSA_M2015_dl.xlsx
2015,0016980,"Chicago-Naperville-Elgin, IL-IN-WI",,IL,True,39-9011,Childcare Workers,12390.0,11.0,23480.0,23480,11.29,1.6,22300.0,aMSA_M2015_dl.xlsx
2015,0071650,"Boston-Cambridge-Nashua, MA-NH",,MA,True,39-9011,Childcare Workers,9660.0,7.0,26470.0,26470,12.72,1.6,25040.0,aMSA_M2015_dl.xlsx
2015,0019820,"Detroit-Warren-Dearborn, MI",,MI,True,39-9011,Childcare Workers,,,22680.0,22680,10.9,1.9,20030.0,aMSA_M2015_dl.xlsx
2015,0035620,"New York-Newark-Jersey City, NY-NJ-PA",,NY,True,39-9011,Childcare Workers,43470.0,5.5,26790.0,26790,12.88,1.9,26110.0,aMSA_M2015_dl.xlsx
2015,0037980,"Philadelphia-Camden-Wilmington, PA-NJ-DE-MD",,PA,True,39-9011,Childcare Workers,13820.0,7.6,22350.0,22350,10.74,1.7,21110.0,aMSA_M2015_dl.xlsx
2015,0019100,"Dallas-Fort Worth-Arlington, TX",,TX,True,39-9011,Childcare Workers,15810.0,7.6,20630.0,20630,9.92,1.8,19220.0,aMSA_M2015_dl.xlsx
2015,0042660,"Seattle-Tacoma-Bellevue, WA",,WA,True,39-9011,Childcare Workers,4590.0,14.3,26180.0,26180,12.59,2.4,24550.0,aMSA_M2015_dl.xlsx
2015,0200001,Southeast Alaska nonmetropolitan area,,AK,False,39-9011,Childcare Workers,190.0,23.2,26610.0,26610,12.79,4.5,25670.0,BOS_M2015_dl.xlsx
2015,0200002,Balance of Alaska nonmetropolitan area,,AK,False,39-9011,Childcare Workers,260.0,17.0,29060.0,29060,13.97,4.5,26940.0,BOS_M2015_dl.xlsx
2015,0100001,Northwest Alabama nonmetropolitan area,,AL,False,39-9011,Childcare Workers,180.0,30.6,17340.0,17340,8.34,3.6,17580.0,BOS_M2015_dl.xlsx
2015,0100002,Northeast Alabama nonmetropolitan area,,AL,False,39-9011,Childcare Workers,760.0,22.6,20680.0,20680,9.94,8.8,18320.0,BOS_M2015_dl.xlsx
2015,0100003,Southwest Alabama nonmetropolitan area,,AL,False,39-9011,Childcare Workers,400.0,9.8,17420.0,17420,8.38,3.1,17800.0,BOS_M2015_dl.xlsx
2015,0100004,Southeast Alabama nonmetropolitan area,,AL,False,39-9011,Childcare Workers,320.0,25.5,17820.0,17820,8.57,2.7,17910.0,BOS_M2015_dl.xlsx
2015,0500001,North Arkansas nonmetropolitan area,,AR,False,39-9011,Childcare Workers,640.0,13.3,18700.0,18700,8.99,3.2,18070.0,BOS_M2015_dl.xlsx
2015,0500002,East Arkansas nonmetropolitan area,,AR,False,39-9011,Childcare Workers,,,18470.0,18470,8.88,2.9,18190.0,BOS_M2015_dl.xlsx
2015,0500003,West Arkansas nonmetropolitan area,,AR,False,39-9011,Childcare Workers,730.0,12.1,17860.0,17860,8.59,2.8,17780.0,BOS_M2015_dl.xlsx
2015,0500004,South Arkansas nonmetropolitan area,,AR,False,39-9011,Childcare Workers,650.0,17.0,18570.0,18570,8.93,3.0,18150.0,BOS_M2015_dl.xlsx
2015,0400001,Arizona nonmetropolitan area,,AZ,False,39-9011,Childcare Workers,140.0,33.2,20880.0,20880,10.04,4.1,19650.0,BOS_M2015_dl.xlsx
2015,0600001,Mother Lode Region of California nonmetropolitan area,,CA,False,39-9011,Childcare Workers,,,26420.0,26420,12.7,4.2,24460.0,BOS_M2015_dl.xlsx
2015,0600003,North Coast Region of California nonmetropolitan area,,CA,False,39-9011,Childcare Workers,570.0,31.5,24500.0,24500,11.78,3.5,22850.0,BOS_M2015_dl.xlsx
2015,0600004,North Valley Region of California nonmetropolitan area,,CA,False,39-9011,Childcare Workers,70.0,40.6,24570.0,24570,11.81,3.9,22850.0,BOS_M2015_dl.xlsx
2015,0600005,Northern Mountains Region of California nonmetropolitan area,,CA,False,39-9011,Childcare Workers,420.0,26.9,23720.0,23720,11.4,3.3,22230.0,BOS_M2015_dl.xlsx
2015,0800001,Eastern and Southern Colorado nonmetropolitan area,,CO,False,39-9011,Childcare Workers,190.0,15.7,22220.0,22220,10.68,5.6,19630.0,BOS_M2015_dl.xlsx
2015,0800002,Southwest Colorado nonmetropolitan area,,CO,False,39-9011,Childcare Workers,260.0,32.2,22450.0,22450,10.79,2.7,21320.0,BOS_M2015_dl.xlsx
2015,0800003,Northwest Colorado nonmetropolitan area,,CO,False,39-9011,Childcare Workers,450.0,23.6,28980.0,28980,13.93,4.3,27540.0,BOS_M2015_dl.xlsx
2015,0900001,Connecticut nonmetropolitan area,,CT,False,39-9011,Childcare Workers,,,26560.0,26560,12.77,5.6,23440.0,BOS_M2015_dl.xlsx
2015,1200001,Northwest Florida nonmetropolitan area,,FL,False,39-9011,Childcare Workers,270.0,22.1,22040.0,22040,10.59,2.6,21290.0,BOS_M2015_dl.xlsx
2015,1200002,Northeast Florida nonmetropolitan area,,FL,False,39-9011,Childcare Workers,430.0,29.8,20990.0,20990,10.09,3.8,19200.0,BOS_M2015_dl.xlsx
2015,1200003,South Florida nonmetropolitan area,,FL,False,39-9011,Childcare Workers,310.0,39.3,21320.0,21320,10.25,2.9,18830.0,BOS_M2015_dl.xlsx
2015,1300001,North Georgia nonmetropolitan area,,GA,False,39-9011,Childcare Workers,490.0,26.9,21400.0,21400,10.29,7.1,20000.0,BOS_M2015_dl.xlsx
2015,1300002,Middle Georgia nonmetropolitan area,,GA,False,39-9011,Childcare Workers,440.0,21.9,17500.0,17500,8.41,3.0,17820.0,BOS_M2015_dl.xlsx
2015,1300003,East Georgia nonmetropolitan area,,GA,False,39-9011,Childcare Workers,380.0,24.1,18420.0,18420,8.86,5.4,17830.0,BOS_M2015_dl.xlsx
2015,1300004,South Georgia nonmetropolitan area,,GA,False,39-9011,Childcare Workers,570.0,27.1,18630.0,18630,8.96,3.4,18050.0,BOS_M2015_dl.xlsx
2015,1500001,Hawaii / Kauai nonmetropolitan area,,HI,False,39-9011,Childcare Workers,490.0,21.2,20120.0,20120,9.67,4.0,19210.0,BOS_M2015_dl.xlsx
2015,1900001,Northeast Iowa nonmetropolitan area,,IA,False,39-9011,Childcare Workers,780.0,17.0,17350.0,17350,8.34,2.5,17650.0,BOS_M2015_dl.xlsx
2015,1900002,Northwest Iowa nonmetropolitan area,,IA,False,39-9011,Childcare Workers,640.0,18.1,18560.0,18560,8.92,4.9,18320.0,BOS_M2015_dl.xlsx
2015,1900003,Southwest Iowa nonmetropolitan area,,IA,False,39-9011,Childcare Workers,520.0,17.7,17280.0,17280,8.31,2.5,17720.0,BOS_M2015_dl.xlsx
2015,1900004,Southeast Iowa nonmetropolitan area,,IA,False,39-9011,Childcare Workers,770.0,29.2,17860.0,17860,8.59,2.0,17960.0,BOS_M2015_dl.xlsx
2015,1600001,Panhandle of Idaho nonmetropolitan area,,ID,False,39-9011,Childcare Workers,230.0,12.9,26810.0,26810,12.89,14.3,19310.0,BOS_M2015_dl.xlsx
2015,1600002,Southwest Idaho nonmetropolitan area,,ID,False,39-9011,Childcare Workers,,,17380.0,17380,8.36,4.3,17740.0,BOS_M2015_dl.xlsx
2015,1600003,South Central Idaho nonmetropolitan area,,ID,False,39-9011,Childcare Workers,210.0,34.4,20210.0,20210,9.72,5.1,19280.0,BOS_M2015_dl.xlsx
2015,1600004,Southeast Idaho nonmetropolitan area,,ID,False,39-9011,Childcare Workers,90.0,47.6,17220.0,17220,8.28,3.9,17800.0,BOS_M2015_dl.xlsx
2015,1700001,Northwest Illinois nonmetropolitan area,,IL,False,39-9011,Childcare Workers,430.0,18.3,20640.0,20640,9.92,2.3,19410.0,BOS_M2015_dl.xlsx
2015,1700002,West Central Illinois nonmetropolitan area,,IL,False,39-9011,Childcare Workers,430.0,25.7,21590.0,21590,10.38,3.6,19510.0,BOS_M2015_dl.xlsx
2015,1700003,East Central Illinois nonmetropolitan area,,IL,False,39-9011,Childcare Workers,210.0,43.5,22350.0,22350,10.74,3.4,21350.0,BOS_M2015_dl.xlsx
2015,1700004,South Illinois nonmetropolitan area,,IL,False,39-9011,Childcare Workers,240.0,36.0,22590.0,22590,10.86,10.0,19380.0,BOS_M2015_dl.xlsx
2015,1800001,Northern Indiana nonmetropolitan area,,IN,False,39-9011,Childcare Workers,330.0,31.8,18190.0,18190,8.74,2.8,17940.0,BOS_M2015_dl.xlsx
2015,1800002,Central Indiana nonmetropolitan area,,IN,False,39-9011,Childcare Workers,250.0,24.6,19680.0,19680,9.46,7.0,18320.0,BOS_M2015_dl.xlsx
2015,1800003,Southern Indiana nonmetropolitan area,,IN,False,39-9011,Childcare Workers,590.0,19.7,20210.0,20210,9.72,4.0,20030.0,BOS_M2015_dl.xlsx
2015,2000001,Southwest Kansas nonmetropolitan area,,KS,False,39-9011,Childcare Workers,220.0,20.6,22900.0,22900,11.01,7.6,18390.0,BOS_M2015_dl.xlsx
2015,2000002,Northwest Kansas nonmetropolitan area,,KS,False,39-9011,Childcare Workers,200.0,12.2,17310.0,17310,8.32,3.9,17430.0,BOS_M2015_dl.xlsx
2015,2000003,Northeast Kansas nonmetropolitan area,,KS,False,39-9011,Childcare Workers,370.0,22.9,18880.0,18880,9.08,3.4,18120.0,BOS_M2015_dl.xlsx
2015,2000004,Southeast Kansas nonmetropolitan area,,KS,False,39-9011,Childcare Workers,510.0,20.5,17790.0,17790,8.55,3.1,17690.0,BOS_M2015_dl.xlsx
2015,2100001,West Kentucky nonmetropolitan area,,KY,False,39-9011,Childcare Workers,800.0,10.5,18810.0,18810,9.04,2.3,18530.0,BOS_M2015_dl.xlsx
2015,2100002,South Central Kentucky nonmetropolitan area,,KY,False,39-9011,Childcare Workers,1220.0,4.5,19290.0,19290,9.28,2.0,18980.0,BOS_M2015_dl.xlsx
2015,2100003,Central Kentucky nonmetropolitan area,,KY,False,39-9011,Childcare Workers,1200.0,8.1,19800.0,19800,9.52,2.3,19410.0,BOS_M2015_dl.xlsx
2015,2100004,East Kentucky nonmetropolitan area,,KY,False,39-9011,Childcare Workers,640.0,16.0,18850.0,18850,9.06,2.3,18480.0,BOS_M2015_dl.xlsx
2015,2200002,Central Louisiana nonmetropolitan area,,LA,False,39-9011,Childcare Workers,400.0,18.2,17750.0,17750,8.53,2.5,17820.0,BOS_M2015_dl.xlsx
2015,2200003,Northeast Louisiana nonmetropolitan area,,LA,False,39-9011,Childcare Workers,180.0,43.1,17940.0,17940,8.62,3.7,17950.0,BOS_M2015_dl.xlsx
2015,2200004,Southwest Louisiana nonmetropolitan area,,LA,False,39-9011,Childcare Workers,200.0,15.2,18680.0,18680,8.98,4.1,18180.0,BOS_M2015_dl.xlsx
2015,2500002,Southwest Massachusetts nonmetropolitan area,,MA,False,39-9011,Childcare Workers,90.0,0.0,28310.0,28310,13.61,3.2,27650.0,BOS_M2015_dl.xlsx
2015,2500003,Northwest Massachusetts nonmetropolitan area,,MA,False,39-9011,Childcare Workers,140.0,29.8,22870.0,22870,10.99,1.8,22090.0,BOS_M2015_dl.xlsx
2015,2400001,Upper Eastern Shore of Maryland nonmetropolitan area,,MD,False,39-9011,Childcare Workers,280.0,36.4,28970.0,28970,13.93,5.8,27360.0,BOS_M2015_dl.xlsx
2015,2300001,Northeast Maine nonmetropolitan area,,ME,False,39-9011,Childcare Workers,250.0,24.7,22500.0,22500,10.82,5.9,22110.0,BOS_M2015_dl.xlsx
2015,2300002,Southwest Maine nonmetropolitan area,,ME,False,39-9011,Childcare Workers,950.0,18.0,21470.0,21470,10.32,3.6,20640.0,BOS_M2015_dl.xlsx
2015,2600001,Upper Peninsula of Michigan nonmetropolitan area,,MI,False,39-9011,Childcare Workers,520.0,20.9,21280.0,21280,10.23,3.4,19510.0,BOS_M2015_dl.xlsx
2015,2600002,Northeast Lower Peninsula of Michigan nonmetropolitan area,,MI,False,39-9011,Childcare Workers,370.0,12.7,18890.0,18890,9.08,4.3,18360.0,BOS_M2015_dl.xlsx
2015,2600003,Northwest Lower Peninsula of Michigan nonmetropolitan area,,MI,False,39-9011,Childcare Workers,470.0,29.6,20180.0,20180,9.7,2.2,19410.0,BOS_M2015_dl.xlsx
2015,2600004,Balance of Lower Peninsula of Michigan nonmetropolitan area,,MI,False,39-9011,Childcare Workers,1560.0,20.4,20860.0,20860,10.03,2.3,19360.0,BOS_M2015_dl.xlsx
2015,2700001,Northwest Minnesota nonmetropolitan area,,MN,False,39-9011,Childcare Workers,420.0,22.2,24320.0,24320,11.69,6.8,22240.0,BOS_M2015_dl.xlsx
2015,2700002,Northeast Minnesota nonmetropolitan area,,MN,False,39-9011,Childcare Workers,160.0,40.7,21380.0,21380,10.28,3.8,20910.0,BOS_M2015_dl.xlsx
2015,2700003,Southwest Minnesota nonmetropolitan area,,MN,False,39-9011,Childcare Workers,260.0,20.9,21600.0,21600,10.38,6.2,19440.0,BOS_M2015_dl.xlsx
2015,2700004,Southeast Minnesota nonmetropolitan area,,MN,False,39-9011,Childcare Workers,350.0,17.8,19720.0,19720,9.48,2.8,18700.0,BOS_M2015_dl.xlsx
2015,2900001,Central Missouri nonmetropolitan area,,MO,False,39-9011,Childcare Workers,990.0,10.9,19800.0,19800,9.52,3.3,18550.0,BOS_M2015_dl.xlsx
2015,2900002,North Missouri nonmetropolitan area,,MO,False,39-9011,Childcare Workers,450.0,20.6,20620.0,20620,9.91,4.3,19090.0,BOS_M2015_dl.xlsx
2015,2900003,Southeast Missouri nonmetropolitan area,,MO,False,39-9011,Childcare Workers,700.0,15.6,18610.0,18610,8.95,2.6,18420.0,BOS_M2015_dl.xlsx
2015,2900004,Southwest Missouri nonmetropolitan area,,MO,False,39-9011,Childcare Workers,,,18850.0,18850,9.06,3.2,18290.0,BOS_M2015_dl.xlsx
2015,2800001,Northeast Mississippi nonmetropolitan area,,MS,False,39-9011,Childcare Workers,980.0,27.8,17850.0,17850,8.58,2.6,17920.0,BOS_M2015_dl.xlsx
2015,2800002,Northwest Mississippi nonmetropolitan area,,MS,False,39-9011,Childcare Workers,660.0,31.1,17800.0,17800,8.56,4.0,17880.0,BOS_M2015_dl.xlsx
2015,2800003,Southeast Mississippi nonmetropolitan area,,MS,False,39-9011,Childcare Workers,1000.0,33.1,18610.0,18610,8.95,2.9,18030.0,BOS_M2015_dl.xlsx
2015,2800004,Southwest Mississippi nonmetropolitan area,,MS,False,39-9011,Childcare Workers,470.0,26.1,18490.0,18490,8.89,4.0,18110.0,BOS_M2015_dl.xlsx
2015,3000001,East Montana nonmetropolitan area,,MT,False,39-9011,Childcare Workers,120.0,20.0,20990.0,20990,10.09,4.4,19800.0,BOS_M2015_dl.xlsx
2015,3000002,Central Montana nonmetropolitan area,,MT,False,39-9011,Childcare Workers,140.0,36.4,20160.0,20160,9.69,4.0,18640.0,BOS_M2015_dl.xlsx
2015,3000003,Southwest Montana nonmetropolitan area,,MT,False,39-9011,Childcare Workers,490.0,30.1,19980.0,19980,9.61,3.2,18710.0,BOS_M2015_dl.xlsx
2015,3000004,West Montana nonmetropolitan area,,MT,False,39-9011,Childcare Workers,340.0,22.1,21420.0,21420,10.3,3.5,19600.0,BOS_M2015_dl.xlsx
2015,3700001,Southeast Coastal North Carolina nonmetropolitan area,,NC,False,39-9011,Childcare Workers,,,19140.0,19140,9.2,4.2,18350.0,BOS_M2015_dl.xlsx
2015,3700002,Northeast Coastal North Carolina nonmetropolitan area,,NC,False,39-9011,Childcare Workers,280.0,42.9,19950.0,19950,9.59,2.7,19830.0,BOS_M2015_dl.xlsx
2015,3700003,Piedmont North Carolina nonmetropolitan area,,NC,False,39-9011,Childcare Workers,,,20750.0,20750,9.97,2.8,19190.0,BOS_M2015_dl.xlsx
2015,3700004,Mountain North Carolina nonmetropolitan area,,NC,False,39-9011,Childcare Workers,890.0,17.5,21280.0,21280,10.23,5.1,19620.0,BOS_M2015_dl.xlsx
2015,3800001,Far West North Dakota nonmetropolitan area,,ND,False,39-9011,Childcare Workers,220.0,28.8,22390.0,22390,10.76,10.1,20170.0,BOS_M2015_dl.xlsx
2015,3800002,West Central North Dakota nonmetropolitan area,,ND,False,39-9011,Childcare Workers,270.0,7.8,22960.0,22960,11.04,7.9,21500.0,BOS_M2015_dl.xlsx
2015,3800003,East Central North Dakota nonmetropolitan area,,ND,False,39-9011,Childcare Workers,260.0,4.5,20450.0,20450,9.83,6.1,19270.0,BOS_M2015_dl.xlsx
2015,3800004,Far East North Dakota nonmetropolitan area,,ND,False,39-9011,Childcare Workers,100.0,8.9,21360.0,21360,10.27,6.8,19320.0,BOS_M2015_dl.xlsx
2015,3100001,Northwest Nebraska nonmetropolitan area,,NE,False,39-9011,Childcare Workers,,,18740.0,18740,9.01,6.1,18290.0,BOS_M2015_dl.xlsx
2015,3100002,Central Nebraska nonmetropolitan area,,NE,False,39-9011,Childcare Workers,720.0,14.5,18780.0,18780,9.03,2.0,18420.0,BOS_M2015_dl.xlsx
2015,3100003,Northeast Nebraska nonmetropolitan area,,NE,False,39-9011,Childcare Workers,390.0,17.5,19350.0,19350,9.3,2.4,18680.0,BOS_M2015_dl.xlsx
2015,3100004,Southeast Nebraska nonmetropolitan area,,NE,False,39-9011,Childcare Workers,230.0,32.0,19190.0,19190,9.23,3.9,18580.0,BOS_M2015_dl.xlsx
2015,3300001,Northern New Hampshire nonmetropolitan area,,NH,False,39-9011,Childcare Workers,110.0,19.1,24010.0,24010,11.54,8.2,23220.0,BOS_M2015_dl.xlsx
2015,3300002,Central New Hampshire nonmetropolitan area,,NH,False,39-9011,Childcare Workers,460.0,22.5,20480.0,20480,9.85,4.1,20090.0,BOS_M2015_dl.xlsx
2015,3300003,West Central New Hampshire nonmetropolitan area,,NH,False,39-9011,Childcare Workers,200.0,19.3,23420.0,23420,11.26,5.3,21860.0,BOS_M2015_dl.xlsx
2015,3300004,Southwest New Hampshire nonmetropolitan area,,NH,False,39-9011,Childcare Workers,140.0,31.7,18830.0,18830,9.05,3.3,18280.0,BOS_M2015_dl.xlsx
2015,3500001,North and West Central New Mexico nonmetropolitan area,,NM,False,39-9011,Childcare Workers,210.0,23.6,21060.0,21060,10.12,4.8,19000.0,BOS_M2015_dl.xlsx
2015,3500002,Eastern New Mexico nonmetropolitan area,,NM,False,39-9011,Childcare Workers,340.0,5.3,17940.0,17940,8.63,3.0,18050.0,BOS_M2015_dl.xlsx
2015,3500003,Southwestern New Mexico nonmetropolitan area,,NM,False,39-9011,Childcare Workers,100.0,43.2,17550.0,17550,8.44,4.3,17910.0,BOS_M2015_dl.xlsx
2015,3200001,South Nevada nonmetropolitan area,,NV,False,39-9011,Childcare Workers,130.0,18.1,22720.0,22720,10.92,5.6,21160.0,BOS_M2015_dl.xlsx
2015,3200002,North Nevada nonmetropolitan area,,NV,False,39-9011,Childcare Workers,,,18000.0,18000,8.66,4.2,17700.0,BOS_M2015_dl.xlsx
2015,3600001,Capital/Northern New York nonmetropolitan area,,NY,False,39-9011,Childcare Workers,380.0,24.8,21690.0,21690,10.43,3.7,19490.0,BOS_M2015_dl.xlsx
2015,3600002,East Central New York nonmetropolitan area,,NY,False,39-9011,Childcare Workers,150.0,11.1,,*,,,,BOS_M2015_dl.xlsx
2015,3600003,Central New York nonmetropolitan area,,NY,False,39-9011,Childcare Workers,660.0,12.2,22690.0,22690,10.91,2.5,21010.0,BOS_M2015_dl.xlsx
2015,3600004,Southwest New York nonmetropolitan area,,NY,False,39-9011,Childcare Workers,870.0,22.4,23230.0,23230,11.17,3.6,19470.0,BOS_M2015_dl.xlsx
2015,3900001,West Northwestern Ohio nonmetropolitan area,,OH,False,39-9011,Childcare Workers,650.0,15.3,20530.0,20530,9.87,3.4,19090.0,BOS_M2015_dl.xlsx
2015,3900002,North Northeastern Ohio non-metropolitan area (non-contiguous),,OH,False,39-9011,Childcare Workers,1020.0,15.1,20140.0,20140,9.68,2.8,18780.0,BOS_M2015_dl.xlsx
2015,3900003,Eastern Ohio nonmetropolitan area,,OH,False,39-9011,Childcare Workers,230.0,40.0,19690.0,19690,9.47,3.3,18700.0,BOS_M2015_dl.xlsx
2015,3900004,Southern Ohio non-metropolitan area,,OH,False,39-9011,Childcare Workers,170.0,28.6,19920.0,19920,9.58,3.5,18920.0,BOS_M2015_dl.xlsx
2015,4000001,Northeast Oklahoma nonmetropolitan area,,OK,False,39-9011,Childcare Workers,480.0,10.3,18430.0,18430,8.86,2.5,18230.0,BOS_M2015_dl.xlsx
2015,4000002,Northwest Oklahoma nonmetropolitan area,,OK,False,39-9011,Childcare Workers,520.0,41.0,18220.0,18220,8.76,3.1,17990.0,BOS_M2015_dl.xlsx
2015,4000003,Southwest Oklahoma nonmetropolitan area,,OK,False,39-9011,Childcare Workers,280.0,28.2,19350.0,19350,9.3,3.9,18940.0,BOS_M2015_dl.xlsx
2015,4000004,Southeast Oklahoma nonmetropolitan area,,OK,False,39-9011,Childcare Workers,590.0,13.1,20310.0,20310,9.76,3.1,20040.0,BOS_M2015_dl.xlsx
2015,4100001,North Coast Oregon nonmetropolitan area,,OR,False,39-9011,Childcare Workers,,,22730.0,22730,10.93,4.3,22330.0,BOS_M2015_dl.xlsx
2015,4100002,South Coast Oregon nonmetropolitan area,,OR,False,39-9011,Childcare Workers,130.0,38.8,22020.0,22020,10.59,3.9,21430.0,BOS_M2015_dl.xlsx
2015,4100003,Central Oregon nonmetropolitan area,,OR,False,39-9011,Childcare Workers,140.0,21.5,23520.0,23520,11.31,2.9,22990.0,BOS_M2015_dl.xlsx
2015,4100004,Eastern Oregon nonmetropolitan area,,OR,False,39-9011,Childcare Workers,100.0,33.7,24460.0,24460,11.76,4.5,21970.0,BOS_M2015_dl.xlsx
2015,4200001,Western Pennsylvania nonmetropolitan area,,PA,False,39-9011,Childcare Workers,580.0,16.1,20420.0,20420,9.82,3.3,18940.0,BOS_M2015_dl.xlsx
2015,4200002,Northern Pennsylvania nonmetropolitan area,,PA,False,39-9011,Childcare Workers,620.0,34.2,18570.0,18570,8.93,3.7,18190.0,BOS_M2015_dl.xlsx
2015,4200003,Southern Pennsylvania nonmetropolitan area,,PA,False,39-9011,Childcare Workers,530.0,25.4,18930.0,18930,9.1,6.0,17950.0,BOS_M2015_dl.xlsx
2015,4500001,Low Country South Carolina nonmetropolitan area,,SC,False,39-9011,Childcare Workers,80.0,48.4,17880.0,17880,8.6,4.8,18060.0,BOS_M2015_dl.xlsx
2015,4500002,Upper Savannah South Carolina nonmetropolitan area,,SC,False,39-9011,Childcare Workers,350.0,21.5,19480.0,19480,9.37,6.9,18270.0,BOS_M2015_dl.xlsx
2015,4500003,Pee Dee South Carolina nonmetropolitan area,,SC,False,39-9011,Childcare Workers,100.0,36.2,22120.0,22120,10.64,6.5,21820.0,BOS_M2015_dl.xlsx
2015,4500004,Lower Savannah South Carolina nonmetropolitan area,,SC,False,39-9011,Childcare Workers,120.0,41.7,18800.0,18800,9.04,5.1,18380.0,BOS_M2015_dl.xlsx
2015,4600002,East South Dakota nonmetropolitan area,,SD,False,39-9011,Childcare Workers,700.0,15.9,20750.0,20750,9.97,2.4,20050.0,BOS_M2015_dl.xlsx
2015,4600003,West South Dakota nonmetropolitan area,,SD,False,39-9011,Childcare Workers,360.0,8.7,19540.0,19540,9.39,1.4,18980.0,BOS_M2015_dl.xlsx
2015,4700001,West Tennessee nonmetropolitan area,,TN,False,39-9011,Childcare Workers,360.0,19.7,18450.0,18450,8.87,3.8,18030.0,BOS_M2015_dl.xlsx
2015,4700002,South Central Tennessee nonmetropolitan area,,TN,False,39-9011,Childcare Workers,250.0,33.9,17270.0,17270,8.31,3.4,17690.0,BOS_M2015_dl.xlsx
2015,4700003,North Central Tennessee nonmetropolitan area,,TN,False,39-9011,Childcare Workers,280.0,32.1,18470.0,18470,8.88,4.4,18340.0,BOS_M2015_dl.xlsx
2015,4700004,East Tennessee nonmetropolitan area,,TN,False,39-9011,Childcare Workers,430.0,19.6,18510.0,18510,8.9,2.5,17990.0,BOS_M2015_dl.xlsx
2015,4800001,West Texas Region of Texas nonmetropolitan area,,TX,False,39-9011,Childcare Workers,670.0,18.0,18540.0,18540,8.91,2.9,18100.0,BOS_M2015_dl.xlsx
2015,4800002,North Texas Region of Texas nonmetropolitan area,,TX,False,39-9011,Childcare Workers,1110.0,9.1,18270.0,18270,8.78,2.4,18130.0,BOS_M2015_dl.xlsx
2015,4800003,Big Thicket Region of Texas nonmetropolitan area,,TX,False,39-9011,Childcare Workers,540.0,18.1,20720.0,20720,9.96,3.9,20090.0,BOS_M2015_dl.xlsx
2015,4800004,Hill Country Region of Texas nonmetropolitan area,,TX,False,39-9011,Childcare Workers,770.0,9.1,19250.0,19250,9.26,4.4,18480.0,BOS_M2015_dl.xlsx
2015,4800005,Border Region of Texas nonmetropolitan area,,TX,False,39-9011,Childcare Workers,250.0,44.9,19740.0,19740,9.49,8.4,18290.0,BOS_M2015_dl.xlsx
2015,4800006,Coastal Plains Region of Texas nonmetropolitan area,,TX,False,39-9011,Childcare Workers,570.0,28.9,20510.0,20510,9.86,6.9,19080.0,BOS_M2015_dl.xlsx
2015,4900001,Wasatch Back nonmetropolitan area,,UT,False,39-9011,Childcare Workers,140.0,14.2,26160.0,26160,12.58,19.6,24790.0,BOS_M2015_dl.xlsx
2015,4900002,Central Utah nonmetropolitan area,,UT,False,39-9011,Childcare Workers,80.0,29.3,19640.0,19640,9.44,6.4,18230.0,BOS_M2015_dl.xlsx
2015,4900003,Southwest Utah nonmetropolitan area,,UT,False,39-9011,Childcare Workers,50.0,4.3,17540.0,17540,8.43,4.7,17690.0,BOS_M2015_dl.xlsx
2015,4900004,Eastern Utah nonmetropolitan area,,UT,False,39-9011,Childcare Workers,110.0,29.9,21600.0,21600,10.38,3.2,21300.0,BOS_M2015_dl.xlsx
2015,5100001,Southwest Virginia nonmetropolitan area,,VA,False,39-9011,Childcare Workers,130.0,28.3,22070.0,22070,10.61,6.6,19670.0,BOS_M2015_dl.xlsx
2015,5100002,Southside Virginia nonmetropolitan area,,VA,False,39-9011,Childcare Workers,190.0,32.8,18320.0,18320,8.81,2.7,18070.0,BOS_M2015_dl.xlsx
2015,5100003,Northeast Virginia nonmetropolitan area,,VA,False,39-9011,Childcare Workers,130.0,24.9,17550.0,17550,8.44,2.9,17720.0,BOS_M2015_dl.xlsx
2015,5100004,Northwest Virginia nonmetropolitan area,,VA,False,39-9011,Childcare Workers,180.0,23.2,18980.0,18980,9.12,2.4,18160.0,BOS_M2015_dl.xlsx
2015,5000001,Southern Vermont nonmetropolitan area,,VT,False,39-9011,Childcare Workers,320.0,21.6,25380.0,25380,12.2,5.4,23770.0,BOS_M2015_dl.xlsx
2015,5000002,Northern Vermont nonmetropolitan area,,VT,False,39-9011,Childcare Workers,140.0,30.3,27500.0,27500,13.22,6.0,27080.0,BOS_M2015_dl.xlsx
2015,5300001,Northwest Washington nonmetropolitan area,,WA,False,39-9011,Childcare Workers,110.0,24.6,26860.0,26860,12.91,8.1,25280.0,BOS_M2015_dl.xlsx
2015,5300002,Southwest Washington nonmetropolitan area,,WA,False,39-9011,Childcare Workers,350.0,28.9,23580.0,23580,11.34,2.9,22620.0,BOS_M2015_dl.xlsx
2015,5300004,East Washington nonmetropolitan area,,WA,False,39-9011,Childcare Workers,,,23960.0,23960,11.52,3.9,22970.0,BOS_M2015_dl.xlsx
2015,5500001,Northwestern Wisconsin nonmetropolitan area,,WI,False,39-9011,Childcare Workers,140.0,19.5,19930.0,19930,9.58,4.3,18800.0,BOS_M2015_dl.xlsx
2015,5500002,Northeastern Wisconsin nonmetropolitan area,,WI,False,39-9011,Childcare Workers,550.0,16.4,21700.0,21700,10.43,4.6,20860.0,BOS_M2015_dl.xlsx
2015,5500003,South Central Wisconsin nonmetropolitan area,,WI,False,39-9011,Childcare Workers,440.0,20.1,18600.0,18600,8.94,2.8,18260.0,BOS_M2015_dl.xlsx
2015,5500004,Western Wisconsin nonmetropolitan area,,WI,False,39-9011,Childcare Workers,240.0,32.6,21650.0,21650,10.41,6.3,21100.0,BOS_M2015_dl.xlsx
2015,5400001,Southern West Virginia nonmetropolitan area,,WV,False,39-9011,Childcare Workers,250.0,35.3,19830.0,19830,9.54,4.1,18710.0,BOS_M2015_dl.xlsx
2015,5400002,Northern West Virginia nonmetropolitan area,,WV,False,39-9011,Childcare Workers,250.0,38.7,19470.0,19470,9.36,3.2,18950.0,BOS_M2015_dl.xlsx
2015,5600001,Northwest Wyoming nonmetropolitan area,,WY,False,39-9011,Childcare Workers,180.0,26.0,21670.0,21670,10.42,6.9,21300.0,BOS_M2015_dl.xlsx
2015,5600002,Southwest Wyoming nonmetropolitan area,,WY,False,39-9011,Childcare Workers,200.0,19.5,26110.0,26110,12.55,3.8,25790.0,BOS_M2015_dl.xlsx
2015,5600003,Northeast Wyoming nonmetropolitan area,,WY,False,39-9011,Childcare Workers,280.0,26.7,22540.0,22540,10.84,3.9,21680.0,BOS_M2015_dl.xlsx
2015,5600004,Central-Southeast Wyoming nonmetropolitan area,,WY,False,39-9011,Childcare Workers,270.0,33.4,20670.0,20670,9.94,7.2,19030.0,BOS_M2015_dl.xlsx
2015,0011260,"Anchorage, AK",,AK,True,39-9011,Childcare Workers,1900.0,22.4,24970.0,24970,12.0,3.1,24230.0,MSA_M2015_dl.xlsx
2015,0021820,"Fairbanks, AK",,AK,True,39-9011,Childcare Workers,70.0,17.7,28320.0,28320,13.62,9.3,25900.0,MSA_M2015_dl.xlsx
2015,0011500,"Anniston-Oxford-Jacksonville, AL",,AL,True,39-9011,Childcare Workers,190.0,17.2,17850.0,17850,8.58,3.7,17950.0,MSA_M2015_dl.xlsx
2015,0012220,"Auburn-Opelika, AL",,AL,True,39-9011,Childcare Workers,470.0,7.9,18230.0,18230,8.77,3.1,18010.0,MSA_M2015_dl.xlsx
2015,0013820,"Birmingham-Hoover, AL",,AL,True,39-9011,Childcare Workers,2210.0,8.2,18830.0,18830,9.05,2.8,18410.0,MSA_M2015_dl.xlsx
2015,0019300,"Daphne-Fairhope-Foley, AL",,AL,True,39-9011,Childcare Workers,310.0,12.1,20260.0,20260,9.74,7.4,18870.0,MSA_M2015_dl.xlsx
2015,0019460,"Decatur, AL",,AL,True,39-9011,Childcare Workers,180.0,13.3,17550.0,17550,8.44,3.4,17720.0,MSA_M2015_dl.xlsx
2015,0020020,"Dothan, AL",,AL,True,39-9011,Childcare Workers,220.0,6.3,19250.0,19250,9.25,4.1,18190.0,MSA_M2015_dl.xlsx
2015,0022520,"Florence-Muscle Shoals, AL",,AL,True,39-9011,Childcare Workers,190.0,16.9,17550.0,17550,8.44,3.5,17720.0,MSA_M2015_dl.xlsx
2015,0023460,"Gadsden, AL",,AL,True,39-9011,Childcare Workers,220.0,7.7,17610.0,17610,8.46,2.5,17770.0,MSA_M2015_dl.xlsx
2015,0026620,"Huntsville, AL",,AL,True,39-9011,Childcare Workers,770.0,8.7,18550.0,18550,8.92,3.6,18420.0,MSA_M2015_dl.xlsx
2015,0033660,"Mobile, AL",,AL,True,39-9011,Childcare Workers,940.0,9.6,18560.0,18560,8.92,2.4,18220.0,MSA_M2015_dl.xlsx
2015,0033860,"Montgomery, AL",,AL,True,39-9011,Childcare Workers,670.0,10.0,18560.0,18560,8.92,2.5,18270.0,MSA_M2015_dl.xlsx
2015,0046220,"Tuscaloosa, AL",,AL,True,39-9011,Childcare Workers,320.0,11.2,19000.0,19000,9.14,5.0,18770.0,MSA_M2015_dl.xlsx
2015,0022220,"Fayetteville-Springdale-Rogers, AR-MO",,AR,True,39-9011,Childcare Workers,1710.0,10.0,18690.0,18690,8.99,2.3,18210.0,MSA_M2015_dl.xlsx
2015,0022900,"Fort Smith, AR-OK",,AR,True,39-9011,Childcare Workers,660.0,6.3,18010.0,18010,8.66,2.1,17840.0,MSA_M2015_dl.xlsx
2015,0026300,"Hot Springs, AR",,AR,True,39-9011,Childcare Workers,130.0,20.3,17930.0,17930,8.62,3.2,17850.0,MSA_M2015_dl.xlsx
2015,0027860,"Jonesboro, AR",,AR,True,39-9011,Childcare Workers,,,18850.0,18850,9.06,3.8,18350.0,MSA_M2015_dl.xlsx
2015,0030780,"Little Rock-North Little Rock-Conway, AR",,AR,True,39-9011,Childcare Workers,2680.0,6.8,19350.0,19350,9.3,2.2,18940.0,MSA_M2015_dl.xlsx
2015,0038220,"Pine Bluff, AR",,AR,True,39-9011,Childcare Workers,90.0,27.5,17630.0,17630,8.48,3.8,17660.0,MSA_M2015_dl.xlsx
2015,0022380,"Flagstaff, AZ",,AZ,True,39-9011,Childcare Workers,80.0,14.8,20970.0,20970,10.08,5.1,19140.0,MSA_M2015_dl.xlsx
2015,0029420,"Lake Havasu City-Kingman, AZ",,AZ,True,39-9011,Childcare Workers,100.0,32.3,19950.0,19950,9.59,2.7,19240.0,MSA_M2015_dl.xlsx
2015,0038060,"Phoenix-Mesa-Scottsdale, AZ",,AZ,True,39-9011,Childcare Workers,5320.0,9.8,21390.0,21390,10.28,2.0,20230.0,MSA_M2015_dl.xlsx
2015,0039140,"Prescott, AZ",,AZ,True,39-9011,Childcare Workers,120.0,39.7,21480.0,21480,10.32,3.3,20950.0,MSA_M2015_dl.xlsx
2015,0043420,"Sierra Vista-Douglas, AZ",,AZ,True,39-9011,Childcare Workers,120.0,11.6,20750.0,20750,9.97,7.8,19130.0,MSA_M2015_dl.xlsx
2015,0046060,"Tucson, AZ",,AZ,True,39-9011,Childcare Workers,710.0,22.7,21460.0,21460,10.32,3.0,19870.0,MSA_M2015_dl.xlsx
2015,0049740,"Yuma, AZ",,AZ,True,39-9011,Childcare Workers,210.0,43.1,20350.0,20350,9.78,3.1,19110.0,MSA_M2015_dl.xlsx
2015,0011244,"Anaheim-Santa Ana-Irvine, CA Metropolitan Division",,CA,True,39-9011,Childcare Workers,4290.0,11.1,27380.0,27380,13.16,2.7,25910.0,MSA_M2015_dl.xlsx
2015,0012540,"Bakersfield, CA",,CA,True,39-9011,Childcare Workers,1520.0,20.2,23080.0,23080,11.09,2.6,22170.0,MSA_M2015_dl.xlsx
2015,0017020,"Chico, CA",,CA,True,39-9011,Childcare Workers,680.0,26.2,23840.0,23840,11.46,3.1,22530.0,MSA_M2015_dl.xlsx
2015,0023420,"Fresno, CA",,CA,True,39-9011,Childcare Workers,2310.0,23.2,22500.0,22500,10.82,3.0,21030.0,MSA_M2015_dl.xlsx
2015,0025260,"Hanford-Corcoran, CA",,CA,True,39-9011,Childcare Workers,,,21620.0,21620,10.4,3.8,20400.0,MSA_M2015_dl.xlsx
2015,0031084,"Los Angeles-Long Beach-Glendale, CA Metropolitan Division",,CA,True,39-9011,Childcare Workers,14230.0,9.4,25080.0,25080,12.06,1.7,23600.0,MSA_M2015_dl.xlsx
2015,0031460,"Madera, CA",,CA,True,39-9011,Childcare Workers,,,24050.0,24050,11.56,2.3,23320.0,MSA_M2015_dl.xlsx
2015,0032900,"Merced, CA",,CA,True,39-9011,Childcare Workers,150.0,38.5,23530.0,23530,11.31,4.3,21990.0,MSA_M2015_dl.xlsx
2015,0033700,"Modesto, CA",,CA,True,39-9011,Childcare Workers,830.0,11.2,24870.0,24870,11.96,3.6,24070.0,MSA_M2015_dl.xlsx
2015,0034900,"Napa, CA",,CA,True,39-9011,Childcare Workers,160.0,42.2,24600.0,24600,11.83,3.2,24170.0,MSA_M2015_dl.xlsx
2015,0036084,"Oakland-Hayward-Berkeley, CA Metropolitan Division",,CA,True,39-9011,Childcare Workers,3690.0,10.9,26710.0,26710,12.84,2.9,25290.0,MSA_M2015_dl.xlsx
2015,0037100,"Oxnard-Thousand Oaks-Ventura, CA",,CA,True,39-9011,Childcare Workers,1760.0,25.1,25200.0,25200,12.12,2.0,24210.0,MSA_M2015_dl.xlsx
2015,0039820,"Redding, CA",,CA,True,39-9011,Childcare Workers,400.0,30.9,24940.0,24940,11.99,1.9,24380.0,MSA_M2015_dl.xlsx
2015,0040140,"Riverside-San Bernardino-Ontario, CA",,CA,True,39-9011,Childcare Workers,6340.0,9.3,26570.0,26570,12.77,6.9,23300.0,MSA_M2015_dl.xlsx
2015,0040900,"Sacramento--Roseville--Arden-Arcade, CA",,CA,True,39-9011,Childcare Workers,3080.0,17.8,25250.0,25250,12.14,2.7,23770.0,MSA_M2015_dl.xlsx
2015,0041500,"Salinas, CA",,CA,True,39-9011,Childcare Workers,430.0,22.6,26280.0,26280,12.64,5.8,25210.0,MSA_M2015_dl.xlsx
2015,0041740,"San Diego-Carlsbad, CA",,CA,True,39-9011,Childcare Workers,5620.0,10.0,25560.0,25560,12.29,2.6,24700.0,MSA_M2015_dl.xlsx
2015,0041884,"San Francisco-Redwood City-South San Francisco, CA Metropolitan Division",,CA,True,39-9011,Childcare Workers,3420.0,19.4,29390.0,29390,14.13,6.2,29090.0,MSA_M2015_dl.xlsx
2015,0041940,"San Jose-Sunnyvale-Santa Clara, CA",,CA,True,39-9011,Childcare Workers,2990.0,19.0,29320.0,29320,14.1,3.2,29440.0,MSA_M2015_dl.xlsx
2015,0042020,"San Luis Obispo-Paso Robles-Arroyo Grande, CA",,CA,True,39-9011,Childcare Workers,320.0,22.2,24830.0,24830,11.94,2.0,22730.0,MSA_M2015_dl.xlsx
2015,0042034,"San Rafael, CA Metropolitan Division",,CA,True,39-9011,Childcare Workers,640.0,32.0,36810.0,36810,17.7,9.7,36290.0,MSA_M2015_dl.xlsx
2015,0042100,"Santa Cruz-Watsonville, CA",,CA,True,39-9011,Childcare Workers,460.0,49.2,27860.0,27860,13.4,2.1,27010.0,MSA_M2015_dl.xlsx
2015,0042200,"Santa Maria-Santa Barbara, CA",,CA,True,39-9011,Childcare Workers,670.0,25.4,29000.0,29000,13.94,5.3,27190.0,MSA_M2015_dl.xlsx
2015,0042220,"Santa Rosa, CA",,CA,True,39-9011,Childcare Workers,710.0,24.1,29230.0,29230,14.05,5.4,28110.0,MSA_M2015_dl.xlsx
2015,0044700,"Stockton-Lodi, CA",,CA,True,39-9011,Childcare Workers,1160.0,17.5,27660.0,27660,13.3,3.3,27490.0,MSA_M2015_dl.xlsx
2015,0046700,"Vallejo-Fairfield, CA",,CA,True,39-9011,Childcare Workers,660.0,36.4,23870.0,23870,11.48,4.8,23130.0,MSA_M2015_dl.xlsx
2015,0047300,"Visalia-Porterville, CA",,CA,True,39-9011,Childcare Workers,390.0,24.3,25930.0,25930,12.47,4.3,23580.0,MSA_M2015_dl.xlsx
2015,0049700,"Yuba City, CA",,CA,True,39-9011,Childcare Workers,280.0,16.2,23640.0,23640,11.36,3.6,22110.0,MSA_M2015_dl.xlsx
2015,0014500,"Boulder, CO",,CO,True,39-9011,Childcare Workers,900.0,13.9,25950.0,25950,12.48,4.2,25570.0,MSA_M2015_dl.xlsx
2015,0017820,"Colorado Springs, CO",,CO,True,39-9011,Childcare Workers,370.0,46.7,23440.0,23440,11.27,2.2,23100.0,MSA_M2015_dl.xlsx
2015,0019740,"Denver-Aurora-Lakewood, CO",,CO,True,39-9011,Childcare Workers,4980.0,17.1,25730.0,25730,12.37,2.8,24970.0,MSA_M2015_dl.xlsx
2015,0022660,"Fort Collins, CO",,CO,True,39-9011,Childcare Workers,500.0,22.5,20900.0,20900,10.05,2.2,19490.0,MSA_M2015_dl.xlsx
2015,0024300,"Grand Junction, CO",,CO,True,39-9011,Childcare Workers,180.0,23.1,21080.0,21080,10.13,4.5,19890.0,MSA_M2015_dl.xlsx
2015,0024540,"Greeley, CO",,CO,True,39-9011,Childcare Workers,250.0,39.2,22460.0,22460,10.8,6.7,21420.0,MSA_M2015_dl.xlsx
2015,0039380,"Pueblo, CO",,CO,True,39-9011,Childcare Workers,180.0,14.5,21880.0,21880,10.52,4.8,19180.0,MSA_M2015_dl.xlsx
2015,0071950,"Bridgeport-Stamford-Norwalk, CT",,CT,True,39-9011,Childcare Workers,2060.0,17.0,24280.0,24280,11.67,3.2,22330.0,MSA_M2015_dl.xlsx
2015,0072850,"Danbury, CT",,CT,True,39-9011,Childcare Workers,470.0,28.4,23640.0,23640,11.37,5.1,22090.0,MSA_M2015_dl.xlsx
2015,0073450,"Hartford-West Hartford-East Hartford, CT",,CT,True,39-9011,Childcare Workers,2050.0,24.2,24330.0,24330,11.7,1.7,22630.0,MSA_M2015_dl.xlsx
2015,0075700,"New Haven, CT",,CT,True,39-9011,Childcare Workers,1410.0,12.8,25640.0,25640,12.33,3.8,23190.0,MSA_M2015_dl.xlsx
2015,0076450,"Norwich-New London-Westerly, CT-RI",,CT,True,39-9011,Childcare Workers,890.0,11.3,23170.0,23170,11.14,2.9,21110.0,MSA_M2015_dl.xlsx
2015,0078700,"Waterbury, CT",,CT,True,39-9011,Childcare Workers,510.0,21.1,22980.0,22980,11.05,4.7,21580.0,MSA_M2015_dl.xlsx
2015,0047894,"Washington-Arlington-Alexandria, DC-VA-MD-WV Metropolitan Division",,DC,True,39-9011,Childcare Workers,9870.0,11.8,25170.0,25170,12.1,3.6,22980.0,MSA_M2015_dl.xlsx
2015,0020100,"Dover, DE",,DE,True,39-9011,Childcare Workers,180.0,45.5,22680.0,22680,10.91,4.5,22390.0,MSA_M2015_dl.xlsx
2015,0048864,"Wilmington, DE-MD-NJ Metropolitan Division",,DE,True,39-9011,Childcare Workers,1280.0,17.5,21680.0,21680,10.42,1.6,20390.0,MSA_M2015_dl.xlsx
2015,0015980,"Cape Coral-Fort Myers, FL",,FL,True,39-9011,Childcare Workers,1450.0,21.8,22690.0,22690,10.91,2.6,21410.0,MSA_M2015_dl.xlsx
2015,0018880,"Crestview-Fort Walton Beach-Destin, FL",,FL,True,39-9011,Childcare Workers,430.0,9.8,20460.0,20460,9.84,3.1,19100.0,MSA_M2015_dl.xlsx
2015,0019660,"Deltona-Daytona Beach-Ormond Beach, FL",,FL,True,39-9011,Childcare Workers,930.0,12.8,20840.0,20840,10.02,1.6,19540.0,MSA_M2015_dl.xlsx
2015,0022744,"Fort Lauderdale-Pompano Beach-Deerfield Beach, FL Metropolitan Division",,FL,True,39-9011,Childcare Workers,3770.0,11.0,20570.0,20570,9.89,2.1,19320.0,MSA_M2015_dl.xlsx
2015,0023540,"Gainesville, FL",,FL,True,39-9011,Childcare Workers,290.0,22.8,21260.0,21260,10.22,2.8,20170.0,MSA_M2015_dl.xlsx
2015,0026140,"Homosassa Springs, FL",,FL,True,39-9011,Childcare Workers,190.0,10.3,19160.0,19160,9.21,4.9,18640.0,MSA_M2015_dl.xlsx
2015,0027260,"Jacksonville, FL",,FL,True,39-9011,Childcare Workers,2630.0,10.2,20710.0,20710,9.96,2.2,20020.0,MSA_M2015_dl.xlsx
2015,0029460,"Lakeland-Winter Haven, FL",,FL,True,39-9011,Childcare Workers,660.0,11.7,19290.0,19290,9.27,2.4,18680.0,MSA_M2015_dl.xlsx
2015,0033124,"Miami-Miami Beach-Kendall, FL Metropolitan Division",,FL,True,39-9011,Childcare Workers,6250.0,11.6,21410.0,21410,10.29,3.4,19380.0,MSA_M2015_dl.xlsx
2015,0034940,"Naples-Immokalee-Marco Island, FL",,FL,True,39-9011,Childcare Workers,490.0,19.1,23070.0,23070,11.09,3.5,22260.0,MSA_M2015_dl.xlsx
2015,0035840,"North Port-Sarasota-Bradenton, FL",,FL,True,39-9011,Childcare Workers,960.0,13.2,24140.0,24140,11.61,5.4,23260.0,MSA_M2015_dl.xlsx
2015,0036100,"Ocala, FL",,FL,True,39-9011,Childcare Workers,390.0,32.2,22450.0,22450,10.79,3.7,20410.0,MSA_M2015_dl.xlsx
2015,0036740,"Orlando-Kissimmee-Sanford, FL",,FL,True,39-9011,Childcare Workers,3870.0,9.7,20730.0,20730,9.96,1.8,19980.0,MSA_M2015_dl.xlsx
2015,0037340,"Palm Bay-Melbourne-Titusville, FL",,FL,True,39-9011,Childcare Workers,760.0,20.5,21620.0,21620,10.4,3.8,20990.0,MSA_M2015_dl.xlsx
2015,0037460,"Panama City, FL",,FL,True,39-9011,Childcare Workers,210.0,21.2,21480.0,21480,10.33,5.8,20540.0,MSA_M2015_dl.xlsx
2015,0037860,"Pensacola-Ferry Pass-Brent, FL",,FL,True,39-9011,Childcare Workers,780.0,14.0,19970.0,19970,9.6,2.5,18750.0,MSA_M2015_dl.xlsx
2015,0038940,"Port St. Lucie, FL",,FL,True,39-9011,Childcare Workers,580.0,23.1,21350.0,21350,10.26,2.7,20380.0,MSA_M2015_dl.xlsx
2015,0039460,"Punta Gorda, FL",,FL,True,39-9011,Childcare Workers,60.0,15.2,22520.0,22520,10.83,2.2,20460.0,MSA_M2015_dl.xlsx
2015,0042680,"Sebastian-Vero Beach, FL",,FL,True,39-9011,Childcare Workers,100.0,16.4,23620.0,23620,11.36,5.3,23270.0,MSA_M2015_dl.xlsx
2015,0042700,"Sebring, FL",,FL,True,39-9011,Childcare Workers,170.0,22.7,21370.0,21370,10.28,3.7,20620.0,MSA_M2015_dl.xlsx
2015,0045220,"Tallahassee, FL",,FL,True,39-9011,Childcare Workers,500.0,15.7,21000.0,21000,10.09,1.9,20150.0,MSA_M2015_dl.xlsx
2015,0045300,"Tampa-St. Petersburg-Clearwater, FL",,FL,True,39-9011,Childcare Workers,5740.0,6.7,20850.0,20850,10.03,1.7,19790.0,MSA_M2015_dl.xlsx
2015,0045540,"The Villages, FL",,FL,True,39-9011,Childcare Workers,110.0,25.7,21150.0,21150,10.17,5.9,21470.0,MSA_M2015_dl.xlsx
2015,0048424,"West Palm Beach-Boca Raton-Delray Beach, FL Metropolitan Division",,FL,True,39-9011,Childcare Workers,1510.0,11.8,22850.0,22850,10.98,2.7,22050.0,MSA_M2015_dl.xlsx
2015,0010500,"Albany, GA",,GA,True,39-9011,Childcare Workers,,,18830.0,18830,9.05,6.8,17990.0,MSA_M2015_dl.xlsx
2015,0012020,"Athens-Clarke County, GA",,GA,True,39-9011,Childcare Workers,560.0,7.9,19230.0,19230,9.24,3.0,18470.0,MSA_M2015_dl.xlsx
2015,0012060,"Atlanta-Sandy Springs-Roswell, GA",,GA,True,39-9011,Childcare Workers,15010.0,11.7,21360.0,21360,10.27,2.2,19670.0,MSA_M2015_dl.xlsx
2015,0012260,"Augusta-Richmond County, GA-SC",,GA,True,39-9011,Childcare Workers,670.0,20.2,18550.0,18550,8.92,2.0,18300.0,MSA_M2015_dl.xlsx
2015,0015260,"Brunswick, GA",,GA,True,39-9011,Childcare Workers,,,19260.0,19260,9.26,7.1,18050.0,MSA_M2015_dl.xlsx
2015,0017980,"Columbus, GA-AL",,GA,True,39-9011,Childcare Workers,930.0,7.0,18490.0,18490,8.89,2.0,18030.0,MSA_M2015_dl.xlsx
2015,0019140,"Dalton, GA",,GA,True,39-9011,Childcare Workers,140.0,21.9,21980.0,21980,10.57,5.1,21030.0,MSA_M2015_dl.xlsx
2015,0023580,"Gainesville, GA",,GA,True,39-9011,Childcare Workers,260.0,41.4,20960.0,20960,10.08,5.7,20040.0,MSA_M2015_dl.xlsx
2015,0025980,"Hinesville, GA",,GA,True,39-9011,Childcare Workers,150.0,44.0,17770.0,17770,8.55,4.2,17830.0,MSA_M2015_dl.xlsx
2015,0031420,"Macon, GA",,GA,True,39-9011,Childcare Workers,320.0,29.8,17840.0,17840,8.58,3.9,17960.0,MSA_M2015_dl.xlsx
2015,0040660,"Rome, GA",,GA,True,39-9011,Childcare Workers,100.0,17.9,,*,,,,MSA_M2015_dl.xlsx
2015,0042340,"Savannah, GA",,GA,True,39-9011,Childcare Workers,840.0,17.4,18290.0,18290,8.79,2.7,18070.0,MSA_M2015_dl.xlsx
2015,0046660,"Valdosta, GA",,GA,True,39-9011,Childcare Workers,,,18150.0,18150,8.73,4.6,17990.0,MSA_M2015_dl.xlsx
2015,0047580,"Warner Robins, GA",,GA,True,39-9011,Childcare Workers,620.0,8.7,18220.0,18220,8.76,3.5,17940.0,MSA_M2015_dl.xlsx
2015,0027980,"Kahului-Wailuku-Lahaina, HI",,HI,True,39-9011,Childcare Workers,,,24090.0,24090,11.58,4.0,22670.0,MSA_M2015_dl.xlsx
2015,0046520,"Urban Honolulu, HI",,HI,True,39-9011,Childcare Workers,1850.0,11.8,19980.0,19980,9.6,5.2,18680.0,MSA_M2015_dl.xlsx
2015,0011180,"Ames, IA",,IA,True,39-9011,Childcare Workers,410.0,13.6,19410.0,19410,9.33,4.3,18950.0,MSA_M2015_dl.xlsx
2015,0016300,"Cedar Rapids, IA",,IA,True,39-9011,Childcare Workers,490.0,17.8,21090.0,21090,10.14,2.9,20190.0,MSA_M2015_dl.xlsx
2015,0019340,"Davenport-Moline-Rock Island, IA-IL",,IA,True,39-9011,Childcare Workers,720.0,19.3,19830.0,19830,9.53,2.6,19080.0,MSA_M2015_dl.xlsx
2015,0019780,"Des Moines-West Des Moines, IA",,IA,True,39-9011,Childcare Workers,1380.0,14.0,20370.0,20370,9.79,2.6,20210.0,MSA_M2015_dl.xlsx
2015,0020220,"Dubuque, IA",,IA,True,39-9011,Childcare Workers,460.0,18.0,18060.0,18060,8.68,3.0,17900.0,MSA_M2015_dl.xlsx
2015,0026980,"Iowa City, IA",,IA,True,39-9011,Childcare Workers,770.0,23.9,20450.0,20450,9.83,4.5,20510.0,MSA_M2015_dl.xlsx
2015,0043580,"Sioux City, IA-NE-SD",,IA,True,39-9011,Childcare Workers,300.0,21.6,19030.0,19030,9.15,3.8,18660.0,MSA_M2015_dl.xlsx
2015,0047940,"Waterloo-Cedar Falls, IA",,IA,True,39-9011,Childcare Workers,490.0,28.3,17480.0,17480,8.4,2.6,17730.0,MSA_M2015_dl.xlsx
2015,0014260,"Boise City, ID",,ID,True,39-9011,Childcare Workers,990.0,23.0,17850.0,17850,8.58,2.6,18030.0,MSA_M2015_dl.xlsx
2015,0017660,"Coeur d'Alene, ID",,ID,True,39-9011,Childcare Workers,100.0,16.2,18430.0,18430,8.86,6.0,17960.0,MSA_M2015_dl.xlsx
2015,0026820,"Idaho Falls, ID",,ID,True,39-9011,Childcare Workers,210.0,41.1,19030.0,19030,9.15,3.8,18740.0,MSA_M2015_dl.xlsx
2015,0030300,"Lewiston, ID-WA",,ID,True,39-9011,Childcare Workers,90.0,26.7,21370.0,21370,10.27,3.2,21370.0,MSA_M2015_dl.xlsx
2015,0038540,"Pocatello, ID",,ID,True,39-9011,Childcare Workers,200.0,8.3,18570.0,18570,8.93,6.6,18020.0,MSA_M2015_dl.xlsx
2015,0014010,"Bloomington, IL",,IL,True,39-9011,Childcare Workers,420.0,12.5,20640.0,20640,9.92,1.9,19750.0,MSA_M2015_dl.xlsx
2015,0016060,"Carbondale-Marion, IL",,IL,True,39-9011,Childcare Workers,,,34150.0,34150,16.42,17.4,22700.0,MSA_M2015_dl.xlsx
2015,0016580,"Champaign-Urbana, IL",,IL,True,39-9011,Childcare Workers,500.0,18.6,21950.0,21950,10.55,2.6,20830.0,MSA_M2015_dl.xlsx
2015,0016974,"Chicago-Naperville-Arlington Heights, IL Metropolitan Division",,IL,True,39-9011,Childcare Workers,9230.0,14.2,24100.0,24100,11.59,2.0,22720.0,MSA_M2015_dl.xlsx
2015,0019500,"Decatur, IL",,IL,True,39-9011,Childcare Workers,180.0,21.9,21940.0,21940,10.55,5.3,20910.0,MSA_M2015_dl.xlsx
2015,0020994,"Elgin, IL Metropolitan Division",,IL,True,39-9011,Childcare Workers,490.0,39.9,22620.0,22620,10.87,2.8,22090.0,MSA_M2015_dl.xlsx
2015,0028100,"Kankakee, IL",,IL,True,39-9011,Childcare Workers,210.0,44.0,22840.0,22840,10.98,2.9,21720.0,MSA_M2015_dl.xlsx
2015,0029404,"Lake County-Kenosha County, IL-WI Metropolitan Division",,IL,True,39-9011,Childcare Workers,1470.0,16.7,22760.0,22760,10.94,2.4,21940.0,MSA_M2015_dl.xlsx
2015,0037900,"Peoria, IL",,IL,True,39-9011,Childcare Workers,610.0,25.5,21910.0,21910,10.54,2.3,20000.0,MSA_M2015_dl.xlsx
2015,0040420,"Rockford, IL",,IL,True,39-9011,Childcare Workers,390.0,34.3,20390.0,20390,9.8,3.7,19250.0,MSA_M2015_dl.xlsx
2015,0044100,"Springfield, IL",,IL,True,39-9011,Childcare Workers,230.0,41.1,21740.0,21740,10.45,3.0,20280.0,MSA_M2015_dl.xlsx
2015,0014020,"Bloomington, IN",,IN,True,39-9011,Childcare Workers,230.0,19.1,18520.0,18520,8.9,3.6,18260.0,MSA_M2015_dl.xlsx
2015,0018020,"Columbus, IN",,IN,True,39-9011,Childcare Workers,100.0,3.8,28310.0,28310,13.61,23.3,23010.0,MSA_M2015_dl.xlsx
2015,0021140,"Elkhart-Goshen, IN",,IN,True,39-9011,Childcare Workers,,,19930.0,19930,9.58,7.6,18630.0,MSA_M2015_dl.xlsx
2015,0021780,"Evansville, IN-KY",,IN,True,39-9011,Childcare Workers,820.0,9.0,18920.0,18920,9.1,2.5,18650.0,MSA_M2015_dl.xlsx
2015,0023060,"Fort Wayne, IN",,IN,True,39-9011,Childcare Workers,430.0,23.7,21320.0,21320,10.25,8.2,19620.0,MSA_M2015_dl.xlsx
2015,0023844,"Gary, IN Metropolitan Division",,IN,True,39-9011,Childcare Workers,1200.0,18.6,19950.0,19950,9.59,5.2,18930.0,MSA_M2015_dl.xlsx
2015,0026900,"Indianapolis-Carmel-Anderson, IN",,IN,True,39-9011,Childcare Workers,4410.0,11.6,20690.0,20690,9.95,2.2,20720.0,MSA_M2015_dl.xlsx
2015,0029020,"Kokomo, IN",,IN,True,39-9011,Childcare Workers,100.0,15.1,20230.0,20230,9.72,6.1,20830.0,MSA_M2015_dl.xlsx
2015,0029200,"Lafayette-West Lafayette, IN",,IN,True,39-9011,Childcare Workers,370.0,23.9,20360.0,20360,9.79,5.2,19190.0,MSA_M2015_dl.xlsx
2015,0033140,"Michigan City-La Porte, IN",,IN,True,39-9011,Childcare Workers,170.0,17.5,19650.0,19650,9.45,4.2,18450.0,MSA_M2015_dl.xlsx
2015,0034620,"Muncie, IN",,IN,True,39-9011,Childcare Workers,430.0,8.9,19370.0,19370,9.31,2.6,18890.0,MSA_M2015_dl.xlsx
2015,0043780,"South Bend-Mishawaka, IN-MI",,IN,True,39-9011,Childcare Workers,480.0,30.6,19330.0,19330,9.3,4.8,19230.0,MSA_M2015_dl.xlsx
2015,0045460,"Terre Haute, IN",,IN,True,39-9011,Childcare Workers,,,17120.0,17120,8.23,5.1,17460.0,MSA_M2015_dl.xlsx
2015,0029940,"Lawrence, KS",,KS,True,39-9011,Childcare Workers,410.0,17.0,19200.0,19200,9.23,3.9,18970.0,MSA_M2015_dl.xlsx
2015,0031740,"Manhattan, KS",,KS,True,39-9011,Childcare Workers,70.0,10.1,20260.0,20260,9.74,7.5,18760.0,MSA_M2015_dl.xlsx
2015,0045820,"Topeka, KS",,KS,True,39-9011,Childcare Workers,340.0,45.8,19730.0,19730,9.49,3.5,18840.0,MSA_M2015_dl.xlsx
2015,0048620,"Wichita, KS",,KS,True,39-9011,Childcare Workers,,,20440.0,20440,9.83,3.5,20110.0,MSA_M2015_dl.xlsx
2015,0014540,"Bowling Green, KY",,KY,True,39-9011,Childcare Workers,420.0,12.6,19010.0,19010,9.14,2.9,18750.0,MSA_M2015_dl.xlsx
2015,0021060,"Elizabethtown-Fort Knox, KY",,KY,True,39-9011,Childcare Workers,400.0,4.5,18390.0,18390,8.84,2.9,18250.0,MSA_M2015_dl.xlsx
2015,0030460,"Lexington-Fayette, KY",,KY,True,39-9011,Childcare Workers,1920.0,12.8,20390.0,20390,9.8,2.1,19190.0,MSA_M2015_dl.xlsx
2015,0031140,"Louisville/Jefferson County, KY-IN",,KY,True,39-9011,Childcare Workers,4150.0,4.8,21280.0,21280,10.23,4.0,18930.0,MSA_M2015_dl.xlsx
2015,0036980,"Owensboro, KY",,KY,True,39-9011,Childcare Workers,410.0,7.4,19810.0,19810,9.52,2.6,19170.0,MSA_M2015_dl.xlsx
2015,0010780,"Alexandria, LA",,LA,True,39-9011,Childcare Workers,260.0,34.2,17380.0,17380,8.36,3.4,17730.0,MSA_M2015_dl.xlsx
2015,0012940,"Baton Rouge, LA",,LA,True,39-9011,Childcare Workers,2040.0,3.7,18490.0,18490,8.89,2.3,18250.0,MSA_M2015_dl.xlsx
2015,0025220,"Hammond, LA",,LA,True,39-9011,Childcare Workers,370.0,23.8,18730.0,18730,9.01,4.6,18790.0,MSA_M2015_dl.xlsx
2015,0026380,"Houma-Thibodaux, LA",,LA,True,39-9011,Childcare Workers,230.0,11.1,18570.0,18570,8.93,4.6,18030.0,MSA_M2015_dl.xlsx
2015,0029180,"Lafayette, LA",,LA,True,39-9011,Childcare Workers,1320.0,5.4,19960.0,19960,9.59,5.0,18700.0,MSA_M2015_dl.xlsx
2015,0029340,"Lake Charles, LA",,LA,True,39-9011,Childcare Workers,280.0,9.7,17570.0,17570,8.45,4.0,17780.0,MSA_M2015_dl.xlsx
2015,0033740,"Monroe, LA",,LA,True,39-9011,Childcare Workers,340.0,34.7,18300.0,18300,8.8,3.9,18140.0,MSA_M2015_dl.xlsx
2015,0035380,"New Orleans-Metairie, LA",,LA,True,39-9011,Childcare Workers,1680.0,10.7,20220.0,20220,9.72,3.4,19500.0,MSA_M2015_dl.xlsx
2015,0043340,"Shreveport-Bossier City, LA",,LA,True,39-9011,Childcare Workers,940.0,19.7,17630.0,17630,8.48,3.1,17720.0,MSA_M2015_dl.xlsx
2015,0070900,"Barnstable Town, MA",,MA,True,39-9011,Childcare Workers,310.0,27.7,25130.0,25130,12.08,4.6,21770.0,MSA_M2015_dl.xlsx
2015,0071654,"Boston-Cambridge-Newton, MA NECTA Division",,MA,True,39-9011,Childcare Workers,5810.0,10.6,27240.0,27240,13.1,2.3,26110.0,MSA_M2015_dl.xlsx
2015,0072104,"Brockton-Bridgewater-Easton, MA NECTA Division",,MA,True,39-9011,Childcare Workers,420.0,22.0,23260.0,23260,11.18,1.9,21980.0,MSA_M2015_dl.xlsx
2015,0073104,"Framingham, MA NECTA Division",,MA,True,39-9011,Childcare Workers,710.0,16.7,29990.0,29990,14.42,2.5,29470.0,MSA_M2015_dl.xlsx
2015,0073604,"Haverhill-Newburyport-Amesbury Town, MA-NH NECTA Division",,MA,True,39-9011,Childcare Workers,230.0,19.7,21290.0,21290,10.23,4.3,20720.0,MSA_M2015_dl.xlsx
2015,0074204,"Lawrence-Methuen Town-Salem, MA-NH NECTA Division",,MA,True,39-9011,Childcare Workers,440.0,20.7,24390.0,24390,11.73,3.1,23980.0,MSA_M2015_dl.xlsx
2015,0074500,"Leominster-Gardner, MA",,MA,True,39-9011,Childcare Workers,290.0,40.8,25890.0,25890,12.45,2.7,26340.0,MSA_M2015_dl.xlsx
2015,0074804,"Lowell-Billerica-Chelmsford, MA-NH NECTA Division",,MA,True,39-9011,Childcare Workers,450.0,26.1,22330.0,22330,10.74,2.7,21420.0,MSA_M2015_dl.xlsx
2015,0074854,"Lynn-Saugus-Marblehead, MA NECTA Division",,MA,True,39-9011,Childcare Workers,370.0,24.9,26190.0,26190,12.59,4.3,26340.0,MSA_M2015_dl.xlsx
2015,0075550,"New Bedford, MA",,MA,True,39-9011,Childcare Workers,150.0,20.2,21300.0,21300,10.24,2.2,19860.0,MSA_M2015_dl.xlsx
2015,0076524,"Peabody-Salem-Beverly, MA NECTA Division",,MA,True,39-9011,Childcare Workers,480.0,18.9,26320.0,26320,12.65,2.6,24700.0,MSA_M2015_dl.xlsx
2015,0076600,"Pittsfield, MA",,MA,True,39-9011,Childcare Workers,120.0,48.2,23120.0,23120,11.11,2.4,22380.0,MSA_M2015_dl.xlsx
2015,0078100,"Springfield, MA-CT",,MA,True,39-9011,Childcare Workers,870.0,18.1,25480.0,25480,12.25,2.7,24190.0,MSA_M2015_dl.xlsx
2015,0078254,"Taunton-Middleborough-Norton, MA NECTA Division",,MA,True,39-9011,Childcare Workers,290.0,23.8,27750.0,27750,13.34,5.0,27480.0,MSA_M2015_dl.xlsx
2015,0079600,"Worcester, MA-CT",,MA,True,39-9011,Childcare Workers,850.0,13.3,25530.0,25530,12.28,4.2,23210.0,MSA_M2015_dl.xlsx
2015,0012580,"Baltimore-Columbia-Towson, MD",,MD,True,39-9011,Childcare Workers,4530.0,13.4,22960.0,22960,11.04,2.4,21070.0,MSA_M2015_dl.xlsx
2015,0015680,"California-Lexington Park, MD",,MD,True,39-9011,Childcare Workers,30.0,43.9,22780.0,22780,10.95,9.3,22920.0,MSA_M2015_dl.xlsx
2015,0019060,"Cumberland, MD-WV",,MD,True,39-9011,Childcare Workers,280.0,41.4,24280.0,24280,11.67,7.4,20490.0,MSA_M2015_dl.xlsx
2015,0025180,"Hagerstown-Martinsburg, MD-WV",,MD,True,39-9011,Childcare Workers,550.0,17.3,21530.0,21530,10.35,3.0,19360.0,MSA_M2015_dl.xlsx
2015,0041540,"Salisbury, MD-DE",,MD,True,39-9011,Childcare Workers,420.0,29.2,20580.0,20580,9.89,2.7,19070.0,MSA_M2015_dl.xlsx
2015,0043524,"Silver Spring-Frederick-Rockville, MD Metropolitan Division",,MD,True,39-9011,Childcare Workers,2080.0,21.6,29020.0,29020,13.95,4.3,26730.0,MSA_M2015_dl.xlsx
2015,0070750,"Bangor, ME",,ME,True,39-9011,Childcare Workers,320.0,18.5,21180.0,21180,10.18,5.9,19070.0,MSA_M2015_dl.xlsx
2015,0074650,"Lewiston-Auburn, ME",,ME,True,39-9011,Childcare Workers,260.0,27.8,19920.0,19920,9.58,5.7,19580.0,MSA_M2015_dl.xlsx
2015,0076750,"Portland-South Portland, ME",,ME,True,39-9011,Childcare Workers,940.0,16.1,23770.0,23770,11.43,3.6,23210.0,MSA_M2015_dl.xlsx
2015,0011460,"Ann Arbor, MI",,MI,True,39-9011,Childcare Workers,550.0,29.8,22400.0,22400,10.77,2.8,21190.0,MSA_M2015_dl.xlsx
2015,0012980,"Battle Creek, MI",,MI,True,39-9011,Childcare Workers,360.0,25.4,19770.0,19770,9.51,2.5,18860.0,MSA_M2015_dl.xlsx
2015,0013020,"Bay City, MI",,MI,True,39-9011,Childcare Workers,130.0,31.7,19030.0,19030,9.15,3.8,18530.0,MSA_M2015_dl.xlsx
2015,0019804,"Detroit-Dearborn-Livonia, MI Metropolitan Division",,MI,True,39-9011,Childcare Workers,3420.0,12.4,23470.0,23470,11.28,6.0,20200.0,MSA_M2015_dl.xlsx
2015,0022420,"Flint, MI",,MI,True,39-9011,Childcare Workers,910.0,8.6,20440.0,20440,9.83,1.8,19290.0,MSA_M2015_dl.xlsx
2015,0024340,"Grand Rapids-Wyoming, MI",,MI,True,39-9011,Childcare Workers,1640.0,16.2,26680.0,26680,12.83,5.8,22420.0,MSA_M2015_dl.xlsx
2015,0027100,"Jackson, MI",,MI,True,39-9011,Childcare Workers,120.0,24.7,20050.0,20050,9.64,3.4,18850.0,MSA_M2015_dl.xlsx
2015,0028020,"Kalamazoo-Portage, MI",,MI,True,39-9011,Childcare Workers,850.0,12.1,19380.0,19380,9.32,2.9,18650.0,MSA_M2015_dl.xlsx
2015,0029620,"Lansing-East Lansing, MI",,MI,True,39-9011,Childcare Workers,660.0,14.8,21760.0,21760,10.46,3.3,19140.0,MSA_M2015_dl.xlsx
2015,0033220,"Midland, MI",,MI,True,39-9011,Childcare Workers,310.0,17.5,20370.0,20370,9.79,3.8,19170.0,MSA_M2015_dl.xlsx
2015,0033780,"Monroe, MI",,MI,True,39-9011,Childcare Workers,190.0,16.8,21040.0,21040,10.12,2.6,19450.0,MSA_M2015_dl.xlsx
2015,0034740,"Muskegon, MI",,MI,True,39-9011,Childcare Workers,270.0,30.6,21630.0,21630,10.4,2.9,21460.0,MSA_M2015_dl.xlsx
2015,0035660,"Niles-Benton Harbor, MI",,MI,True,39-9011,Childcare Workers,160.0,16.6,22030.0,22030,10.59,3.1,20670.0,MSA_M2015_dl.xlsx
2015,0040980,"Saginaw, MI",,MI,True,39-9011,Childcare Workers,,,20190.0,20190,9.71,1.9,19040.0,MSA_M2015_dl.xlsx
2015,0047664,"Warren-Troy-Farmington Hills, MI Metropolitan Division",,MI,True,39-9011,Childcare Workers,4220.0,11.1,22030.0,22030,10.59,2.2,19910.0,MSA_M2015_dl.xlsx
2015,0020260,"Duluth, MN-WI",,MN,True,39-9011,Childcare Workers,500.0,19.1,21860.0,21860,10.51,3.8,21090.0,MSA_M2015_dl.xlsx
2015,0031860,"Mankato-North Mankato, MN",,MN,True,39-9011,Childcare Workers,230.0,15.0,21150.0,21150,10.17,6.2,18690.0,MSA_M2015_dl.xlsx
2015,0033460,"Minneapolis-St. Paul-Bloomington, MN-WI",,MN,True,39-9011,Childcare Workers,6960.0,9.7,24130.0,24130,11.6,2.1,23510.0,MSA_M2015_dl.xlsx
2015,0040340,"Rochester, MN",,MN,True,39-9011,Childcare Workers,490.0,17.7,21990.0,21990,10.57,3.6,20990.0,MSA_M2015_dl.xlsx
2015,0041060,"St. Cloud, MN",,MN,True,39-9011,Childcare Workers,280.0,27.0,20930.0,20930,10.06,5.5,19350.0,MSA_M2015_dl.xlsx
2015,0016020,"Cape Girardeau, MO-IL",,MO,True,39-9011,Childcare Workers,250.0,29.3,19440.0,19440,9.35,3.0,18450.0,MSA_M2015_dl.xlsx
2015,0017860,"Columbia, MO",,MO,True,39-9011,Childcare Workers,450.0,11.1,20240.0,20240,9.73,4.4,18620.0,MSA_M2015_dl.xlsx
2015,0027620,"Jefferson City, MO",,MO,True,39-9011,Childcare Workers,620.0,19.1,20860.0,20860,10.03,3.7,18980.0,MSA_M2015_dl.xlsx
2015,0027900,"Joplin, MO",,MO,True,39-9011,Childcare Workers,390.0,26.7,18500.0,18500,8.89,2.6,18070.0,MSA_M2015_dl.xlsx
2015,0028140,"Kansas City, MO-KS",,MO,True,39-9011,Childcare Workers,4930.0,8.8,20100.0,20100,9.66,2.5,18930.0,MSA_M2015_dl.xlsx
2015,0041140,"St. Joseph, MO-KS",,MO,True,39-9011,Childcare Workers,110.0,4.9,18730.0,18730,9.0,4.2,18270.0,MSA_M2015_dl.xlsx
2015,0041180,"St. Louis, MO-IL",,MO,True,39-9011,Childcare Workers,6310.0,8.7,21400.0,21400,10.29,2.0,19750.0,MSA_M2015_dl.xlsx
2015,0044180,"Springfield, MO",,MO,True,39-9011,Childcare Workers,970.0,21.1,19230.0,19230,9.25,2.4,18330.0,MSA_M2015_dl.xlsx
2015,0025060,"Gulfport-Biloxi-Pascagoula, MS",,MS,True,39-9011,Childcare Workers,570.0,30.4,18350.0,18350,8.82,3.3,18350.0,MSA_M2015_dl.xlsx
2015,0025620,"Hattiesburg, MS",,MS,True,39-9011,Childcare Workers,420.0,15.6,17990.0,17990,8.65,2.6,17950.0,MSA_M2015_dl.xlsx
2015,0027140,"Jackson, MS",,MS,True,39-9011,Childcare Workers,2230.0,10.9,18760.0,18760,9.02,2.1,18330.0,MSA_M2015_dl.xlsx
2015,0013740,"Billings, MT",,MT,True,39-9011,Childcare Workers,670.0,9.4,20960.0,20960,10.08,3.3,19610.0,MSA_M2015_dl.xlsx
2015,0024500,"Great Falls, MT",,MT,True,39-9011,Childcare Workers,330.0,26.3,20670.0,20670,9.94,3.2,20380.0,MSA_M2015_dl.xlsx
2015,0033540,"Missoula, MT",,MT,True,39-9011,Childcare Workers,480.0,28.4,19540.0,19540,9.39,4.2,18440.0,MSA_M2015_dl.xlsx
2015,0011700,"Asheville, NC",,NC,True,39-9011,Childcare Workers,930.0,20.2,24120.0,24120,11.6,4.6,23290.0,MSA_M2015_dl.xlsx
2015,0015500,"Burlington, NC",,NC,True,39-9011,Childcare Workers,230.0,29.9,18240.0,18240,8.77,4.2,17880.0,MSA_M2015_dl.xlsx
2015,0016740,"Charlotte-Concord-Gastonia, NC-SC",,NC,True,39-9011,Childcare Workers,6990.0,8.1,22260.0,22260,10.7,2.2,21550.0,MSA_M2015_dl.xlsx
2015,0020500,"Durham-Chapel Hill, NC",,NC,True,39-9011,Childcare Workers,1360.0,20.0,22430.0,22430,10.78,5.0,21770.0,MSA_M2015_dl.xlsx
2015,0022180,"Fayetteville, NC",,NC,True,39-9011,Childcare Workers,880.0,15.9,19130.0,19130,9.2,2.2,18370.0,MSA_M2015_dl.xlsx
2015,0024140,"Goldsboro, NC",,NC,True,39-9011,Childcare Workers,280.0,9.9,18940.0,18940,9.11,6.8,18290.0,MSA_M2015_dl.xlsx
2015,0024660,"Greensboro-High Point, NC",,NC,True,39-9011,Childcare Workers,2000.0,6.6,19080.0,19080,9.17,2.0,18510.0,MSA_M2015_dl.xlsx
2015,0024780,"Greenville, NC",,NC,True,39-9011,Childcare Workers,400.0,17.1,20110.0,20110,9.67,7.9,19410.0,MSA_M2015_dl.xlsx
2015,0025860,"Hickory-Lenoir-Morganton, NC",,NC,True,39-9011,Childcare Workers,700.0,13.3,20110.0,20110,9.67,3.8,18890.0,MSA_M2015_dl.xlsx
2015,0027340,"Jacksonville, NC",,NC,True,39-9011,Childcare Workers,530.0,46.6,19230.0,19230,9.24,3.5,18580.0,MSA_M2015_dl.xlsx
2015,0035100,"New Bern, NC",,NC,True,39-9011,Childcare Workers,270.0,7.9,18350.0,18350,8.82,3.6,18370.0,MSA_M2015_dl.xlsx
2015,0039580,"Raleigh, NC",,NC,True,39-9011,Childcare Workers,3280.0,34.8,20720.0,20720,9.96,3.5,19730.0,MSA_M2015_dl.xlsx
2015,0040580,"Rocky Mount, NC",,NC,True,39-9011,Childcare Workers,400.0,47.5,17920.0,17920,8.62,3.7,17760.0,MSA_M2015_dl.xlsx
2015,0048900,"Wilmington, NC",,NC,True,39-9011,Childcare Workers,690.0,9.8,20630.0,20630,9.92,2.5,20270.0,MSA_M2015_dl.xlsx
2015,0049180,"Winston-Salem, NC",,NC,True,39-9011,Childcare Workers,1510.0,19.7,21350.0,21350,10.26,10.1,18620.0,MSA_M2015_dl.xlsx
2015,0013900,"Bismarck, ND",,ND,True,39-9011,Childcare Workers,560.0,21.5,21480.0,21480,10.33,6.1,20610.0,MSA_M2015_dl.xlsx
2015,0022020,"Fargo, ND-MN",,ND,True,39-9011,Childcare Workers,1350.0,13.8,19590.0,19590,9.42,2.4,18550.0,MSA_M2015_dl.xlsx
2015,0024220,"Grand Forks, ND-MN",,ND,True,39-9011,Childcare Workers,270.0,8.5,19460.0,19460,9.35,4.2,18950.0,MSA_M2015_dl.xlsx
2015,0024260,"Grand Island, NE",,NE,True,39-9011,Childcare Workers,190.0,12.8,18360.0,18360,8.82,3.1,18220.0,MSA_M2015_dl.xlsx
2015,0030700,"Lincoln, NE",,NE,True,39-9011,Childcare Workers,1000.0,16.7,20930.0,20930,10.06,2.2,20380.0,MSA_M2015_dl.xlsx
2015,0036540,"Omaha-Council Bluffs, NE-IA",,NE,True,39-9011,Childcare Workers,3760.0,10.9,21160.0,21160,10.18,1.7,20700.0,MSA_M2015_dl.xlsx
2015,0073050,"Dover-Durham, NH-ME",,NH,True,39-9011,Childcare Workers,270.0,11.5,20830.0,20830,10.01,2.5,21340.0,MSA_M2015_dl.xlsx
2015,0074950,"Manchester, NH",,NH,True,39-9011,Childcare Workers,640.0,18.9,24230.0,24230,11.65,5.4,25060.0,MSA_M2015_dl.xlsx
2015,0075404,"Nashua, NH-MA NECTA Division",,NH,True,39-9011,Childcare Workers,460.0,25.5,22250.0,22250,10.7,2.3,22120.0,MSA_M2015_dl.xlsx
2015,0076900,"Portsmouth, NH-ME",,NH,True,39-9011,Childcare Workers,230.0,24.0,23560.0,23560,11.33,3.3,23360.0,MSA_M2015_dl.xlsx
2015,0012100,"Atlantic City-Hammonton, NJ",,NJ,True,39-9011,Childcare Workers,240.0,23.4,25000.0,25000,12.02,5.8,23190.0,MSA_M2015_dl.xlsx
2015,0015804,"Camden, NJ Metropolitan Division",,NJ,True,39-9011,Childcare Workers,3010.0,11.9,24040.0,24040,11.56,2.8,23000.0,MSA_M2015_dl.xlsx
2015,0035084,"Newark, NJ-PA Metropolitan Division",,NJ,True,39-9011,Childcare Workers,5340.0,12.7,23890.0,23890,11.49,2.1,21280.0,MSA_M2015_dl.xlsx
2015,0036140,"Ocean City, NJ",,NJ,True,39-9011,Childcare Workers,60.0,22.1,25020.0,25020,12.03,3.6,23840.0,MSA_M2015_dl.xlsx
2015,0045940,"Trenton, NJ",,NJ,True,39-9011,Childcare Workers,1220.0,25.4,25540.0,25540,12.28,10.1,20360.0,MSA_M2015_dl.xlsx
2015,0047220,"Vineland-Bridgeton, NJ",,NJ,True,39-9011,Childcare Workers,390.0,19.0,23330.0,23330,11.21,2.8,21950.0,MSA_M2015_dl.xlsx
2015,0010740,"Albuquerque, NM",,NM,True,39-9011,Childcare Workers,1340.0,20.1,20120.0,20120,9.67,3.0,19130.0,MSA_M2015_dl.xlsx
2015,0022140,"Farmington, NM",,NM,True,39-9011,Childcare Workers,160.0,29.1,19710.0,19710,9.48,3.3,19130.0,MSA_M2015_dl.xlsx
2015,0029740,"Las Cruces, NM",,NM,True,39-9011,Childcare Workers,510.0,7.3,19150.0,19150,9.21,3.7,18490.0,MSA_M2015_dl.xlsx
2015,0042140,"Santa Fe, NM",,NM,True,39-9011,Childcare Workers,190.0,23.3,26850.0,26850,12.91,5.3,24730.0,MSA_M2015_dl.xlsx
2015,0016180,"Carson City, NV",,NV,True,39-9011,Childcare Workers,70.0,11.1,24900.0,24900,11.97,27.1,19160.0,MSA_M2015_dl.xlsx
2015,0029820,"Las Vegas-Henderson-Paradise, NV",,NV,True,39-9011,Childcare Workers,1410.0,26.5,21110.0,21110,10.15,2.8,19950.0,MSA_M2015_dl.xlsx
2015,0039900,"Reno, NV",,NV,True,39-9011,Childcare Workers,590.0,43.9,25290.0,25290,12.16,2.8,25690.0,MSA_M2015_dl.xlsx
2015,0010580,"Albany-Schenectady-Troy, NY",,NY,True,39-9011,Childcare Workers,2300.0,15.7,23660.0,23660,11.38,2.8,20920.0,MSA_M2015_dl.xlsx
2015,0013780,"Binghamton, NY",,NY,True,39-9011,Childcare Workers,720.0,12.6,21530.0,21530,10.35,2.4,19600.0,MSA_M2015_dl.xlsx
2015,0015380,"Buffalo-Cheektowaga-Niagara Falls, NY",,NY,True,39-9011,Childcare Workers,1930.0,13.2,21990.0,21990,10.57,3.0,19450.0,MSA_M2015_dl.xlsx
2015,0020524,"Dutchess County-Putnam County, NY Metropolitan Division",,NY,True,39-9011,Childcare Workers,830.0,19.7,27830.0,27830,13.38,3.4,26960.0,MSA_M2015_dl.xlsx
2015,0021300,"Elmira, NY",,NY,True,39-9011,Childcare Workers,140.0,31.0,20170.0,20170,9.7,3.5,19260.0,MSA_M2015_dl.xlsx
2015,0024020,"Glens Falls, NY",,NY,True,39-9011,Childcare Workers,,,22180.0,22180,10.66,3.2,21040.0,MSA_M2015_dl.xlsx
2015,0027060,"Ithaca, NY",,NY,True,39-9011,Childcare Workers,380.0,15.5,23300.0,23300,11.2,2.6,22490.0,MSA_M2015_dl.xlsx
2015,0028740,"Kingston, NY",,NY,True,39-9011,Childcare Workers,280.0,19.4,22330.0,22330,10.74,3.0,20950.0,MSA_M2015_dl.xlsx
2015,0035004,"Nassau County-Suffolk County, NY Metropolitan Division",,NY,True,39-9011,Childcare Workers,6280.0,14.5,28270.0,28270,13.59,2.1,27010.0,MSA_M2015_dl.xlsx
2015,0035614,"New York-Jersey City-White Plains, NY-NJ Metropolitan Division",,NY,True,39-9011,Childcare Workers,31020.0,6.8,26970.0,26970,12.97,2.4,26600.0,MSA_M2015_dl.xlsx
2015,0040380,"Rochester, NY",,NY,True,39-9011,Childcare Workers,2130.0,17.1,22250.0,22250,10.7,2.3,20060.0,MSA_M2015_dl.xlsx
2015,0045060,"Syracuse, NY",,NY,True,39-9011,Childcare Workers,1360.0,13.4,22890.0,22890,11.0,2.6,21150.0,MSA_M2015_dl.xlsx
2015,0046540,"Utica-Rome, NY",,NY,True,39-9011,Childcare Workers,450.0,19.4,23990.0,23990,11.54,3.9,21880.0,MSA_M2015_dl.xlsx
2015,0048060,"Watertown-Fort Drum, NY",,NY,True,39-9011,Childcare Workers,210.0,18.6,20960.0,20960,10.08,2.6,20790.0,MSA_M2015_dl.xlsx
2015,0010420,"Akron, OH",,OH,True,39-9011,Childcare Workers,1030.0,18.3,23680.0,23680,11.39,6.8,19310.0,MSA_M2015_dl.xlsx
2015,0015940,"Canton-Massillon, OH",,OH,True,39-9011,Childcare Workers,470.0,16.0,18730.0,18730,9.0,2.1,18470.0,MSA_M2015_dl.xlsx
2015,0017140,"Cincinnati, OH-KY-IN",,OH,True,39-9011,Childcare Workers,5190.0,11.1,22750.0,22750,10.94,2.8,21470.0,MSA_M2015_dl.xlsx
2015,0017460,"Cleveland-Elyria, OH",,OH,True,39-9011,Childcare Workers,4580.0,7.5,21800.0,21800,10.48,3.1,19530.0,MSA_M2015_dl.xlsx
2015,0018140,"Columbus, OH",,OH,True,39-9011,Childcare Workers,4090.0,13.5,21920.0,21920,10.54,2.2,21140.0,MSA_M2015_dl.xlsx
2015,0019380,"Dayton, OH",,OH,True,39-9011,Childcare Workers,1320.0,20.4,21430.0,21430,10.3,5.7,19270.0,MSA_M2015_dl.xlsx
2015,0030620,"Lima, OH",,OH,True,39-9011,Childcare Workers,310.0,32.6,21240.0,21240,10.21,3.5,19780.0,MSA_M2015_dl.xlsx
2015,0031900,"Mansfield, OH",,OH,True,39-9011,Childcare Workers,160.0,12.0,20140.0,20140,9.68,4.0,18750.0,MSA_M2015_dl.xlsx
2015,0044220,"Springfield, OH",,OH,True,39-9011,Childcare Workers,160.0,30.6,23940.0,23940,11.51,6.7,22640.0,MSA_M2015_dl.xlsx
2015,0045780,"Toledo, OH",,OH,True,39-9011,Childcare Workers,1350.0,21.6,22060.0,22060,10.61,3.8,19500.0,MSA_M2015_dl.xlsx
2015,0049660,"Youngstown-Warren-Boardman, OH-PA",,OH,True,39-9011,Childcare Workers,920.0,17.4,21360.0,21360,10.27,4.9,19000.0,MSA_M2015_dl.xlsx
2015,0030020,"Lawton, OK",,OK,True,39-9011,Childcare Workers,230.0,39.8,18930.0,18930,9.1,5.0,18690.0,MSA_M2015_dl.xlsx
2015,0036420,"Oklahoma City, OK",,OK,True,39-9011,Childcare Workers,3360.0,9.7,19120.0,19120,9.19,2.6,18430.0,MSA_M2015_dl.xlsx
2015,0046140,"Tulsa, OK",,OK,True,39-9011,Childcare Workers,1760.0,19.6,19320.0,19320,9.29,2.7,18630.0,MSA_M2015_dl.xlsx
2015,0010540,"Albany, OR",,OR,True,39-9011,Childcare Workers,130.0,23.4,20930.0,20930,10.06,3.2,19790.0,MSA_M2015_dl.xlsx
2015,0013460,"Bend-Redmond, OR",,OR,True,39-9011,Childcare Workers,200.0,15.1,22390.0,22390,10.76,3.4,20260.0,MSA_M2015_dl.xlsx
2015,0018700,"Corvallis, OR",,OR,True,39-9011,Childcare Workers,130.0,44.2,20440.0,20440,9.83,2.1,19630.0,MSA_M2015_dl.xlsx
2015,0021660,"Eugene, OR",,OR,True,39-9011,Childcare Workers,410.0,24.8,22300.0,22300,10.72,2.1,20790.0,MSA_M2015_dl.xlsx
2015,0032780,"Medford, OR",,OR,True,39-9011,Childcare Workers,230.0,23.9,28020.0,28020,13.47,8.7,22410.0,MSA_M2015_dl.xlsx
2015,0038900,"Portland-Vancouver-Hillsboro, OR-WA",,OR,True,39-9011,Childcare Workers,3200.0,19.3,25250.0,25250,12.14,5.7,23050.0,MSA_M2015_dl.xlsx
2015,0041420,"Salem, OR",,OR,True,39-9011,Childcare Workers,380.0,20.2,21580.0,21580,10.38,2.1,20280.0,MSA_M2015_dl.xlsx
2015,0010900,"Allentown-Bethlehem-Easton, PA-NJ",,PA,True,39-9011,Childcare Workers,1070.0,20.2,21140.0,21140,10.17,5.0,19220.0,MSA_M2015_dl.xlsx
2015,0011020,"Altoona, PA",,PA,True,39-9011,Childcare Workers,300.0,11.1,17870.0,17870,8.59,3.3,17880.0,MSA_M2015_dl.xlsx
2015,0014100,"Bloomsburg-Berwick, PA",,PA,True,39-9011,Childcare Workers,70.0,26.7,20760.0,20760,9.98,8.5,19660.0,MSA_M2015_dl.xlsx
2015,0016540,"Chambersburg-Waynesboro, PA",,PA,True,39-9011,Childcare Workers,100.0,29.2,17460.0,17460,8.39,4.0,17750.0,MSA_M2015_dl.xlsx
2015,0020700,"East Stroudsburg, PA",,PA,True,39-9011,Childcare Workers,260.0,45.5,17480.0,17480,8.41,4.4,17670.0,MSA_M2015_dl.xlsx
2015,0021500,"Erie, PA",,PA,True,39-9011,Childcare Workers,750.0,26.1,18920.0,18920,9.1,3.3,18400.0,MSA_M2015_dl.xlsx
2015,0023900,"Gettysburg, PA",,PA,True,39-9011,Childcare Workers,80.0,26.2,21020.0,21020,10.11,11.1,20190.0,MSA_M2015_dl.xlsx
2015,0025420,"Harrisburg-Carlisle, PA",,PA,True,39-9011,Childcare Workers,1090.0,25.6,21170.0,21170,10.18,2.2,20960.0,MSA_M2015_dl.xlsx
2015,0027780,"Johnstown, PA",,PA,True,39-9011,Childcare Workers,330.0,43.0,18990.0,18990,9.13,4.1,18460.0,MSA_M2015_dl.xlsx
2015,0029540,"Lancaster, PA",,PA,True,39-9011,Childcare Workers,870.0,16.4,20720.0,20720,9.96,2.0,19950.0,MSA_M2015_dl.xlsx
2015,0030140,"Lebanon, PA",,PA,True,39-9011,Childcare Workers,270.0,36.2,21160.0,21160,10.17,4.2,20790.0,MSA_M2015_dl.xlsx
2015,0033874,"Montgomery County-Bucks County-Chester County, PA Metropolitan Division",,PA,True,39-9011,Childcare Workers,3940.0,12.0,21870.0,21870,10.52,2.7,20720.0,MSA_M2015_dl.xlsx
2015,0037964,"Philadelphia, PA Metropolitan Division",,PA,True,39-9011,Childcare Workers,5600.0,15.0,21920.0,21920,10.54,3.7,20720.0,MSA_M2015_dl.xlsx
2015,0038300,"Pittsburgh, PA",,PA,True,39-9011,Childcare Workers,3280.0,12.1,21370.0,21370,10.27,3.3,20130.0,MSA_M2015_dl.xlsx
2015,0039740,"Reading, PA",,PA,True,39-9011,Childcare Workers,410.0,30.5,19420.0,19420,9.34,3.3,18560.0,MSA_M2015_dl.xlsx
2015,0042540,"Scranton--Wilkes-Barre--Hazleton, PA",,PA,True,39-9011,Childcare Workers,820.0,18.2,18950.0,18950,9.11,3.3,18400.0,MSA_M2015_dl.xlsx
2015,0044300,"State College, PA",,PA,True,39-9011,Childcare Workers,240.0,30.9,19580.0,19580,9.41,3.7,19690.0,MSA_M2015_dl.xlsx
2015,0048700,"Williamsport, PA",,PA,True,39-9011,Childcare Workers,,,20330.0,20330,9.77,3.1,18800.0,MSA_M2015_dl.xlsx
2015,0049620,"York-Hanover, PA",,PA,True,39-9011,Childcare Workers,420.0,45.9,18360.0,18360,8.83,2.6,18220.0,MSA_M2015_dl.xlsx
2015,0010380,"Aguadilla-Isabela, PR",,PR,True,39-9011,Childcare Workers,80.0,20.4,16980.0,16980,8.16,2.8,17470.0,MSA_M2015_dl.xlsx
2015,0011640,"Arecibo, PR",,PR,True,39-9011,Childcare Workers,,,16900.0,16900,8.13,4.1,17380.0,MSA_M2015_dl.xlsx
2015,0032420,"Mayaguez, PR",,PR,True,39-9011,Childcare Workers,,,17040.0,17040,8.19,5.3,17620.0,MSA_M2015_dl.xlsx
2015,0038660,"Ponce, PR",,PR,True,39-9011,Childcare Workers,90.0,46.0,17460.0,17460,8.4,4.3,17770.0,MSA_M2015_dl.xlsx
2015,0041900,"San German, PR",,PR,True,39-9011,Childcare Workers,40.0,41.9,17430.0,17430,8.38,4.7,17520.0,MSA_M2015_dl.xlsx
2015,0041980,"San Juan-Carolina-Caguas, PR",,PR,True,39-9011,Childcare Workers,1430.0,15.5,17230.0,17230,8.29,2.1,17660.0,MSA_M2015_dl.xlsx
2015,0077200,"Providence-Warwick, RI-MA",,RI,True,39-9011,Childcare Workers,2700.0,13.0,23070.0,23070,11.09,2.2,20160.0,MSA_M2015_dl.xlsx
2015,0016700,"Charleston-North Charleston, SC",,SC,True,39-9011,Childcare Workers,1050.0,15.8,19840.0,19840,9.54,4.5,18440.0,MSA_M2015_dl.xlsx
2015,0017900,"Columbia, SC",,SC,True,39-9011,Childcare Workers,810.0,22.8,19090.0,19090,9.18,2.1,18220.0,MSA_M2015_dl.xlsx
2015,0022500,"Florence, SC",,SC,True,39-9011,Childcare Workers,180.0,15.4,18340.0,18340,8.82,3.2,18100.0,MSA_M2015_dl.xlsx
2015,0024860,"Greenville-Anderson-Mauldin, SC",,SC,True,39-9011,Childcare Workers,890.0,20.5,17410.0,17410,8.37,2.2,17590.0,MSA_M2015_dl.xlsx
2015,0025940,"Hilton Head Island-Bluffton-Beaufort, SC",,SC,True,39-9011,Childcare Workers,210.0,18.4,20210.0,20210,9.72,5.6,19250.0,MSA_M2015_dl.xlsx
2015,0034820,"Myrtle Beach-Conway-North Myrtle Beach, SC-NC",,SC,True,39-9011,Childcare Workers,440.0,30.0,20730.0,20730,9.96,4.8,20870.0,MSA_M2015_dl.xlsx
2015,0043900,"Spartanburg, SC",,SC,True,39-9011,Childcare Workers,510.0,28.5,20360.0,20360,9.79,5.3,19070.0,MSA_M2015_dl.xlsx
2015,0044940,"Sumter, SC",,SC,True,39-9011,Childcare Workers,230.0,7.6,17250.0,17250,8.29,3.5,17660.0,MSA_M2015_dl.xlsx
2015,0039660,"Rapid City, SD",,SD,True,39-9011,Childcare Workers,330.0,11.2,20530.0,20530,9.87,1.9,19230.0,MSA_M2015_dl.xlsx
2015,0043620,"Sioux Falls, SD",,SD,True,39-9011,Childcare Workers,1080.0,12.6,20440.0,20440,9.83,1.7,19390.0,MSA_M2015_dl.xlsx
2015,0016860,"Chattanooga, TN-GA",,TN,True,39-9011,Childcare Workers,830.0,6.7,19060.0,19060,9.16,2.4,18170.0,MSA_M2015_dl.xlsx
2015,0017300,"Clarksville, TN-KY",,TN,True,39-9011,Childcare Workers,640.0,8.7,18010.0,18010,8.66,2.9,17760.0,MSA_M2015_dl.xlsx
2015,0017420,"Cleveland, TN",,TN,True,39-9011,Childcare Workers,200.0,43.6,17640.0,17640,8.48,3.6,17690.0,MSA_M2015_dl.xlsx
2015,0027180,"Jackson, TN",,TN,True,39-9011,Childcare Workers,300.0,17.6,19530.0,19530,9.39,3.9,18530.0,MSA_M2015_dl.xlsx
2015,0027740,"Johnson City, TN",,TN,True,39-9011,Childcare Workers,280.0,13.2,17800.0,17800,8.56,3.1,17720.0,MSA_M2015_dl.xlsx
2015,0028700,"Kingsport-Bristol-Bristol, TN-VA",,TN,True,39-9011,Childcare Workers,320.0,16.9,17730.0,17730,8.53,2.3,17860.0,MSA_M2015_dl.xlsx
2015,0028940,"Knoxville, TN",,TN,True,39-9011,Childcare Workers,1140.0,16.9,18070.0,18070,8.69,2.3,17820.0,MSA_M2015_dl.xlsx
2015,0032820,"Memphis, TN-MS-AR",,TN,True,39-9011,Childcare Workers,2770.0,9.7,19680.0,19680,9.46,3.0,18310.0,MSA_M2015_dl.xlsx
2015,0034980,"Nashville-Davidson--Murfreesboro--Franklin, TN",,TN,True,39-9011,Childcare Workers,3210.0,19.4,23030.0,23030,11.07,4.5,21330.0,MSA_M2015_dl.xlsx
2015,0010180,"Abilene, TX",,TX,True,39-9011,Childcare Workers,410.0,9.7,18070.0,18070,8.69,3.0,17890.0,MSA_M2015_dl.xlsx
2015,0011100,"Amarillo, TX",,TX,True,39-9011,Childcare Workers,620.0,8.5,19380.0,19380,9.32,2.8,18340.0,MSA_M2015_dl.xlsx
2015,0012420,"Austin-Round Rock, TX",,TX,True,39-9011,Childcare Workers,5850.0,7.0,22820.0,22820,10.97,2.8,21500.0,MSA_M2015_dl.xlsx
2015,0013140,"Beaumont-Port Arthur, TX",,TX,True,39-9011,Childcare Workers,800.0,3.4,18160.0,18160,8.73,2.5,18010.0,MSA_M2015_dl.xlsx
2015,0015180,"Brownsville-Harlingen, TX",,TX,True,39-9011,Childcare Workers,1410.0,10.0,19110.0,19110,9.19,2.7,18500.0,MSA_M2015_dl.xlsx
2015,0017780,"College Station-Bryan, TX",,TX,True,39-9011,Childcare Workers,540.0,21.6,18720.0,18720,9.0,2.4,18260.0,MSA_M2015_dl.xlsx
2015,0018580,"Corpus Christi, TX",,TX,True,39-9011,Childcare Workers,960.0,17.5,19600.0,19600,9.42,3.7,18840.0,MSA_M2015_dl.xlsx
2015,0019124,"Dallas-Plano-Irving, TX Metropolitan Division",,TX,True,39-9011,Childcare Workers,10510.0,8.9,21220.0,21220,10.2,2.4,19490.0,MSA_M2015_dl.xlsx
2015,0021340,"El Paso, TX",,TX,True,39-9011,Childcare Workers,1300.0,16.5,18550.0,18550,8.92,2.5,18160.0,MSA_M2015_dl.xlsx
2015,0023104,"Fort Worth-Arlington, TX Metropolitan Division",,TX,True,39-9011,Childcare Workers,5300.0,14.3,19470.0,19470,9.36,1.6,18850.0,MSA_M2015_dl.xlsx
2015,0026420,"Houston-The Woodlands-Sugar Land, TX",,TX,True,39-9011,Childcare Workers,13510.0,11.0,20080.0,20080,9.65,1.7,19040.0,MSA_M2015_dl.xlsx
2015,0028660,"Killeen-Temple, TX",,TX,True,39-9011,Childcare Workers,940.0,13.9,17730.0,17730,8.52,2.6,17750.0,MSA_M2015_dl.xlsx
2015,0029700,"Laredo, TX",,TX,True,39-9011,Childcare Workers,580.0,7.7,19130.0,19130,9.2,2.7,18510.0,MSA_M2015_dl.xlsx
2015,0030980,"Longview, TX",,TX,True,39-9011,Childcare Workers,320.0,13.9,17470.0,17470,8.4,3.4,17600.0,MSA_M2015_dl.xlsx
2015,0031180,"Lubbock, TX",,TX,True,39-9011,Childcare Workers,920.0,15.2,18600.0,18600,8.94,2.5,18440.0,MSA_M2015_dl.xlsx
2015,0032580,"McAllen-Edinburg-Mission, TX",,TX,True,39-9011,Childcare Workers,1280.0,15.2,18980.0,18980,9.13,3.7,18410.0,MSA_M2015_dl.xlsx
2015,0033260,"Midland, TX",,TX,True,39-9011,Childcare Workers,340.0,11.9,22200.0,22200,10.67,8.0,20840.0,MSA_M2015_dl.xlsx
2015,0036220,"Odessa, TX",,TX,True,39-9011,Childcare Workers,520.0,12.6,19780.0,19780,9.51,3.8,19320.0,MSA_M2015_dl.xlsx
2015,0041660,"San Angelo, TX",,TX,True,39-9011,Childcare Workers,350.0,11.0,18140.0,18140,8.72,3.1,17980.0,MSA_M2015_dl.xlsx
2015,0041700,"San Antonio-New Braunfels, TX",,TX,True,39-9011,Childcare Workers,4530.0,12.9,21230.0,21230,10.21,3.1,19610.0,MSA_M2015_dl.xlsx
2015,0043300,"Sherman-Denison, TX",,TX,True,39-9011,Childcare Workers,140.0,26.6,18210.0,18210,8.75,4.0,17920.0,MSA_M2015_dl.xlsx
2015,0045500,"Texarkana, TX-AR",,TX,True,39-9011,Childcare Workers,390.0,8.4,18100.0,18100,8.7,3.2,18000.0,MSA_M2015_dl.xlsx
2015,0046340,"Tyler, TX",,TX,True,39-9011,Childcare Workers,350.0,40.8,17970.0,17970,8.64,2.9,17880.0,MSA_M2015_dl.xlsx
2015,0047020,"Victoria, TX",,TX,True,39-9011,Childcare Workers,280.0,11.8,17850.0,17850,8.58,3.4,17610.0,MSA_M2015_dl.xlsx
2015,0047380,"Waco, TX",,TX,True,39-9011,Childcare Workers,540.0,19.7,18910.0,18910,9.09,2.4,18330.0,MSA_M2015_dl.xlsx
2015,0048660,"Wichita Falls, TX",,TX,True,39-9011,Childcare Workers,300.0,19.9,17370.0,17370,8.35,2.7,17520.0,MSA_M2015_dl.xlsx
2015,0030860,"Logan, UT-ID",,UT,True,39-9011,Childcare Workers,240.0,34.1,22010.0,22010,10.58,4.7,21150.0,MSA_M2015_dl.xlsx
2015,0036260,"Ogden-Clearfield, UT",,UT,True,39-9011,Childcare Workers,1200.0,9.5,18890.0,18890,9.08,4.5,18000.0,MSA_M2015_dl.xlsx
2015,0039340,"Provo-Orem, UT",,UT,True,39-9011,Childcare Workers,710.0,17.6,19910.0,19910,9.57,2.6,19280.0,MSA_M2015_dl.xlsx
2015,0041100,"St. George, UT",,UT,True,39-9011,Childcare Workers,200.0,30.8,20530.0,20530,9.87,3.4,19920.0,MSA_M2015_dl.xlsx
2015,0041620,"Salt Lake City, UT",,UT,True,39-9011,Childcare Workers,2690.0,9.0,23860.0,23860,11.47,7.1,21670.0,MSA_M2015_dl.xlsx
2015,0013980,"Blacksburg-Christiansburg-Radford, VA",,VA,True,39-9011,Childcare Workers,,,19490.0,19490,9.37,4.6,18530.0,MSA_M2015_dl.xlsx
2015,0016820,"Charlottesville, VA",,VA,True,39-9011,Childcare Workers,400.0,15.9,23360.0,23360,11.23,5.0,22070.0,MSA_M2015_dl.xlsx
2015,0025500,"Harrisonburg, VA",,VA,True,39-9011,Childcare Workers,210.0,17.8,19510.0,19510,9.38,3.2,18470.0,MSA_M2015_dl.xlsx
2015,0031340,"Lynchburg, VA",,VA,True,39-9011,Childcare Workers,370.0,14.2,18880.0,18880,9.08,3.6,18640.0,MSA_M2015_dl.xlsx
2015,0040060,"Richmond, VA",,VA,True,39-9011,Childcare Workers,2740.0,13.0,19630.0,19630,9.44,2.5,18580.0,MSA_M2015_dl.xlsx
2015,0040220,"Roanoke, VA",,VA,True,39-9011,Childcare Workers,510.0,23.6,19640.0,19640,9.44,2.9,18430.0,MSA_M2015_dl.xlsx
2015,0044420,"Staunton-Waynesboro, VA",,VA,True,39-9011,Childcare Workers,210.0,33.7,21200.0,21200,10.19,12.8,18570.0,MSA_M2015_dl.xlsx
2015,0047260,"Virginia Beach-Norfolk-Newport News, VA-NC",,VA,True,39-9011,Childcare Workers,1990.0,15.9,19710.0,19710,9.48,2.5,18760.0,MSA_M2015_dl.xlsx
2015,0049020,"Winchester, VA-WV",,VA,True,39-9011,Childcare Workers,190.0,31.8,21300.0,21300,10.24,4.4,20640.0,MSA_M2015_dl.xlsx
2015,0072400,"Burlington-South Burlington, VT",,VT,True,39-9011,Childcare Workers,550.0,10.9,23880.0,23880,11.48,2.6,22860.0,MSA_M2015_dl.xlsx
2015,0013380,"Bellingham, WA",,WA,True,39-9011,Childcare Workers,400.0,18.4,22440.0,22440,10.79,3.1,21640.0,MSA_M2015_dl.xlsx
2015,0014740,"Bremerton-Silverdale, WA",,WA,True,39-9011,Childcare Workers,,,25370.0,25370,12.2,2.4,23530.0,MSA_M2015_dl.xlsx
2015,0028420,"Kennewick-Richland, WA",,WA,True,39-9011,Childcare Workers,430.0,33.0,22710.0,22710,10.92,3.4,22050.0,MSA_M2015_dl.xlsx
2015,0031020,"Longview, WA",,WA,True,39-9011,Childcare Workers,110.0,34.1,22420.0,22420,10.78,4.4,21360.0,MSA_M2015_dl.xlsx
2015,0034580,"Mount Vernon-Anacortes, WA",,WA,True,39-9011,Childcare Workers,110.0,31.8,22440.0,22440,10.79,2.9,21800.0,MSA_M2015_dl.xlsx
2015,0036500,"Olympia-Tumwater, WA",,WA,True,39-9011,Childcare Workers,120.0,39.5,22650.0,22650,10.89,2.6,22290.0,MSA_M2015_dl.xlsx
2015,0042644,"Seattle-Bellevue-Everett, WA Metropolitan Division",,WA,True,39-9011,Childcare Workers,3330.0,18.7,26530.0,26530,12.76,2.8,24900.0,MSA_M2015_dl.xlsx
2015,0044060,"Spokane-Spokane Valley, WA",,WA,True,39-9011,Childcare Workers,650.0,24.9,23330.0,23330,11.21,3.2,22030.0,MSA_M2015_dl.xlsx
2015,0045104,"Tacoma-Lakewood, WA Metropolitan Division",,WA,True,39-9011,Childcare Workers,1260.0,16.2,25260.0,25260,12.14,3.3,23770.0,MSA_M2015_dl.xlsx
2015,0047460,"Walla Walla, WA",,WA,True,39-9011,Childcare Workers,,,26860.0,26860,12.91,7.3,23680.0,MSA_M2015_dl.xlsx
2015,0049420,"Yakima, WA",,WA,True,39-9011,Childcare Workers,160.0,38.2,22670.0,22670,10.9,2.6,22390.0,MSA_M2015_dl.xlsx
2015,0011540,"Appleton, WI",,WI,True,39-9011,Childcare Workers,380.0,46.7,20810.0,20810,10.0,6.3,19670.0,MSA_M2015_dl.xlsx
2015,0020740,"Eau Claire, WI",,WI,True,39-9011,Childcare Workers,350.0,18.5,20920.0,20920,10.06,4.1,20830.0,MSA_M2015_dl.xlsx
2015,0022540,"Fond du Lac, WI",,WI,True,39-9011,Childcare Workers,150.0,25.7,21150.0,21150,10.17,6.5,20890.0,MSA_M2015_dl.xlsx
2015,0024580,"Green Bay, WI",,WI,True,39-9011,Childcare Workers,570.0,44.7,21840.0,21840,10.5,3.2,21700.0,MSA_M2015_dl.xlsx
2015,0027500,"Janesville-Beloit, WI",,WI,True,39-9011,Childcare Workers,60.0,21.5,20200.0,20200,9.71,9.7,18700.0,MSA_M2015_dl.xlsx
2015,0029100,"La Crosse-Onalaska, WI-MN",,WI,True,39-9011,Childcare Workers,510.0,9.7,18500.0,18500,8.89,3.8,18170.0,MSA_M2015_dl.xlsx
2015,0031540,"Madison, WI",,WI,True,39-9011,Childcare Workers,840.0,23.1,24670.0,24670,11.86,3.7,23180.0,MSA_M2015_dl.xlsx
2015,0033340,"Milwaukee-Waukesha-West Allis, WI",,WI,True,39-9011,Childcare Workers,2280.0,29.5,22060.0,22060,10.6,2.3,21620.0,MSA_M2015_dl.xlsx
2015,0036780,"Oshkosh-Neenah, WI",,WI,True,39-9011,Childcare Workers,280.0,28.0,18990.0,18990,9.13,3.4,18560.0,MSA_M2015_dl.xlsx
2015,0039540,"Racine, WI",,WI,True,39-9011,Childcare Workers,210.0,32.0,19940.0,19940,9.59,3.7,18660.0,MSA_M2015_dl.xlsx
2015,0043100,"Sheboygan, WI",,WI,True,39-9011,Childcare Workers,150.0,26.2,19340.0,19340,9.3,3.9,18760.0,MSA_M2015_dl.xlsx
2015,0048140,"Wausau, WI",,WI,True,39-9011,Childcare Workers,170.0,28.3,18890.0,18890,9.08,2.6,18630.0,MSA_M2015_dl.xlsx
2015,0013220,"Beckley, WV",,WV,True,39-9011,Childcare Workers,,,20030.0,20030,9.63,5.7,19100.0,MSA_M2015_dl.xlsx
2015,0016620,"Charleston, WV",,WV,True,39-9011,Childcare Workers,360.0,26.1,20470.0,20470,9.84,5.1,19260.0,MSA_M2015_dl.xlsx
2015,0026580,"Huntington-Ashland, WV-KY-OH",,WV,True,39-9011,Childcare Workers,600.0,15.0,19120.0,19120,9.19,3.5,18420.0,MSA_M2015_dl.xlsx
2015,0034060,"Morgantown, WV",,WV,True,39-9011,Childcare Workers,270.0,31.0,19090.0,19090,9.18,3.3,18450.0,MSA_M2015_dl.xlsx
2015,0037620,"Parkersburg-Vienna, WV",,WV,True,39-9011,Childcare Workers,150.0,20.4,19030.0,19030,9.15,2.8,18450.0,MSA_M2015_dl.xlsx
2015,0048260,"Weirton-Steubenville, WV-OH",,WV,True,39-9011,Childcare Workers,90.0,25.4,19130.0,19130,9.2,3.1,18490.0,MSA_M2015_dl.xlsx
2015,0048540,"Wheeling, WV-OH",,WV,True,39-9011,Childcare Workers,260.0,14.2,19750.0,19750,9.49,3.4,18620.0,MSA_M2015_dl.xlsx
2015,0016220,"Casper, WY",,WY,True,39-9011,Childcare Workers,260.0,14.7,22500.0,22500,10.82,3.4,22270.0,MSA_M2015_dl.xlsx
2015,0016940,"Cheyenne, WY",,WY,True,39-9011,Childcare Workers,240.0,34.5,18640.0,18640,8.96,4.5,17980.0,MSA_M2015_dl.xlsx
2016,0031080,"Los Angeles-Long Beach-Anaheim, CA",,CA,True,39-9011,Childcare Workers,20350.0,8.0,26490.0,26490,12.73,1.3,24920.0,aMSA_M2016_dl.xlsx
2016,0041860,"San Francisco-Oakland-Hayward, CA",,CA,True,39-9011,Childcare Workers,7460.0,9.7,30670.0,30670,14.74,3.0,30140.0,aMSA_M2016_dl.xlsx
2016,0047900,"Washington-Arlington-Alexandria, DC-VA-MD-WV",,DC,True,39-9011,Childcare Workers,11960.0,6.4,27490.0,27490,13.22,3.0,25740.0,aMSA_M2016_dl.xlsx
2016,0033100,"Miami-Fort Lauderdale-West Palm Beach, FL",,FL,True,39-9011,Childcare Workers,12370.0,7.7,21790.0,21790,10.48,2.0,19820.0,aMSA_M2016_dl.xlsx
2016,0016980,"Chicago-Naperville-Elgin, IL-IN-WI",,IL,True,39-9011,Childcare Workers,13380.0,9.8,23920.0,23920,11.5,1.5,22730.0,aMSA_M2016_dl.xlsx
2016,0071650,"Boston-Cambridge-Nashua, MA-NH",,MA,True,39-9011,Childcare Workers,10080.0,8.3,27700.0,27700,13.32,1.4,25930.0,aMSA_M2016_dl.xlsx
2016,0019820,"Detroit-Warren-Dearborn, MI",,MI,True,39-9011,Childcare Workers,7050.0,9.1,23030.0,23030,11.07,1.8,20540.0,aMSA_M2016_dl.xlsx
2016,0035620,"New York-Newark-Jersey City, NY-NJ-PA",,NY,True,39-9011,Childcare Workers,37200.0,4.0,27940.0,27940,13.43,3.5,27280.0,aMSA_M2016_dl.xlsx
2016,0037980,"Philadelphia-Camden-Wilmington, PA-NJ-DE-MD",,PA,True,39-9011,Childcare Workers,13840.0,7.5,22730.0,22730,10.93,2.3,20940.0,aMSA_M2016_dl.xlsx
2016,0019100,"Dallas-Fort Worth-Arlington, TX",,TX,True,39-9011,Childcare Workers,16130.0,6.6,21170.0,21170,10.18,2.4,19170.0,aMSA_M2016_dl.xlsx
2016,0042660,"Seattle-Tacoma-Bellevue, WA",,WA,True,39-9011,Childcare Workers,4960.0,16.9,26580.0,26580,12.78,1.6,25010.0,aMSA_M2016_dl.xlsx
2016,0200001,Southeast Alaska nonmetropolitan area,,AK,False,39-9011,Childcare Workers,170.0,28.8,28190.0,28190,13.55,4.9,27610.0,BOS_M2016_dl.xlsx
2016,0200002,Balance of Alaska nonmetropolitan area,,AK,False,39-9011,Childcare Workers,230.0,19.3,28490.0,28490,13.7,4.7,27170.0,BOS_M2016_dl.xlsx
2016,0100001,Northwest Alabama nonmetropolitan area,,AL,False,39-9011,Childcare Workers,240.0,20.8,18710.0,18710,9.0,5.0,18140.0,BOS_M2016_dl.xlsx
2016,0100002,Northeast Alabama nonmetropolitan area,,AL,False,39-9011,Childcare Workers,810.0,8.0,20810.0,20810,10.01,6.2,18460.0,BOS_M2016_dl.xlsx
2016,0100003,Southwest Alabama nonmetropolitan area,,AL,False,39-9011,Childcare Workers,320.0,13.5,17620.0,17620,8.47,4.0,17850.0,BOS_M2016_dl.xlsx
2016,0100004,Southeast Alabama nonmetropolitan area,,AL,False,39-9011,Childcare Workers,300.0,11.2,18140.0,18140,8.72,2.9,18150.0,BOS_M2016_dl.xlsx
2016,0500001,North Arkansas nonmetropolitan area,,AR,False,39-9011,Childcare Workers,590.0,22.7,18520.0,18520,8.9,2.7,18380.0,BOS_M2016_dl.xlsx
2016,0500002,East Arkansas nonmetropolitan area,,AR,False,39-9011,Childcare Workers,470.0,48.3,19910.0,19910,9.57,3.0,19250.0,BOS_M2016_dl.xlsx
2016,0500003,West Arkansas nonmetropolitan area,,AR,False,39-9011,Childcare Workers,590.0,15.0,18560.0,18560,8.92,2.9,18450.0,BOS_M2016_dl.xlsx
2016,0500004,South Arkansas nonmetropolitan area,,AR,False,39-9011,Childcare Workers,560.0,17.7,19890.0,19890,9.56,3.1,19050.0,BOS_M2016_dl.xlsx
2016,0400001,Arizona nonmetropolitan area,,AZ,False,39-9011,Childcare Workers,100.0,48.4,21440.0,21440,10.31,6.5,19770.0,BOS_M2016_dl.xlsx
2016,0600001,Mother Lode Region of California nonmetropolitan area,,CA,False,39-9011,Childcare Workers,220.0,43.9,28790.0,28790,13.84,3.7,26870.0,BOS_M2016_dl.xlsx
2016,0600003,North Coast Region of California nonmetropolitan area,,CA,False,39-9011,Childcare Workers,420.0,28.9,25970.0,25970,12.49,3.3,24110.0,BOS_M2016_dl.xlsx
2016,0600004,North Valley Region of California nonmetropolitan area,,CA,False,39-9011,Childcare Workers,,,25770.0,25770,12.39,3.7,26030.0,BOS_M2016_dl.xlsx
2016,0600005,Northern Mountains Region of California nonmetropolitan area,,CA,False,39-9011,Childcare Workers,460.0,27.0,24840.0,24840,11.94,3.2,23360.0,BOS_M2016_dl.xlsx
2016,0800001,Eastern and Southern Colorado nonmetropolitan area,,CO,False,39-9011,Childcare Workers,110.0,17.0,23230.0,23230,11.17,7.2,20050.0,BOS_M2016_dl.xlsx
2016,0800002,Southwest Colorado nonmetropolitan area,,CO,False,39-9011,Childcare Workers,330.0,11.2,24340.0,24340,11.7,2.7,22850.0,BOS_M2016_dl.xlsx
2016,0800003,Northwest Colorado nonmetropolitan area,,CO,False,39-9011,Childcare Workers,350.0,21.0,32670.0,32670,15.71,4.0,32580.0,BOS_M2016_dl.xlsx
2016,0900001,Connecticut nonmetropolitan area,,CT,False,39-9011,Childcare Workers,210.0,17.6,26130.0,26130,12.56,4.0,23900.0,BOS_M2016_dl.xlsx
2016,1200001,Northwest Florida nonmetropolitan area,,FL,False,39-9011,Childcare Workers,260.0,21.5,21940.0,21940,10.55,2.5,21460.0,BOS_M2016_dl.xlsx
2016,1200002,Northeast Florida nonmetropolitan area,,FL,False,39-9011,Childcare Workers,420.0,31.5,21890.0,21890,10.52,4.6,20220.0,BOS_M2016_dl.xlsx
2016,1200003,South Florida nonmetropolitan area,,FL,False,39-9011,Childcare Workers,380.0,16.1,21130.0,21130,10.16,3.1,19180.0,BOS_M2016_dl.xlsx
2016,1300001,North Georgia nonmetropolitan area,,GA,False,39-9011,Childcare Workers,470.0,26.5,20040.0,20040,9.64,9.3,18170.0,BOS_M2016_dl.xlsx
2016,1300002,Middle Georgia nonmetropolitan area,,GA,False,39-9011,Childcare Workers,360.0,25.8,18180.0,18180,8.74,3.0,18270.0,BOS_M2016_dl.xlsx
2016,1300003,East Georgia nonmetropolitan area,,GA,False,39-9011,Childcare Workers,470.0,20.1,19150.0,19150,9.21,6.3,18200.0,BOS_M2016_dl.xlsx
2016,1300004,South Georgia nonmetropolitan area,,GA,False,39-9011,Childcare Workers,460.0,27.8,19250.0,19250,9.26,4.7,18300.0,BOS_M2016_dl.xlsx
2016,1500001,Hawaii / Kauai nonmetropolitan area,,HI,False,39-9011,Childcare Workers,410.0,29.5,20720.0,20720,9.96,3.8,19560.0,BOS_M2016_dl.xlsx
2016,1900001,Northeast Iowa nonmetropolitan area,,IA,False,39-9011,Childcare Workers,580.0,23.1,17910.0,17910,8.61,2.9,17960.0,BOS_M2016_dl.xlsx
2016,1900002,Northwest Iowa nonmetropolitan area,,IA,False,39-9011,Childcare Workers,670.0,20.2,18490.0,18490,8.89,4.4,18080.0,BOS_M2016_dl.xlsx
2016,1900003,Southwest Iowa nonmetropolitan area,,IA,False,39-9011,Childcare Workers,480.0,32.6,17820.0,17820,8.57,2.5,18050.0,BOS_M2016_dl.xlsx
2016,1900004,Southeast Iowa nonmetropolitan area,,IA,False,39-9011,Childcare Workers,880.0,32.0,17760.0,17760,8.54,2.1,17850.0,BOS_M2016_dl.xlsx
2016,1600001,Panhandle of Idaho nonmetropolitan area,,ID,False,39-9011,Childcare Workers,240.0,22.5,25520.0,25520,12.27,13.1,19170.0,BOS_M2016_dl.xlsx
2016,1600002,Southwest Idaho nonmetropolitan area,,ID,False,39-9011,Childcare Workers,80.0,35.3,18200.0,18200,8.75,3.6,18110.0,BOS_M2016_dl.xlsx
2016,1600003,South Central Idaho nonmetropolitan area,,ID,False,39-9011,Childcare Workers,170.0,23.5,20000.0,20000,9.61,4.0,19930.0,BOS_M2016_dl.xlsx
2016,1600004,Southeast Idaho nonmetropolitan area,,ID,False,39-9011,Childcare Workers,40.0,12.2,17220.0,17220,8.28,4.1,17500.0,BOS_M2016_dl.xlsx
2016,1700001,Northwest Illinois nonmetropolitan area,,IL,False,39-9011,Childcare Workers,420.0,21.2,21800.0,21800,10.48,2.1,20480.0,BOS_M2016_dl.xlsx
2016,1700002,West Central Illinois nonmetropolitan area,,IL,False,39-9011,Childcare Workers,350.0,18.5,22700.0,22700,10.91,4.2,20120.0,BOS_M2016_dl.xlsx
2016,1700003,East Central Illinois nonmetropolitan area,,IL,False,39-9011,Childcare Workers,220.0,21.6,22970.0,22970,11.04,3.5,21000.0,BOS_M2016_dl.xlsx
2016,1700004,South Illinois nonmetropolitan area,,IL,False,39-9011,Childcare Workers,230.0,22.7,24420.0,24420,11.74,10.4,21640.0,BOS_M2016_dl.xlsx
2016,1800001,Northern Indiana nonmetropolitan area,,IN,False,39-9011,Childcare Workers,310.0,42.8,19460.0,19460,9.36,3.8,18570.0,BOS_M2016_dl.xlsx
2016,1800002,Central Indiana nonmetropolitan area,,IN,False,39-9011,Childcare Workers,300.0,23.1,19690.0,19690,9.47,6.2,18630.0,BOS_M2016_dl.xlsx
2016,1800003,Southern Indiana nonmetropolitan area,,IN,False,39-9011,Childcare Workers,610.0,15.9,20810.0,20810,10.01,3.8,20670.0,BOS_M2016_dl.xlsx
2016,2000001,Southwest Kansas nonmetropolitan area,,KS,False,39-9011,Childcare Workers,220.0,6.5,,*,,,,BOS_M2016_dl.xlsx
2016,2000002,Northwest Kansas nonmetropolitan area,,KS,False,39-9011,Childcare Workers,260.0,13.9,17670.0,17670,8.49,2.6,17730.0,BOS_M2016_dl.xlsx
2016,2000003,Northeast Kansas nonmetropolitan area,,KS,False,39-9011,Childcare Workers,,,18360.0,18360,8.83,3.7,17990.0,BOS_M2016_dl.xlsx
2016,2000004,Southeast Kansas nonmetropolitan area,,KS,False,39-9011,Childcare Workers,380.0,24.1,18210.0,18210,8.75,3.0,18030.0,BOS_M2016_dl.xlsx
2016,2100001,West Kentucky nonmetropolitan area,,KY,False,39-9011,Childcare Workers,820.0,19.3,18880.0,18880,9.08,2.2,18660.0,BOS_M2016_dl.xlsx
2016,2100002,South Central Kentucky nonmetropolitan area,,KY,False,39-9011,Childcare Workers,1170.0,3.4,19470.0,19470,9.36,2.4,18930.0,BOS_M2016_dl.xlsx
2016,2100003,Central Kentucky nonmetropolitan area,,KY,False,39-9011,Childcare Workers,1300.0,11.6,19550.0,19550,9.4,3.2,18830.0,BOS_M2016_dl.xlsx
2016,2100004,East Kentucky nonmetropolitan area,,KY,False,39-9011,Childcare Workers,590.0,15.3,19190.0,19190,9.22,2.2,18610.0,BOS_M2016_dl.xlsx
2016,2200001,"Washington Parish, Louisiana nonmetropolitan area",,LA,False,39-9011,Childcare Workers,60.0,46.4,17940.0,17940,8.62,4.5,17830.0,BOS_M2016_dl.xlsx
2016,2200002,Central Louisiana nonmetropolitan area,,LA,False,39-9011,Childcare Workers,360.0,5.0,18600.0,18600,8.94,3.1,18180.0,BOS_M2016_dl.xlsx
2016,2200003,Northeast Louisiana nonmetropolitan area,,LA,False,39-9011,Childcare Workers,220.0,40.3,17760.0,17760,8.54,3.5,17780.0,BOS_M2016_dl.xlsx
2016,2200004,Southwest Louisiana nonmetropolitan area,,LA,False,39-9011,Childcare Workers,290.0,24.9,18850.0,18850,9.06,3.8,18290.0,BOS_M2016_dl.xlsx
2016,2500002,Southwest Massachusetts nonmetropolitan area,,MA,False,39-9011,Childcare Workers,40.0,0.0,30130.0,30130,14.49,2.2,27160.0,BOS_M2016_dl.xlsx
2016,2500003,Northwest Massachusetts nonmetropolitan area,,MA,False,39-9011,Childcare Workers,150.0,34.6,23960.0,23960,11.52,1.9,23260.0,BOS_M2016_dl.xlsx
2016,2400001,Upper Eastern Shore of Maryland nonmetropolitan area,,MD,False,39-9011,Childcare Workers,190.0,30.6,27350.0,27350,13.15,6.4,26000.0,BOS_M2016_dl.xlsx
2016,2300001,Northeast Maine nonmetropolitan area,,ME,False,39-9011,Childcare Workers,180.0,33.2,22760.0,22760,10.94,5.4,22300.0,BOS_M2016_dl.xlsx
2016,2300002,Southwest Maine nonmetropolitan area,,ME,False,39-9011,Childcare Workers,1050.0,23.2,23080.0,23080,11.1,2.2,22400.0,BOS_M2016_dl.xlsx
2016,2600001,Upper Peninsula of Michigan nonmetropolitan area,,MI,False,39-9011,Childcare Workers,410.0,18.0,21810.0,21810,10.48,2.6,20640.0,BOS_M2016_dl.xlsx
2016,2600002,Northeast Lower Peninsula of Michigan nonmetropolitan area,,MI,False,39-9011,Childcare Workers,370.0,11.4,19940.0,19940,9.58,4.7,18970.0,BOS_M2016_dl.xlsx
2016,2600003,Northwest Lower Peninsula of Michigan nonmetropolitan area,,MI,False,39-9011,Childcare Workers,360.0,17.0,21540.0,21540,10.36,3.7,20310.0,BOS_M2016_dl.xlsx
2016,2600004,Balance of Lower Peninsula of Michigan nonmetropolitan area,,MI,False,39-9011,Childcare Workers,1590.0,23.6,21940.0,21940,10.55,2.8,19920.0,BOS_M2016_dl.xlsx
2016,2700001,Northwest Minnesota nonmetropolitan area,,MN,False,39-9011,Childcare Workers,350.0,16.8,27480.0,27480,13.21,8.1,25620.0,BOS_M2016_dl.xlsx
2016,2700002,Northeast Minnesota nonmetropolitan area,,MN,False,39-9011,Childcare Workers,110.0,43.4,22060.0,22060,10.6,2.9,20590.0,BOS_M2016_dl.xlsx
2016,2700003,Southwest Minnesota nonmetropolitan area,,MN,False,39-9011,Childcare Workers,450.0,43.0,28770.0,28770,13.83,6.5,29280.0,BOS_M2016_dl.xlsx
2016,2700004,Southeast Minnesota nonmetropolitan area,,MN,False,39-9011,Childcare Workers,430.0,14.6,21810.0,21810,10.48,3.0,19860.0,BOS_M2016_dl.xlsx
2016,2900001,Central Missouri nonmetropolitan area,,MO,False,39-9011,Childcare Workers,920.0,10.0,20050.0,20050,9.64,3.6,18770.0,BOS_M2016_dl.xlsx
2016,2900002,North Missouri nonmetropolitan area,,MO,False,39-9011,Childcare Workers,470.0,20.4,20550.0,20550,9.88,3.0,18670.0,BOS_M2016_dl.xlsx
2016,2900003,Southeast Missouri nonmetropolitan area,,MO,False,39-9011,Childcare Workers,810.0,15.8,23240.0,23240,11.17,14.8,19350.0,BOS_M2016_dl.xlsx
2016,2900004,Southwest Missouri nonmetropolitan area,,MO,False,39-9011,Childcare Workers,160.0,32.6,20230.0,20230,9.72,2.9,19310.0,BOS_M2016_dl.xlsx
2016,2800001,Northeast Mississippi nonmetropolitan area,,MS,False,39-9011,Childcare Workers,770.0,38.9,18720.0,18720,9.0,2.8,18410.0,BOS_M2016_dl.xlsx
2016,2800002,Northwest Mississippi nonmetropolitan area,,MS,False,39-9011,Childcare Workers,670.0,16.8,18560.0,18560,8.92,6.1,18000.0,BOS_M2016_dl.xlsx
2016,2800003,Southeast Mississippi nonmetropolitan area,,MS,False,39-9011,Childcare Workers,1010.0,24.7,18990.0,18990,9.13,2.7,18420.0,BOS_M2016_dl.xlsx
2016,2800004,Southwest Mississippi nonmetropolitan area,,MS,False,39-9011,Childcare Workers,790.0,5.6,17730.0,17730,8.52,3.7,17830.0,BOS_M2016_dl.xlsx
2016,3000001,East Montana nonmetropolitan area,,MT,False,39-9011,Childcare Workers,110.0,30.1,21370.0,21370,10.27,4.6,19820.0,BOS_M2016_dl.xlsx
2016,3000002,Central Montana nonmetropolitan area,,MT,False,39-9011,Childcare Workers,90.0,46.7,20430.0,20430,9.82,4.1,19160.0,BOS_M2016_dl.xlsx
2016,3000003,Southwest Montana nonmetropolitan area,,MT,False,39-9011,Childcare Workers,660.0,25.0,19820.0,19820,9.53,3.9,18690.0,BOS_M2016_dl.xlsx
2016,3000004,West Montana nonmetropolitan area,,MT,False,39-9011,Childcare Workers,270.0,36.7,22890.0,22890,11.01,3.8,21720.0,BOS_M2016_dl.xlsx
2016,3700001,Southeast Coastal North Carolina nonmetropolitan area,,NC,False,39-9011,Childcare Workers,1340.0,19.5,19160.0,19160,9.21,4.5,18570.0,BOS_M2016_dl.xlsx
2016,3700002,Northeast Coastal North Carolina nonmetropolitan area,,NC,False,39-9011,Childcare Workers,,,21340.0,21340,10.26,2.9,21470.0,BOS_M2016_dl.xlsx
2016,3700003,Piedmont North Carolina nonmetropolitan area,,NC,False,39-9011,Childcare Workers,1760.0,11.6,21910.0,21910,10.53,2.8,20190.0,BOS_M2016_dl.xlsx
2016,3700004,Mountain North Carolina nonmetropolitan area,,NC,False,39-9011,Childcare Workers,770.0,18.5,22460.0,22460,10.8,5.1,21450.0,BOS_M2016_dl.xlsx
2016,3800001,Far West North Dakota nonmetropolitan area,,ND,False,39-9011,Childcare Workers,200.0,30.0,29980.0,29980,14.41,7.2,28960.0,BOS_M2016_dl.xlsx
2016,3800002,West Central North Dakota nonmetropolitan area,,ND,False,39-9011,Childcare Workers,240.0,9.0,22430.0,22430,10.79,4.6,22170.0,BOS_M2016_dl.xlsx
2016,3800003,East Central North Dakota nonmetropolitan area,,ND,False,39-9011,Childcare Workers,310.0,6.7,21990.0,21990,10.57,5.9,21330.0,BOS_M2016_dl.xlsx
2016,3800004,Far East North Dakota nonmetropolitan area,,ND,False,39-9011,Childcare Workers,120.0,15.2,20080.0,20080,9.66,5.8,18800.0,BOS_M2016_dl.xlsx
2016,3100001,Northwest Nebraska nonmetropolitan area,,NE,False,39-9011,Childcare Workers,130.0,13.1,21910.0,21910,10.54,5.2,19690.0,BOS_M2016_dl.xlsx
2016,3100002,Central Nebraska nonmetropolitan area,,NE,False,39-9011,Childcare Workers,750.0,13.6,20380.0,20380,9.8,1.7,19450.0,BOS_M2016_dl.xlsx
2016,3100003,Northeast Nebraska nonmetropolitan area,,NE,False,39-9011,Childcare Workers,470.0,24.5,20340.0,20340,9.78,2.4,19450.0,BOS_M2016_dl.xlsx
2016,3100004,Southeast Nebraska nonmetropolitan area,,NE,False,39-9011,Childcare Workers,190.0,47.7,20760.0,20760,9.98,3.7,19640.0,BOS_M2016_dl.xlsx
2016,3300001,Northern New Hampshire nonmetropolitan area,,NH,False,39-9011,Childcare Workers,130.0,15.5,24530.0,24530,11.79,7.7,23660.0,BOS_M2016_dl.xlsx
2016,3300002,Central New Hampshire nonmetropolitan area,,NH,False,39-9011,Childcare Workers,410.0,14.3,21160.0,21160,10.17,4.5,21160.0,BOS_M2016_dl.xlsx
2016,3300003,West Central New Hampshire nonmetropolitan area,,NH,False,39-9011,Childcare Workers,240.0,21.3,22430.0,22430,10.78,3.5,21130.0,BOS_M2016_dl.xlsx
2016,3300004,Southwest New Hampshire nonmetropolitan area,,NH,False,39-9011,Childcare Workers,160.0,24.3,21790.0,21790,10.48,5.7,20860.0,BOS_M2016_dl.xlsx
2016,3500001,North and West Central New Mexico nonmetropolitan area,,NM,False,39-9011,Childcare Workers,200.0,28.6,23040.0,23040,11.08,5.5,20040.0,BOS_M2016_dl.xlsx
2016,3500002,Eastern New Mexico nonmetropolitan area,,NM,False,39-9011,Childcare Workers,260.0,7.4,18190.0,18190,8.75,3.4,18190.0,BOS_M2016_dl.xlsx
2016,3200001,South Nevada nonmetropolitan area,,NV,False,39-9011,Childcare Workers,140.0,17.2,22810.0,22810,10.97,6.3,19850.0,BOS_M2016_dl.xlsx
2016,3200002,North Nevada nonmetropolitan area,,NV,False,39-9011,Childcare Workers,100.0,31.5,17570.0,17570,8.45,3.8,17870.0,BOS_M2016_dl.xlsx
2016,3600001,Capital/Northern New York nonmetropolitan area,,NY,False,39-9011,Childcare Workers,500.0,23.1,23160.0,23160,11.13,5.1,20400.0,BOS_M2016_dl.xlsx
2016,3600002,East Central New York nonmetropolitan area,,NY,False,39-9011,Childcare Workers,120.0,17.1,34520.0,34520,16.59,5.6,34890.0,BOS_M2016_dl.xlsx
2016,3600003,Central New York nonmetropolitan area,,NY,False,39-9011,Childcare Workers,780.0,14.8,22360.0,22360,10.75,1.8,20210.0,BOS_M2016_dl.xlsx
2016,3600004,Southwest New York nonmetropolitan area,,NY,False,39-9011,Childcare Workers,770.0,24.4,24310.0,24310,11.69,3.7,19930.0,BOS_M2016_dl.xlsx
2016,3900001,West Northwestern Ohio nonmetropolitan area,,OH,False,39-9011,Childcare Workers,900.0,24.7,21390.0,21390,10.28,3.8,19330.0,BOS_M2016_dl.xlsx
2016,3900002,North Northeastern Ohio non-metropolitan area (non-contiguous),,OH,False,39-9011,Childcare Workers,1090.0,15.2,19980.0,19980,9.61,1.9,19170.0,BOS_M2016_dl.xlsx
2016,3900003,Eastern Ohio nonmetropolitan area,,OH,False,39-9011,Childcare Workers,300.0,29.6,19590.0,19590,9.42,2.8,18970.0,BOS_M2016_dl.xlsx
2016,3900004,Southern Ohio non-metropolitan area,,OH,False,39-9011,Childcare Workers,280.0,48.3,21110.0,21110,10.15,3.2,19350.0,BOS_M2016_dl.xlsx
2016,4000001,Northeast Oklahoma nonmetropolitan area,,OK,False,39-9011,Childcare Workers,720.0,10.5,20350.0,20350,9.78,2.9,19310.0,BOS_M2016_dl.xlsx
2016,4000002,Northwest Oklahoma nonmetropolitan area,,OK,False,39-9011,Childcare Workers,520.0,27.0,18360.0,18360,8.83,2.6,18130.0,BOS_M2016_dl.xlsx
2016,4000003,Southwest Oklahoma nonmetropolitan area,,OK,False,39-9011,Childcare Workers,330.0,22.0,20120.0,20120,9.68,3.9,19420.0,BOS_M2016_dl.xlsx
2016,4000004,Southeast Oklahoma nonmetropolitan area,,OK,False,39-9011,Childcare Workers,720.0,18.7,19930.0,19930,9.58,2.9,19250.0,BOS_M2016_dl.xlsx
2016,4100001,North Coast Oregon nonmetropolitan area,,OR,False,39-9011,Childcare Workers,80.0,43.4,22890.0,22890,11.01,2.7,22950.0,BOS_M2016_dl.xlsx
2016,4100002,South Coast Oregon nonmetropolitan area,,OR,False,39-9011,Childcare Workers,130.0,31.2,22800.0,22800,10.96,3.8,22580.0,BOS_M2016_dl.xlsx
2016,4100003,Central Oregon nonmetropolitan area,,OR,False,39-9011,Childcare Workers,190.0,23.2,23540.0,23540,11.32,2.8,22760.0,BOS_M2016_dl.xlsx
2016,4100004,Eastern Oregon nonmetropolitan area,,OR,False,39-9011,Childcare Workers,90.0,42.8,23530.0,23530,11.31,5.1,20350.0,BOS_M2016_dl.xlsx
2016,4200001,Western Pennsylvania nonmetropolitan area,,PA,False,39-9011,Childcare Workers,530.0,25.5,20740.0,20740,9.97,3.3,19180.0,BOS_M2016_dl.xlsx
2016,4200002,Northern Pennsylvania nonmetropolitan area,,PA,False,39-9011,Childcare Workers,650.0,22.3,20670.0,20670,9.94,8.1,18920.0,BOS_M2016_dl.xlsx
2016,4200003,Southern Pennsylvania nonmetropolitan area,,PA,False,39-9011,Childcare Workers,500.0,25.7,19540.0,19540,9.4,6.0,18340.0,BOS_M2016_dl.xlsx
2016,4500001,Low Country South Carolina nonmetropolitan area,,SC,False,39-9011,Childcare Workers,160.0,12.6,17520.0,17520,8.42,4.3,17730.0,BOS_M2016_dl.xlsx
2016,4500002,Upper Savannah South Carolina nonmetropolitan area,,SC,False,39-9011,Childcare Workers,490.0,15.5,19770.0,19770,9.51,6.9,18520.0,BOS_M2016_dl.xlsx
2016,4500003,Pee Dee South Carolina nonmetropolitan area,,SC,False,39-9011,Childcare Workers,,,21060.0,21060,10.13,7.8,19130.0,BOS_M2016_dl.xlsx
2016,4500004,Lower Savannah South Carolina nonmetropolitan area,,SC,False,39-9011,Childcare Workers,,,19900.0,19900,9.57,3.7,19120.0,BOS_M2016_dl.xlsx
2016,4600002,East South Dakota nonmetropolitan area,,SD,False,39-9011,Childcare Workers,700.0,14.6,20890.0,20890,10.04,2.0,19830.0,BOS_M2016_dl.xlsx
2016,4600003,West South Dakota nonmetropolitan area,,SD,False,39-9011,Childcare Workers,400.0,14.5,20140.0,20140,9.68,2.1,19270.0,BOS_M2016_dl.xlsx
2016,4700001,West Tennessee nonmetropolitan area,,TN,False,39-9011,Childcare Workers,350.0,27.2,18360.0,18360,8.83,3.0,18080.0,BOS_M2016_dl.xlsx
2016,4700002,South Central Tennessee nonmetropolitan area,,TN,False,39-9011,Childcare Workers,150.0,42.2,18100.0,18100,8.7,4.5,18140.0,BOS_M2016_dl.xlsx
2016,4700003,North Central Tennessee nonmetropolitan area,,TN,False,39-9011,Childcare Workers,340.0,29.1,19530.0,19530,9.39,3.6,19250.0,BOS_M2016_dl.xlsx
2016,4700004,East Tennessee nonmetropolitan area,,TN,False,39-9011,Childcare Workers,440.0,12.8,19530.0,19530,9.39,3.5,18530.0,BOS_M2016_dl.xlsx
2016,4800001,West Texas Region of Texas nonmetropolitan area,,TX,False,39-9011,Childcare Workers,620.0,21.2,19480.0,19480,9.37,3.1,18770.0,BOS_M2016_dl.xlsx
2016,4800002,North Texas Region of Texas nonmetropolitan area,,TX,False,39-9011,Childcare Workers,1050.0,16.4,18100.0,18100,8.7,3.3,17990.0,BOS_M2016_dl.xlsx
2016,4800003,Big Thicket Region of Texas nonmetropolitan area,,TX,False,39-9011,Childcare Workers,570.0,9.3,20690.0,20690,9.95,5.2,19780.0,BOS_M2016_dl.xlsx
2016,4800004,Hill Country Region of Texas nonmetropolitan area,,TX,False,39-9011,Childcare Workers,1030.0,16.1,19420.0,19420,9.34,5.0,18700.0,BOS_M2016_dl.xlsx
2016,4800005,Border Region of Texas nonmetropolitan area,,TX,False,39-9011,Childcare Workers,240.0,35.7,20970.0,20970,10.08,9.9,18900.0,BOS_M2016_dl.xlsx
2016,4800006,Coastal Plains Region of Texas nonmetropolitan area,,TX,False,39-9011,Childcare Workers,550.0,27.9,19620.0,19620,9.43,4.9,18460.0,BOS_M2016_dl.xlsx
2016,4900001,Wasatch Back nonmetropolitan area,,UT,False,39-9011,Childcare Workers,200.0,17.6,24070.0,24070,11.57,16.0,20010.0,BOS_M2016_dl.xlsx
2016,4900002,Central Utah nonmetropolitan area,,UT,False,39-9011,Childcare Workers,110.0,18.3,22830.0,22830,10.98,9.3,19250.0,BOS_M2016_dl.xlsx
2016,4900004,Eastern Utah nonmetropolitan area,,UT,False,39-9011,Childcare Workers,90.0,31.8,20240.0,20240,9.73,6.8,19170.0,BOS_M2016_dl.xlsx
2016,5100001,Southwest Virginia nonmetropolitan area,,VA,False,39-9011,Childcare Workers,100.0,28.0,24870.0,24870,11.96,4.8,23350.0,BOS_M2016_dl.xlsx
2016,5100002,Southside Virginia nonmetropolitan area,,VA,False,39-9011,Childcare Workers,220.0,37.4,18840.0,18840,9.06,2.6,18400.0,BOS_M2016_dl.xlsx
2016,5100003,Northeast Virginia nonmetropolitan area,,VA,False,39-9011,Childcare Workers,180.0,48.9,18540.0,18540,8.91,3.1,18130.0,BOS_M2016_dl.xlsx
2016,5100004,Northwest Virginia nonmetropolitan area,,VA,False,39-9011,Childcare Workers,150.0,32.3,19170.0,19170,9.22,2.7,18560.0,BOS_M2016_dl.xlsx
2016,5000001,Southern Vermont nonmetropolitan area,,VT,False,39-9011,Childcare Workers,420.0,22.4,26910.0,26910,12.94,4.4,24230.0,BOS_M2016_dl.xlsx
2016,5000002,Northern Vermont nonmetropolitan area,,VT,False,39-9011,Childcare Workers,200.0,25.8,28820.0,28820,13.86,3.7,28630.0,BOS_M2016_dl.xlsx
2016,5300001,Northwest Washington nonmetropolitan area,,WA,False,39-9011,Childcare Workers,110.0,24.8,28500.0,28500,13.7,6.6,28030.0,BOS_M2016_dl.xlsx
2016,5300002,Southwest Washington nonmetropolitan area,,WA,False,39-9011,Childcare Workers,280.0,29.4,25040.0,25040,12.04,1.6,24030.0,BOS_M2016_dl.xlsx
2016,5300003,Central Washington nonmetropolitan area,,WA,False,39-9011,Childcare Workers,,,24690.0,24690,11.87,4.3,23450.0,BOS_M2016_dl.xlsx
2016,5300004,East Washington nonmetropolitan area,,WA,False,39-9011,Childcare Workers,,,24630.0,24630,11.84,3.6,23580.0,BOS_M2016_dl.xlsx
2016,5500001,Northwestern Wisconsin nonmetropolitan area,,WI,False,39-9011,Childcare Workers,110.0,42.9,19710.0,19710,9.47,3.7,18900.0,BOS_M2016_dl.xlsx
2016,5500002,Northeastern Wisconsin nonmetropolitan area,,WI,False,39-9011,Childcare Workers,430.0,22.7,21260.0,21260,10.22,5.5,19420.0,BOS_M2016_dl.xlsx
2016,5500003,South Central Wisconsin nonmetropolitan area,,WI,False,39-9011,Childcare Workers,290.0,29.4,18630.0,18630,8.96,3.3,18390.0,BOS_M2016_dl.xlsx
2016,5500004,Western Wisconsin nonmetropolitan area,,WI,False,39-9011,Childcare Workers,,,23680.0,23680,11.38,7.1,22710.0,BOS_M2016_dl.xlsx
2016,5400001,Southern West Virginia nonmetropolitan area,,WV,False,39-9011,Childcare Workers,160.0,34.2,21360.0,21360,10.27,4.9,19900.0,BOS_M2016_dl.xlsx
2016,5400002,Northern West Virginia nonmetropolitan area,,WV,False,39-9011,Childcare Workers,270.0,45.0,19950.0,19950,9.59,3.2,18980.0,BOS_M2016_dl.xlsx
2016,5600001,Northwest Wyoming nonmetropolitan area,,WY,False,39-9011,Childcare Workers,230.0,48.2,22450.0,22450,10.79,8.6,20930.0,BOS_M2016_dl.xlsx
2016,5600002,Southwest Wyoming nonmetropolitan area,,WY,False,39-9011,Childcare Workers,290.0,26.3,27110.0,27110,13.03,2.4,26250.0,BOS_M2016_dl.xlsx
2016,5600003,Northeast Wyoming nonmetropolitan area,,WY,False,39-9011,Childcare Workers,330.0,18.9,24400.0,24400,11.73,3.7,23590.0,BOS_M2016_dl.xlsx
2016,5600004,Central-Southeast Wyoming nonmetropolitan area,,WY,False,39-9011,Childcare Workers,420.0,21.4,24930.0,24930,11.98,5.5,24160.0,BOS_M2016_dl.xlsx
2016,0011260,"Anchorage, AK",,AK,True,39-9011,Childcare Workers,1960.0,21.1,26010.0,26010,12.51,2.7,25250.0,MSA_M2016_dl.xlsx
2016,0021820,"Fairbanks, AK",,AK,True,39-9011,Childcare Workers,130.0,34.1,32280.0,32280,15.52,5.1,32840.0,MSA_M2016_dl.xlsx
2016,0011500,"Anniston-Oxford-Jacksonville, AL",,AL,True,39-9011,Childcare Workers,140.0,25.4,18270.0,18270,8.78,4.8,18100.0,MSA_M2016_dl.xlsx
2016,0012220,"Auburn-Opelika, AL",,AL,True,39-9011,Childcare Workers,470.0,14.0,19080.0,19080,9.17,3.1,18620.0,MSA_M2016_dl.xlsx
2016,0013820,"Birmingham-Hoover, AL",,AL,True,39-9011,Childcare Workers,2300.0,6.8,18840.0,18840,9.06,2.3,18360.0,MSA_M2016_dl.xlsx
2016,0019300,"Daphne-Fairhope-Foley, AL",,AL,True,39-9011,Childcare Workers,250.0,49.5,19410.0,19410,9.33,7.6,18480.0,MSA_M2016_dl.xlsx
2016,0019460,"Decatur, AL",,AL,True,39-9011,Childcare Workers,200.0,9.5,17430.0,17430,8.38,3.3,17770.0,MSA_M2016_dl.xlsx
2016,0020020,"Dothan, AL",,AL,True,39-9011,Childcare Workers,,,18990.0,18990,9.13,4.6,18340.0,MSA_M2016_dl.xlsx
2016,0022520,"Florence-Muscle Shoals, AL",,AL,True,39-9011,Childcare Workers,230.0,18.2,17770.0,17770,8.55,2.9,17920.0,MSA_M2016_dl.xlsx
2016,0023460,"Gadsden, AL",,AL,True,39-9011,Childcare Workers,220.0,7.9,17620.0,17620,8.47,2.6,17890.0,MSA_M2016_dl.xlsx
2016,0026620,"Huntsville, AL",,AL,True,39-9011,Childcare Workers,860.0,19.9,18360.0,18360,8.83,4.5,18130.0,MSA_M2016_dl.xlsx
2016,0033660,"Mobile, AL",,AL,True,39-9011,Childcare Workers,860.0,12.9,18770.0,18770,9.02,2.7,18380.0,MSA_M2016_dl.xlsx
2016,0033860,"Montgomery, AL",,AL,True,39-9011,Childcare Workers,1060.0,31.0,18310.0,18310,8.8,3.5,18080.0,MSA_M2016_dl.xlsx
2016,0046220,"Tuscaloosa, AL",,AL,True,39-9011,Childcare Workers,490.0,2.5,19760.0,19760,9.5,2.6,19280.0,MSA_M2016_dl.xlsx
2016,0022220,"Fayetteville-Springdale-Rogers, AR-MO",,AR,True,39-9011,Childcare Workers,1430.0,14.2,19700.0,19700,9.47,2.7,18780.0,MSA_M2016_dl.xlsx
2016,0022900,"Fort Smith, AR-OK",,AR,True,39-9011,Childcare Workers,610.0,10.8,18950.0,18950,9.11,1.9,18580.0,MSA_M2016_dl.xlsx
2016,0026300,"Hot Springs, AR",,AR,True,39-9011,Childcare Workers,,,18800.0,18800,9.04,3.4,18480.0,MSA_M2016_dl.xlsx
2016,0027860,"Jonesboro, AR",,AR,True,39-9011,Childcare Workers,240.0,31.5,20260.0,20260,9.74,3.5,19100.0,MSA_M2016_dl.xlsx
2016,0030780,"Little Rock-North Little Rock-Conway, AR",,AR,True,39-9011,Childcare Workers,2130.0,18.2,20330.0,20330,9.78,2.4,19460.0,MSA_M2016_dl.xlsx
2016,0038220,"Pine Bluff, AR",,AR,True,39-9011,Childcare Workers,120.0,37.6,19150.0,19150,9.21,3.3,18540.0,MSA_M2016_dl.xlsx
2016,0022380,"Flagstaff, AZ",,AZ,True,39-9011,Childcare Workers,90.0,15.7,22280.0,22280,10.71,5.2,19970.0,MSA_M2016_dl.xlsx
2016,0029420,"Lake Havasu City-Kingman, AZ",,AZ,True,39-9011,Childcare Workers,130.0,16.2,19490.0,19490,9.37,3.9,18700.0,MSA_M2016_dl.xlsx
2016,0038060,"Phoenix-Mesa-Scottsdale, AZ",,AZ,True,39-9011,Childcare Workers,6320.0,13.8,22250.0,22250,10.7,1.6,21830.0,MSA_M2016_dl.xlsx
2016,0039140,"Prescott, AZ",,AZ,True,39-9011,Childcare Workers,80.0,43.9,21010.0,21010,10.1,3.4,19710.0,MSA_M2016_dl.xlsx
2016,0043420,"Sierra Vista-Douglas, AZ",,AZ,True,39-9011,Childcare Workers,140.0,15.6,19730.0,19730,9.49,4.5,18900.0,MSA_M2016_dl.xlsx
2016,0046060,"Tucson, AZ",,AZ,True,39-9011,Childcare Workers,870.0,18.2,20790.0,20790,9.99,2.6,19280.0,MSA_M2016_dl.xlsx
2016,0049740,"Yuma, AZ",,AZ,True,39-9011,Childcare Workers,240.0,35.4,20300.0,20300,9.76,3.5,19160.0,MSA_M2016_dl.xlsx
2016,0011244,"Anaheim-Santa Ana-Irvine, CA Metropolitan Division",,CA,True,39-9011,Childcare Workers,4240.0,14.2,27170.0,27170,13.06,2.3,25070.0,MSA_M2016_dl.xlsx
2016,0012540,"Bakersfield, CA",,CA,True,39-9011,Childcare Workers,1150.0,15.4,24610.0,24610,11.83,2.3,23580.0,MSA_M2016_dl.xlsx
2016,0017020,"Chico, CA",,CA,True,39-9011,Childcare Workers,840.0,32.2,24730.0,24730,11.89,2.7,21470.0,MSA_M2016_dl.xlsx
2016,0020940,"El Centro, CA",,CA,True,39-9011,Childcare Workers,360.0,20.5,23960.0,23960,11.52,3.7,20960.0,MSA_M2016_dl.xlsx
2016,0023420,"Fresno, CA",,CA,True,39-9011,Childcare Workers,1530.0,21.5,25990.0,25990,12.49,2.5,24220.0,MSA_M2016_dl.xlsx
2016,0025260,"Hanford-Corcoran, CA",,CA,True,39-9011,Childcare Workers,150.0,42.5,24050.0,24050,11.56,4.5,23070.0,MSA_M2016_dl.xlsx
2016,0031084,"Los Angeles-Long Beach-Glendale, CA Metropolitan Division",,CA,True,39-9011,Childcare Workers,16110.0,9.3,26310.0,26310,12.65,1.5,24860.0,MSA_M2016_dl.xlsx
2016,0031460,"Madera, CA",,CA,True,39-9011,Childcare Workers,160.0,29.3,25760.0,25760,12.39,1.6,24180.0,MSA_M2016_dl.xlsx
2016,0032900,"Merced, CA",,CA,True,39-9011,Childcare Workers,190.0,36.9,26900.0,26900,12.93,1.9,27070.0,MSA_M2016_dl.xlsx
2016,0033700,"Modesto, CA",,CA,True,39-9011,Childcare Workers,760.0,12.4,25940.0,25940,12.47,3.4,24620.0,MSA_M2016_dl.xlsx
2016,0034900,"Napa, CA",,CA,True,39-9011,Childcare Workers,,,26600.0,26600,12.79,3.3,24590.0,MSA_M2016_dl.xlsx
2016,0036084,"Oakland-Hayward-Berkeley, CA Metropolitan Division",,CA,True,39-9011,Childcare Workers,3450.0,10.7,29050.0,29050,13.97,2.3,28330.0,MSA_M2016_dl.xlsx
2016,0037100,"Oxnard-Thousand Oaks-Ventura, CA",,CA,True,39-9011,Childcare Workers,1730.0,21.1,26030.0,26030,12.52,2.1,24330.0,MSA_M2016_dl.xlsx
2016,0039820,"Redding, CA",,CA,True,39-9011,Childcare Workers,350.0,37.3,25700.0,25700,12.36,1.9,24890.0,MSA_M2016_dl.xlsx
2016,0040140,"Riverside-San Bernardino-Ontario, CA",,CA,True,39-9011,Childcare Workers,5220.0,8.7,26250.0,26250,12.62,2.2,24520.0,MSA_M2016_dl.xlsx
2016,0040900,"Sacramento--Roseville--Arden-Arcade, CA",,CA,True,39-9011,Childcare Workers,3270.0,16.2,26610.0,26610,12.79,2.6,24310.0,MSA_M2016_dl.xlsx
2016,0041500,"Salinas, CA",,CA,True,39-9011,Childcare Workers,430.0,49.3,26110.0,26110,12.55,4.1,24700.0,MSA_M2016_dl.xlsx
2016,0041740,"San Diego-Carlsbad, CA",,CA,True,39-9011,Childcare Workers,5530.0,11.7,27160.0,27160,13.06,2.1,25450.0,MSA_M2016_dl.xlsx
2016,0041884,"San Francisco-Redwood City-South San Francisco, CA Metropolitan Division",,CA,True,39-9011,Childcare Workers,3290.0,17.6,30720.0,30720,14.77,5.8,30470.0,MSA_M2016_dl.xlsx
2016,0041940,"San Jose-Sunnyvale-Santa Clara, CA",,CA,True,39-9011,Childcare Workers,2790.0,22.9,29770.0,29770,14.31,4.1,28630.0,MSA_M2016_dl.xlsx
2016,0042020,"San Luis Obispo-Paso Robles-Arroyo Grande, CA",,CA,True,39-9011,Childcare Workers,350.0,20.6,25790.0,25790,12.4,2.8,23830.0,MSA_M2016_dl.xlsx
2016,0042034,"San Rafael, CA Metropolitan Division",,CA,True,39-9011,Childcare Workers,720.0,33.1,38180.0,38180,18.35,8.5,37420.0,MSA_M2016_dl.xlsx
2016,0042100,"Santa Cruz-Watsonville, CA",,CA,True,39-9011,Childcare Workers,320.0,45.2,25870.0,25870,12.44,2.4,24360.0,MSA_M2016_dl.xlsx
2016,0042200,"Santa Maria-Santa Barbara, CA",,CA,True,39-9011,Childcare Workers,820.0,20.6,27510.0,27510,13.23,4.6,23760.0,MSA_M2016_dl.xlsx
2016,0042220,"Santa Rosa, CA",,CA,True,39-9011,Childcare Workers,790.0,28.5,29920.0,29920,14.38,4.2,28680.0,MSA_M2016_dl.xlsx
2016,0044700,"Stockton-Lodi, CA",,CA,True,39-9011,Childcare Workers,1410.0,21.5,27980.0,27980,13.45,3.2,27220.0,MSA_M2016_dl.xlsx
2016,0046700,"Vallejo-Fairfield, CA",,CA,True,39-9011,Childcare Workers,450.0,33.3,26600.0,26600,12.79,4.4,26460.0,MSA_M2016_dl.xlsx
2016,0047300,"Visalia-Porterville, CA",,CA,True,39-9011,Childcare Workers,500.0,24.6,26020.0,26020,12.51,2.6,23960.0,MSA_M2016_dl.xlsx
2016,0049700,"Yuba City, CA",,CA,True,39-9011,Childcare Workers,270.0,26.9,24840.0,24840,11.94,1.8,23210.0,MSA_M2016_dl.xlsx
2016,0014500,"Boulder, CO",,CO,True,39-9011,Childcare Workers,760.0,20.1,27990.0,27990,13.46,3.4,27650.0,MSA_M2016_dl.xlsx
2016,0017820,"Colorado Springs, CO",,CO,True,39-9011,Childcare Workers,500.0,26.2,23100.0,23100,11.1,6.1,21840.0,MSA_M2016_dl.xlsx
2016,0019740,"Denver-Aurora-Lakewood, CO",,CO,True,39-9011,Childcare Workers,5350.0,11.3,27410.0,27410,13.18,2.1,26550.0,MSA_M2016_dl.xlsx
2016,0022660,"Fort Collins, CO",,CO,True,39-9011,Childcare Workers,400.0,26.7,21830.0,21830,10.49,3.0,19980.0,MSA_M2016_dl.xlsx
2016,0024300,"Grand Junction, CO",,CO,True,39-9011,Childcare Workers,160.0,25.1,21100.0,21100,10.14,4.3,19620.0,MSA_M2016_dl.xlsx
2016,0024540,"Greeley, CO",,CO,True,39-9011,Childcare Workers,190.0,24.4,22720.0,22720,10.92,5.5,21520.0,MSA_M2016_dl.xlsx
2016,0039380,"Pueblo, CO",,CO,True,39-9011,Childcare Workers,150.0,17.2,22720.0,22720,10.92,4.7,19920.0,MSA_M2016_dl.xlsx
2016,0071950,"Bridgeport-Stamford-Norwalk, CT",,CT,True,39-9011,Childcare Workers,2830.0,17.2,25540.0,25540,12.28,2.6,23550.0,MSA_M2016_dl.xlsx
2016,0072850,"Danbury, CT",,CT,True,39-9011,Childcare Workers,340.0,28.1,25800.0,25800,12.4,7.4,24010.0,MSA_M2016_dl.xlsx
2016,0073450,"Hartford-West Hartford-East Hartford, CT",,CT,True,39-9011,Childcare Workers,2120.0,21.9,24630.0,24630,11.84,1.6,22810.0,MSA_M2016_dl.xlsx
2016,0075700,"New Haven, CT",,CT,True,39-9011,Childcare Workers,1490.0,11.0,26560.0,26560,12.77,3.6,23950.0,MSA_M2016_dl.xlsx
2016,0076450,"Norwich-New London-Westerly, CT-RI",,CT,True,39-9011,Childcare Workers,750.0,14.8,23910.0,23910,11.49,2.8,22460.0,MSA_M2016_dl.xlsx
2016,0078700,"Waterbury, CT",,CT,True,39-9011,Childcare Workers,530.0,17.3,24940.0,24940,11.99,4.5,23720.0,MSA_M2016_dl.xlsx
2016,0047894,"Washington-Arlington-Alexandria, DC-VA-MD-WV Metropolitan Division",,DC,True,39-9011,Childcare Workers,9320.0,7.7,26900.0,26900,12.93,3.7,24980.0,MSA_M2016_dl.xlsx
2016,0020100,"Dover, DE",,DE,True,39-9011,Childcare Workers,300.0,36.6,25190.0,25190,12.11,4.7,26370.0,MSA_M2016_dl.xlsx
2016,0048864,"Wilmington, DE-MD-NJ Metropolitan Division",,DE,True,39-9011,Childcare Workers,1260.0,15.5,21440.0,21440,10.31,2.3,19840.0,MSA_M2016_dl.xlsx
2016,0015980,"Cape Coral-Fort Myers, FL",,FL,True,39-9011,Childcare Workers,1440.0,13.1,22960.0,22960,11.04,3.7,21800.0,MSA_M2016_dl.xlsx
2016,0018880,"Crestview-Fort Walton Beach-Destin, FL",,FL,True,39-9011,Childcare Workers,530.0,18.8,21600.0,21600,10.39,3.2,19470.0,MSA_M2016_dl.xlsx
2016,0019660,"Deltona-Daytona Beach-Ormond Beach, FL",,FL,True,39-9011,Childcare Workers,880.0,13.7,21960.0,21960,10.56,2.4,20820.0,MSA_M2016_dl.xlsx
2016,0022744,"Fort Lauderdale-Pompano Beach-Deerfield Beach, FL Metropolitan Division",,FL,True,39-9011,Childcare Workers,4080.0,9.4,21140.0,21140,10.16,2.0,19910.0,MSA_M2016_dl.xlsx
2016,0023540,"Gainesville, FL",,FL,True,39-9011,Childcare Workers,240.0,16.2,21280.0,21280,10.23,3.3,19950.0,MSA_M2016_dl.xlsx
2016,0026140,"Homosassa Springs, FL",,FL,True,39-9011,Childcare Workers,,,19460.0,19460,9.35,4.0,19000.0,MSA_M2016_dl.xlsx
2016,0027260,"Jacksonville, FL",,FL,True,39-9011,Childcare Workers,2820.0,13.8,21650.0,21650,10.41,1.9,21160.0,MSA_M2016_dl.xlsx
2016,0029460,"Lakeland-Winter Haven, FL",,FL,True,39-9011,Childcare Workers,850.0,13.6,19480.0,19480,9.37,2.1,18830.0,MSA_M2016_dl.xlsx
2016,0033124,"Miami-Miami Beach-Kendall, FL Metropolitan Division",,FL,True,39-9011,Childcare Workers,6250.0,12.7,22200.0,22200,10.67,3.1,19750.0,MSA_M2016_dl.xlsx
2016,0034940,"Naples-Immokalee-Marco Island, FL",,FL,True,39-9011,Childcare Workers,500.0,10.9,23810.0,23810,11.45,2.7,23240.0,MSA_M2016_dl.xlsx
2016,0035840,"North Port-Sarasota-Bradenton, FL",,FL,True,39-9011,Childcare Workers,1020.0,8.5,23490.0,23490,11.29,4.3,22070.0,MSA_M2016_dl.xlsx
2016,0036100,"Ocala, FL",,FL,True,39-9011,Childcare Workers,330.0,39.3,22510.0,22510,10.82,3.1,20850.0,MSA_M2016_dl.xlsx
2016,0036740,"Orlando-Kissimmee-Sanford, FL",,FL,True,39-9011,Childcare Workers,3980.0,13.0,21110.0,21110,10.15,1.4,20610.0,MSA_M2016_dl.xlsx
2016,0037340,"Palm Bay-Melbourne-Titusville, FL",,FL,True,39-9011,Childcare Workers,990.0,26.9,21580.0,21580,10.37,3.8,21140.0,MSA_M2016_dl.xlsx
2016,0037460,"Panama City, FL",,FL,True,39-9011,Childcare Workers,220.0,46.6,21590.0,21590,10.38,8.1,20490.0,MSA_M2016_dl.xlsx
2016,0037860,"Pensacola-Ferry Pass-Brent, FL",,FL,True,39-9011,Childcare Workers,740.0,19.8,19790.0,19790,9.51,3.3,18960.0,MSA_M2016_dl.xlsx
2016,0038940,"Port St. Lucie, FL",,FL,True,39-9011,Childcare Workers,610.0,14.0,21790.0,21790,10.48,2.9,20740.0,MSA_M2016_dl.xlsx
2016,0039460,"Punta Gorda, FL",,FL,True,39-9011,Childcare Workers,110.0,31.0,22430.0,22430,10.78,2.2,21840.0,MSA_M2016_dl.xlsx
2016,0042680,"Sebastian-Vero Beach, FL",,FL,True,39-9011,Childcare Workers,100.0,26.0,23830.0,23830,11.46,6.7,23300.0,MSA_M2016_dl.xlsx
2016,0042700,"Sebring, FL",,FL,True,39-9011,Childcare Workers,210.0,15.5,22070.0,22070,10.61,3.5,21380.0,MSA_M2016_dl.xlsx
2016,0045220,"Tallahassee, FL",,FL,True,39-9011,Childcare Workers,560.0,8.1,21890.0,21890,10.52,2.1,20570.0,MSA_M2016_dl.xlsx
2016,0045300,"Tampa-St. Petersburg-Clearwater, FL",,FL,True,39-9011,Childcare Workers,6010.0,5.8,21130.0,21130,10.16,1.8,19840.0,MSA_M2016_dl.xlsx
2016,0045540,"The Villages, FL",,FL,True,39-9011,Childcare Workers,,,18900.0,18900,9.09,3.7,18730.0,MSA_M2016_dl.xlsx
2016,0048424,"West Palm Beach-Boca Raton-Delray Beach, FL Metropolitan Division",,FL,True,39-9011,Childcare Workers,2040.0,17.3,21870.0,21870,10.52,4.0,19910.0,MSA_M2016_dl.xlsx
2016,0010500,"Albany, GA",,GA,True,39-9011,Childcare Workers,,,19220.0,19220,9.24,5.0,18390.0,MSA_M2016_dl.xlsx
2016,0012020,"Athens-Clarke County, GA",,GA,True,39-9011,Childcare Workers,510.0,18.1,19770.0,19770,9.5,3.8,18870.0,MSA_M2016_dl.xlsx
2016,0012060,"Atlanta-Sandy Springs-Roswell, GA",,GA,True,39-9011,Childcare Workers,13050.0,10.8,21320.0,21320,10.25,2.1,19770.0,MSA_M2016_dl.xlsx
2016,0012260,"Augusta-Richmond County, GA-SC",,GA,True,39-9011,Childcare Workers,650.0,16.4,18790.0,18790,9.03,2.3,18400.0,MSA_M2016_dl.xlsx
2016,0015260,"Brunswick, GA",,GA,True,39-9011,Childcare Workers,150.0,29.6,20810.0,20810,10.01,7.0,18760.0,MSA_M2016_dl.xlsx
2016,0017980,"Columbus, GA-AL",,GA,True,39-9011,Childcare Workers,700.0,15.1,19150.0,19150,9.21,2.2,18380.0,MSA_M2016_dl.xlsx
2016,0019140,"Dalton, GA",,GA,True,39-9011,Childcare Workers,160.0,49.9,22100.0,22100,10.62,5.7,21150.0,MSA_M2016_dl.xlsx
2016,0023580,"Gainesville, GA",,GA,True,39-9011,Childcare Workers,200.0,37.0,19040.0,19040,9.16,3.5,18260.0,MSA_M2016_dl.xlsx
2016,0025980,"Hinesville, GA",,GA,True,39-9011,Childcare Workers,110.0,46.3,18570.0,18570,8.93,4.0,18080.0,MSA_M2016_dl.xlsx
2016,0031420,"Macon, GA",,GA,True,39-9011,Childcare Workers,220.0,37.3,19460.0,19460,9.36,6.5,18680.0,MSA_M2016_dl.xlsx
2016,0040660,"Rome, GA",,GA,True,39-9011,Childcare Workers,70.0,32.8,24070.0,24070,11.57,14.5,18420.0,MSA_M2016_dl.xlsx
2016,0042340,"Savannah, GA",,GA,True,39-9011,Childcare Workers,680.0,17.3,18520.0,18520,8.9,3.6,18520.0,MSA_M2016_dl.xlsx
2016,0046660,"Valdosta, GA",,GA,True,39-9011,Childcare Workers,280.0,16.0,18730.0,18730,9.01,4.3,18120.0,MSA_M2016_dl.xlsx
2016,0047580,"Warner Robins, GA",,GA,True,39-9011,Childcare Workers,370.0,30.1,19230.0,19230,9.24,5.0,18380.0,MSA_M2016_dl.xlsx
2016,0027980,"Kahului-Wailuku-Lahaina, HI",,HI,True,39-9011,Childcare Workers,220.0,27.0,21830.0,21830,10.5,3.3,19210.0,MSA_M2016_dl.xlsx
2016,0046520,"Urban Honolulu, HI",,HI,True,39-9011,Childcare Workers,1990.0,26.1,21240.0,21240,10.21,6.0,19570.0,MSA_M2016_dl.xlsx
2016,0011180,"Ames, IA",,IA,True,39-9011,Childcare Workers,380.0,18.5,20000.0,20000,9.61,3.3,19480.0,MSA_M2016_dl.xlsx
2016,0016300,"Cedar Rapids, IA",,IA,True,39-9011,Childcare Workers,770.0,12.0,22930.0,22930,11.02,5.4,21750.0,MSA_M2016_dl.xlsx
2016,0019340,"Davenport-Moline-Rock Island, IA-IL",,IA,True,39-9011,Childcare Workers,560.0,22.8,21160.0,21160,10.17,3.2,19660.0,MSA_M2016_dl.xlsx
2016,0019780,"Des Moines-West Des Moines, IA",,IA,True,39-9011,Childcare Workers,1810.0,23.8,23290.0,23290,11.2,3.5,23470.0,MSA_M2016_dl.xlsx
2016,0020220,"Dubuque, IA",,IA,True,39-9011,Childcare Workers,360.0,25.2,18490.0,18490,8.89,3.8,18150.0,MSA_M2016_dl.xlsx
2016,0026980,"Iowa City, IA",,IA,True,39-9011,Childcare Workers,780.0,13.4,21420.0,21420,10.3,4.0,21610.0,MSA_M2016_dl.xlsx
2016,0043580,"Sioux City, IA-NE-SD",,IA,True,39-9011,Childcare Workers,260.0,23.5,20160.0,20160,9.69,4.9,19420.0,MSA_M2016_dl.xlsx
2016,0047940,"Waterloo-Cedar Falls, IA",,IA,True,39-9011,Childcare Workers,540.0,26.0,19130.0,19130,9.2,2.7,18760.0,MSA_M2016_dl.xlsx
2016,0014260,"Boise City, ID",,ID,True,39-9011,Childcare Workers,680.0,37.0,18480.0,18480,8.89,2.9,18330.0,MSA_M2016_dl.xlsx
2016,0017660,"Coeur d'Alene, ID",,ID,True,39-9011,Childcare Workers,,,20180.0,20180,9.7,3.6,19440.0,MSA_M2016_dl.xlsx
2016,0026820,"Idaho Falls, ID",,ID,True,39-9011,Childcare Workers,250.0,28.0,17650.0,17650,8.48,3.4,17750.0,MSA_M2016_dl.xlsx
2016,0030300,"Lewiston, ID-WA",,ID,True,39-9011,Childcare Workers,80.0,28.1,22120.0,22120,10.64,2.9,22060.0,MSA_M2016_dl.xlsx
2016,0038540,"Pocatello, ID",,ID,True,39-9011,Childcare Workers,200.0,26.7,17470.0,17470,8.4,3.7,17770.0,MSA_M2016_dl.xlsx
2016,0014010,"Bloomington, IL",,IL,True,39-9011,Childcare Workers,460.0,6.8,21130.0,21130,10.16,1.9,20190.0,MSA_M2016_dl.xlsx
2016,0016060,"Carbondale-Marion, IL",,IL,True,39-9011,Childcare Workers,180.0,44.7,20910.0,20910,10.05,2.5,19510.0,MSA_M2016_dl.xlsx
2016,0016580,"Champaign-Urbana, IL",,IL,True,39-9011,Childcare Workers,470.0,21.3,22620.0,22620,10.87,2.5,21680.0,MSA_M2016_dl.xlsx
2016,0016974,"Chicago-Naperville-Arlington Heights, IL Metropolitan Division",,IL,True,39-9011,Childcare Workers,9680.0,13.0,24380.0,24380,11.72,1.9,22890.0,MSA_M2016_dl.xlsx
2016,0019180,"Danville, IL",,IL,True,39-9011,Childcare Workers,80.0,21.4,25910.0,25910,12.46,17.8,20200.0,MSA_M2016_dl.xlsx
2016,0019500,"Decatur, IL",,IL,True,39-9011,Childcare Workers,150.0,29.5,22760.0,22760,10.94,4.6,21760.0,MSA_M2016_dl.xlsx
2016,0020994,"Elgin, IL Metropolitan Division",,IL,True,39-9011,Childcare Workers,1060.0,15.5,24740.0,24740,11.89,3.2,24930.0,MSA_M2016_dl.xlsx
2016,0028100,"Kankakee, IL",,IL,True,39-9011,Childcare Workers,210.0,42.5,23270.0,23270,11.19,2.8,22180.0,MSA_M2016_dl.xlsx
2016,0029404,"Lake County-Kenosha County, IL-WI Metropolitan Division",,IL,True,39-9011,Childcare Workers,1470.0,19.1,23180.0,23180,11.14,2.2,22550.0,MSA_M2016_dl.xlsx
2016,0037900,"Peoria, IL",,IL,True,39-9011,Childcare Workers,730.0,25.5,22500.0,22500,10.82,2.3,20980.0,MSA_M2016_dl.xlsx
2016,0040420,"Rockford, IL",,IL,True,39-9011,Childcare Workers,200.0,17.2,22380.0,22380,10.76,3.1,19780.0,MSA_M2016_dl.xlsx
2016,0044100,"Springfield, IL",,IL,True,39-9011,Childcare Workers,340.0,24.4,22580.0,22580,10.86,2.9,21070.0,MSA_M2016_dl.xlsx
2016,0014020,"Bloomington, IN",,IN,True,39-9011,Childcare Workers,230.0,39.0,18030.0,18030,8.67,3.1,18110.0,MSA_M2016_dl.xlsx
2016,0018020,"Columbus, IN",,IN,True,39-9011,Childcare Workers,140.0,2.6,,*,,,,MSA_M2016_dl.xlsx
2016,0021140,"Elkhart-Goshen, IN",,IN,True,39-9011,Childcare Workers,130.0,15.4,20010.0,20010,9.62,5.2,19900.0,MSA_M2016_dl.xlsx
2016,0021780,"Evansville, IN-KY",,IN,True,39-9011,Childcare Workers,640.0,12.3,19040.0,19040,9.16,2.2,18780.0,MSA_M2016_dl.xlsx
2016,0023060,"Fort Wayne, IN",,IN,True,39-9011,Childcare Workers,370.0,22.9,22700.0,22700,10.91,9.8,20510.0,MSA_M2016_dl.xlsx
2016,0023844,"Gary, IN Metropolitan Division",,IN,True,39-9011,Childcare Workers,1170.0,14.0,20230.0,20230,9.72,5.7,18930.0,MSA_M2016_dl.xlsx
2016,0026900,"Indianapolis-Carmel-Anderson, IN",,IN,True,39-9011,Childcare Workers,3760.0,14.9,20980.0,20980,10.08,2.3,21260.0,MSA_M2016_dl.xlsx
2016,0029020,"Kokomo, IN",,IN,True,39-9011,Childcare Workers,110.0,29.3,20600.0,20600,9.9,6.1,20960.0,MSA_M2016_dl.xlsx
2016,0033140,"Michigan City-La Porte, IN",,IN,True,39-9011,Childcare Workers,120.0,30.9,19010.0,19010,9.14,3.9,18480.0,MSA_M2016_dl.xlsx
2016,0034620,"Muncie, IN",,IN,True,39-9011,Childcare Workers,580.0,9.6,19590.0,19590,9.42,2.9,19040.0,MSA_M2016_dl.xlsx
2016,0043780,"South Bend-Mishawaka, IN-MI",,IN,True,39-9011,Childcare Workers,230.0,36.4,19160.0,19160,9.21,3.9,19090.0,MSA_M2016_dl.xlsx
2016,0045460,"Terre Haute, IN",,IN,True,39-9011,Childcare Workers,250.0,39.0,18110.0,18110,8.71,4.1,18150.0,MSA_M2016_dl.xlsx
2016,0029940,"Lawrence, KS",,KS,True,39-9011,Childcare Workers,410.0,20.0,19460.0,19460,9.36,3.9,19070.0,MSA_M2016_dl.xlsx
2016,0031740,"Manhattan, KS",,KS,True,39-9011,Childcare Workers,140.0,7.8,18980.0,18980,9.13,8.5,17640.0,MSA_M2016_dl.xlsx
2016,0045820,"Topeka, KS",,KS,True,39-9011,Childcare Workers,320.0,15.2,19370.0,19370,9.31,3.6,18380.0,MSA_M2016_dl.xlsx
2016,0048620,"Wichita, KS",,KS,True,39-9011,Childcare Workers,,,20920.0,20920,10.06,2.9,20020.0,MSA_M2016_dl.xlsx
2016,0014540,"Bowling Green, KY",,KY,True,39-9011,Childcare Workers,430.0,16.6,18960.0,18960,9.12,2.4,18620.0,MSA_M2016_dl.xlsx
2016,0021060,"Elizabethtown-Fort Knox, KY",,KY,True,39-9011,Childcare Workers,400.0,15.6,18900.0,18900,9.09,3.5,18600.0,MSA_M2016_dl.xlsx
2016,0030460,"Lexington-Fayette, KY",,KY,True,39-9011,Childcare Workers,2030.0,12.2,20580.0,20580,9.9,2.0,19310.0,MSA_M2016_dl.xlsx
2016,0031140,"Louisville/Jefferson County, KY-IN",,KY,True,39-9011,Childcare Workers,3790.0,4.9,20610.0,20610,9.91,3.7,18880.0,MSA_M2016_dl.xlsx
2016,0036980,"Owensboro, KY",,KY,True,39-9011,Childcare Workers,390.0,20.3,20410.0,20410,9.81,3.5,20030.0,MSA_M2016_dl.xlsx
2016,0010780,"Alexandria, LA",,LA,True,39-9011,Childcare Workers,290.0,34.4,18610.0,18610,8.95,5.0,18240.0,MSA_M2016_dl.xlsx
2016,0012940,"Baton Rouge, LA",,LA,True,39-9011,Childcare Workers,1940.0,9.4,18580.0,18580,8.93,2.5,18300.0,MSA_M2016_dl.xlsx
2016,0025220,"Hammond, LA",,LA,True,39-9011,Childcare Workers,420.0,30.4,19030.0,19030,9.15,4.7,18860.0,MSA_M2016_dl.xlsx
2016,0026380,"Houma-Thibodaux, LA",,LA,True,39-9011,Childcare Workers,290.0,8.2,19210.0,19210,9.23,3.5,18180.0,MSA_M2016_dl.xlsx
2016,0029180,"Lafayette, LA",,LA,True,39-9011,Childcare Workers,1230.0,7.1,20960.0,20960,10.08,5.4,19310.0,MSA_M2016_dl.xlsx
2016,0029340,"Lake Charles, LA",,LA,True,39-9011,Childcare Workers,290.0,14.9,18670.0,18670,8.97,4.0,18450.0,MSA_M2016_dl.xlsx
2016,0033740,"Monroe, LA",,LA,True,39-9011,Childcare Workers,220.0,22.8,19910.0,19910,9.57,5.6,19090.0,MSA_M2016_dl.xlsx
2016,0035380,"New Orleans-Metairie, LA",,LA,True,39-9011,Childcare Workers,2090.0,13.5,19560.0,19560,9.4,3.4,18640.0,MSA_M2016_dl.xlsx
2016,0043340,"Shreveport-Bossier City, LA",,LA,True,39-9011,Childcare Workers,500.0,20.8,18910.0,18910,9.09,3.8,18300.0,MSA_M2016_dl.xlsx
2016,0070900,"Barnstable Town, MA",,MA,True,39-9011,Childcare Workers,230.0,41.1,26370.0,26370,12.68,6.4,23340.0,MSA_M2016_dl.xlsx
2016,0071654,"Boston-Cambridge-Newton, MA NECTA Division",,MA,True,39-9011,Childcare Workers,6110.0,12.1,28840.0,28840,13.86,1.9,27440.0,MSA_M2016_dl.xlsx
2016,0072104,"Brockton-Bridgewater-Easton, MA NECTA Division",,MA,True,39-9011,Childcare Workers,320.0,25.9,23960.0,23960,11.52,2.5,22960.0,MSA_M2016_dl.xlsx
2016,0073104,"Framingham, MA NECTA Division",,MA,True,39-9011,Childcare Workers,690.0,31.6,29970.0,29970,14.41,2.6,28530.0,MSA_M2016_dl.xlsx
2016,0073604,"Haverhill-Newburyport-Amesbury Town, MA-NH NECTA Division",,MA,True,39-9011,Childcare Workers,430.0,41.0,22920.0,22920,11.02,2.6,22330.0,MSA_M2016_dl.xlsx
2016,0074204,"Lawrence-Methuen Town-Salem, MA-NH NECTA Division",,MA,True,39-9011,Childcare Workers,450.0,25.6,25260.0,25260,12.15,2.9,24590.0,MSA_M2016_dl.xlsx
2016,0074500,"Leominster-Gardner, MA",,MA,True,39-9011,Childcare Workers,320.0,23.7,26890.0,26890,12.93,2.3,27020.0,MSA_M2016_dl.xlsx
2016,0074804,"Lowell-Billerica-Chelmsford, MA-NH NECTA Division",,MA,True,39-9011,Childcare Workers,500.0,18.1,25400.0,25400,12.21,3.1,23470.0,MSA_M2016_dl.xlsx
2016,0074854,"Lynn-Saugus-Marblehead, MA NECTA Division",,MA,True,39-9011,Childcare Workers,270.0,39.4,27270.0,27270,13.11,4.0,27130.0,MSA_M2016_dl.xlsx
2016,0075550,"New Bedford, MA",,MA,True,39-9011,Childcare Workers,140.0,22.1,22610.0,22610,10.87,2.3,20960.0,MSA_M2016_dl.xlsx
2016,0076524,"Peabody-Salem-Beverly, MA NECTA Division",,MA,True,39-9011,Childcare Workers,400.0,24.7,27150.0,27150,13.05,3.0,24760.0,MSA_M2016_dl.xlsx
2016,0076600,"Pittsfield, MA",,MA,True,39-9011,Childcare Workers,,,24170.0,24170,11.62,2.2,23260.0,MSA_M2016_dl.xlsx
2016,0078100,"Springfield, MA-CT",,MA,True,39-9011,Childcare Workers,1040.0,20.0,25810.0,25810,12.41,2.5,23840.0,MSA_M2016_dl.xlsx
2016,0078254,"Taunton-Middleborough-Norton, MA NECTA Division",,MA,True,39-9011,Childcare Workers,290.0,17.7,28160.0,28160,13.54,7.0,27210.0,MSA_M2016_dl.xlsx
2016,0079600,"Worcester, MA-CT",,MA,True,39-9011,Childcare Workers,980.0,14.1,26710.0,26710,12.84,2.4,24550.0,MSA_M2016_dl.xlsx
2016,0012580,"Baltimore-Columbia-Towson, MD",,MD,True,39-9011,Childcare Workers,4380.0,19.3,23240.0,23240,11.17,2.9,21100.0,MSA_M2016_dl.xlsx
2016,0015680,"California-Lexington Park, MD",,MD,True,39-9011,Childcare Workers,80.0,20.6,24100.0,24100,11.58,8.4,20990.0,MSA_M2016_dl.xlsx
2016,0019060,"Cumberland, MD-WV",,MD,True,39-9011,Childcare Workers,160.0,46.3,21650.0,21650,10.41,7.5,19460.0,MSA_M2016_dl.xlsx
2016,0025180,"Hagerstown-Martinsburg, MD-WV",,MD,True,39-9011,Childcare Workers,570.0,14.2,22110.0,22110,10.63,2.8,19680.0,MSA_M2016_dl.xlsx
2016,0041540,"Salisbury, MD-DE",,MD,True,39-9011,Childcare Workers,480.0,29.9,21300.0,21300,10.24,2.8,19380.0,MSA_M2016_dl.xlsx
2016,0043524,"Silver Spring-Frederick-Rockville, MD Metropolitan Division",,MD,True,39-9011,Childcare Workers,2640.0,10.9,29560.0,29560,14.21,3.7,28030.0,MSA_M2016_dl.xlsx
2016,0070750,"Bangor, ME",,ME,True,39-9011,Childcare Workers,290.0,29.1,23960.0,23960,11.52,7.0,20210.0,MSA_M2016_dl.xlsx
2016,0074650,"Lewiston-Auburn, ME",,ME,True,39-9011,Childcare Workers,190.0,24.6,21380.0,21380,10.28,4.0,21590.0,MSA_M2016_dl.xlsx
2016,0076750,"Portland-South Portland, ME",,ME,True,39-9011,Childcare Workers,1180.0,15.3,22980.0,22980,11.05,3.8,22780.0,MSA_M2016_dl.xlsx
2016,0011460,"Ann Arbor, MI",,MI,True,39-9011,Childcare Workers,670.0,22.4,22540.0,22540,10.84,2.6,21440.0,MSA_M2016_dl.xlsx
2016,0012980,"Battle Creek, MI",,MI,True,39-9011,Childcare Workers,290.0,27.4,21350.0,21350,10.26,2.8,19610.0,MSA_M2016_dl.xlsx
2016,0013020,"Bay City, MI",,MI,True,39-9011,Childcare Workers,140.0,16.4,19300.0,19300,9.28,2.8,18820.0,MSA_M2016_dl.xlsx
2016,0019804,"Detroit-Dearborn-Livonia, MI Metropolitan Division",,MI,True,39-9011,Childcare Workers,2800.0,14.3,23380.0,23380,11.24,4.8,20060.0,MSA_M2016_dl.xlsx
2016,0022420,"Flint, MI",,MI,True,39-9011,Childcare Workers,1020.0,7.9,21150.0,21150,10.17,1.9,19940.0,MSA_M2016_dl.xlsx
2016,0024340,"Grand Rapids-Wyoming, MI",,MI,True,39-9011,Childcare Workers,1940.0,14.2,24180.0,24180,11.62,2.5,21810.0,MSA_M2016_dl.xlsx
2016,0027100,"Jackson, MI",,MI,True,39-9011,Childcare Workers,150.0,27.8,21700.0,21700,10.43,4.1,19750.0,MSA_M2016_dl.xlsx
2016,0028020,"Kalamazoo-Portage, MI",,MI,True,39-9011,Childcare Workers,700.0,6.8,20480.0,20480,9.85,3.4,19260.0,MSA_M2016_dl.xlsx
2016,0029620,"Lansing-East Lansing, MI",,MI,True,39-9011,Childcare Workers,990.0,15.2,22670.0,22670,10.9,3.4,19620.0,MSA_M2016_dl.xlsx
2016,0033220,"Midland, MI",,MI,True,39-9011,Childcare Workers,310.0,19.1,20870.0,20870,10.04,3.4,19550.0,MSA_M2016_dl.xlsx
2016,0033780,"Monroe, MI",,MI,True,39-9011,Childcare Workers,160.0,16.5,21310.0,21310,10.24,2.5,19640.0,MSA_M2016_dl.xlsx
2016,0034740,"Muskegon, MI",,MI,True,39-9011,Childcare Workers,230.0,36.1,21860.0,21860,10.51,2.9,21790.0,MSA_M2016_dl.xlsx
2016,0035660,"Niles-Benton Harbor, MI",,MI,True,39-9011,Childcare Workers,220.0,17.8,24550.0,24550,11.8,5.5,22600.0,MSA_M2016_dl.xlsx
2016,0040980,"Saginaw, MI",,MI,True,39-9011,Childcare Workers,,,21150.0,21150,10.17,1.8,19740.0,MSA_M2016_dl.xlsx
2016,0047664,"Warren-Troy-Farmington Hills, MI Metropolitan Division",,MI,True,39-9011,Childcare Workers,4250.0,11.8,22800.0,22800,10.96,1.7,20940.0,MSA_M2016_dl.xlsx
2016,0020260,"Duluth, MN-WI",,MN,True,39-9011,Childcare Workers,530.0,21.2,22700.0,22700,10.91,2.8,22190.0,MSA_M2016_dl.xlsx
2016,0031860,"Mankato-North Mankato, MN",,MN,True,39-9011,Childcare Workers,170.0,17.7,20340.0,20340,9.78,3.0,19580.0,MSA_M2016_dl.xlsx
2016,0033460,"Minneapolis-St. Paul-Bloomington, MN-WI",,MN,True,39-9011,Childcare Workers,7490.0,11.4,24590.0,24590,11.82,1.9,23500.0,MSA_M2016_dl.xlsx
2016,0040340,"Rochester, MN",,MN,True,39-9011,Childcare Workers,590.0,23.2,23160.0,23160,11.13,4.3,20610.0,MSA_M2016_dl.xlsx
2016,0041060,"St. Cloud, MN",,MN,True,39-9011,Childcare Workers,140.0,43.5,23500.0,23500,11.3,6.4,22440.0,MSA_M2016_dl.xlsx
2016,0016020,"Cape Girardeau, MO-IL",,MO,True,39-9011,Childcare Workers,300.0,12.8,19670.0,19670,9.46,4.8,18550.0,MSA_M2016_dl.xlsx
2016,0017860,"Columbia, MO",,MO,True,39-9011,Childcare Workers,430.0,34.3,24080.0,24080,11.58,7.7,20140.0,MSA_M2016_dl.xlsx
2016,0027620,"Jefferson City, MO",,MO,True,39-9011,Childcare Workers,590.0,21.8,21890.0,21890,10.52,4.0,19360.0,MSA_M2016_dl.xlsx
2016,0027900,"Joplin, MO",,MO,True,39-9011,Childcare Workers,400.0,20.9,20320.0,20320,9.77,5.3,18860.0,MSA_M2016_dl.xlsx
2016,0028140,"Kansas City, MO-KS",,MO,True,39-9011,Childcare Workers,5440.0,10.2,20850.0,20850,10.03,2.8,19390.0,MSA_M2016_dl.xlsx
2016,0041140,"St. Joseph, MO-KS",,MO,True,39-9011,Childcare Workers,170.0,9.2,18980.0,18980,9.12,3.3,18470.0,MSA_M2016_dl.xlsx
2016,0041180,"St. Louis, MO-IL",,MO,True,39-9011,Childcare Workers,5940.0,9.8,22990.0,22990,11.05,3.0,21410.0,MSA_M2016_dl.xlsx
2016,0044180,"Springfield, MO",,MO,True,39-9011,Childcare Workers,1020.0,14.7,19510.0,19510,9.38,2.4,18590.0,MSA_M2016_dl.xlsx
2016,0025060,"Gulfport-Biloxi-Pascagoula, MS",,MS,True,39-9011,Childcare Workers,390.0,30.5,20720.0,20720,9.96,6.7,19540.0,MSA_M2016_dl.xlsx
2016,0025620,"Hattiesburg, MS",,MS,True,39-9011,Childcare Workers,310.0,29.9,18350.0,18350,8.82,2.6,18320.0,MSA_M2016_dl.xlsx
2016,0027140,"Jackson, MS",,MS,True,39-9011,Childcare Workers,2050.0,13.1,19150.0,19150,9.21,2.1,18700.0,MSA_M2016_dl.xlsx
2016,0013740,"Billings, MT",,MT,True,39-9011,Childcare Workers,590.0,10.3,21130.0,21130,10.16,3.0,19840.0,MSA_M2016_dl.xlsx
2016,0024500,"Great Falls, MT",,MT,True,39-9011,Childcare Workers,270.0,33.5,21960.0,21960,10.56,2.8,22100.0,MSA_M2016_dl.xlsx
2016,0033540,"Missoula, MT",,MT,True,39-9011,Childcare Workers,430.0,38.9,19450.0,19450,9.35,3.6,18770.0,MSA_M2016_dl.xlsx
2016,0011700,"Asheville, NC",,NC,True,39-9011,Childcare Workers,710.0,17.9,24740.0,24740,11.9,5.5,23720.0,MSA_M2016_dl.xlsx
2016,0015500,"Burlington, NC",,NC,True,39-9011,Childcare Workers,270.0,19.9,19090.0,19090,9.18,3.3,18780.0,MSA_M2016_dl.xlsx
2016,0016740,"Charlotte-Concord-Gastonia, NC-SC",,NC,True,39-9011,Childcare Workers,5990.0,10.5,22730.0,22730,10.93,2.7,21640.0,MSA_M2016_dl.xlsx
2016,0020500,"Durham-Chapel Hill, NC",,NC,True,39-9011,Childcare Workers,1180.0,25.1,22750.0,22750,10.94,5.0,22140.0,MSA_M2016_dl.xlsx
2016,0022180,"Fayetteville, NC",,NC,True,39-9011,Childcare Workers,800.0,27.6,19690.0,19690,9.47,2.4,18840.0,MSA_M2016_dl.xlsx
2016,0024140,"Goldsboro, NC",,NC,True,39-9011,Childcare Workers,,,18460.0,18460,8.87,5.0,18300.0,MSA_M2016_dl.xlsx
2016,0024660,"Greensboro-High Point, NC",,NC,True,39-9011,Childcare Workers,1900.0,20.0,19400.0,19400,9.33,2.3,18800.0,MSA_M2016_dl.xlsx
2016,0024780,"Greenville, NC",,NC,True,39-9011,Childcare Workers,300.0,42.8,21800.0,21800,10.48,5.9,21730.0,MSA_M2016_dl.xlsx
2016,0025860,"Hickory-Lenoir-Morganton, NC",,NC,True,39-9011,Childcare Workers,580.0,11.4,19870.0,19870,9.56,3.7,19120.0,MSA_M2016_dl.xlsx
2016,0027340,"Jacksonville, NC",,NC,True,39-9011,Childcare Workers,330.0,40.5,19290.0,19290,9.27,5.3,18590.0,MSA_M2016_dl.xlsx
2016,0035100,"New Bern, NC",,NC,True,39-9011,Childcare Workers,260.0,32.5,19920.0,19920,9.58,5.1,19990.0,MSA_M2016_dl.xlsx
2016,0039580,"Raleigh, NC",,NC,True,39-9011,Childcare Workers,2760.0,23.9,21080.0,21080,10.14,3.9,19560.0,MSA_M2016_dl.xlsx
2016,0040580,"Rocky Mount, NC",,NC,True,39-9011,Childcare Workers,370.0,23.9,18930.0,18930,9.1,5.0,18350.0,MSA_M2016_dl.xlsx
2016,0048900,"Wilmington, NC",,NC,True,39-9011,Childcare Workers,640.0,27.0,21120.0,21120,10.15,3.0,20900.0,MSA_M2016_dl.xlsx
2016,0049180,"Winston-Salem, NC",,NC,True,39-9011,Childcare Workers,1760.0,9.9,22420.0,22420,10.78,9.4,19170.0,MSA_M2016_dl.xlsx
2016,0013900,"Bismarck, ND",,ND,True,39-9011,Childcare Workers,670.0,26.0,22410.0,22410,10.78,4.8,21900.0,MSA_M2016_dl.xlsx
2016,0022020,"Fargo, ND-MN",,ND,True,39-9011,Childcare Workers,1180.0,18.8,21160.0,21160,10.17,2.9,19890.0,MSA_M2016_dl.xlsx
2016,0024220,"Grand Forks, ND-MN",,ND,True,39-9011,Childcare Workers,240.0,13.9,20440.0,20440,9.83,4.0,19140.0,MSA_M2016_dl.xlsx
2016,0024260,"Grand Island, NE",,NE,True,39-9011,Childcare Workers,210.0,17.2,20300.0,20300,9.76,3.6,19430.0,MSA_M2016_dl.xlsx
2016,0030700,"Lincoln, NE",,NE,True,39-9011,Childcare Workers,1550.0,5.6,21870.0,21870,10.51,2.6,20470.0,MSA_M2016_dl.xlsx
2016,0036540,"Omaha-Council Bluffs, NE-IA",,NE,True,39-9011,Childcare Workers,4720.0,8.3,22750.0,22750,10.94,2.3,21550.0,MSA_M2016_dl.xlsx
2016,0073050,"Dover-Durham, NH-ME",,NH,True,39-9011,Childcare Workers,310.0,20.9,21500.0,21500,10.33,1.9,21850.0,MSA_M2016_dl.xlsx
2016,0074950,"Manchester, NH",,NH,True,39-9011,Childcare Workers,,,21670.0,21670,10.42,4.8,20710.0,MSA_M2016_dl.xlsx
2016,0075404,"Nashua, NH-MA NECTA Division",,NH,True,39-9011,Childcare Workers,630.0,22.9,23280.0,23280,11.19,2.7,22790.0,MSA_M2016_dl.xlsx
2016,0076900,"Portsmouth, NH-ME",,NH,True,39-9011,Childcare Workers,250.0,23.2,23110.0,23110,11.11,4.2,22840.0,MSA_M2016_dl.xlsx
2016,0012100,"Atlantic City-Hammonton, NJ",,NJ,True,39-9011,Childcare Workers,260.0,17.5,23230.0,23230,11.17,4.5,21930.0,MSA_M2016_dl.xlsx
2016,0015804,"Camden, NJ Metropolitan Division",,NJ,True,39-9011,Childcare Workers,3170.0,15.8,24720.0,24720,11.88,2.5,24020.0,MSA_M2016_dl.xlsx
2016,0035084,"Newark, NJ-PA Metropolitan Division",,NJ,True,39-9011,Childcare Workers,4650.0,8.5,24480.0,24480,11.77,2.5,21960.0,MSA_M2016_dl.xlsx
2016,0036140,"Ocean City, NJ",,NJ,True,39-9011,Childcare Workers,100.0,24.4,26360.0,26360,12.67,2.5,25690.0,MSA_M2016_dl.xlsx
2016,0045940,"Trenton, NJ",,NJ,True,39-9011,Childcare Workers,960.0,21.9,27790.0,27790,13.36,12.8,22480.0,MSA_M2016_dl.xlsx
2016,0047220,"Vineland-Bridgeton, NJ",,NJ,True,39-9011,Childcare Workers,,,22130.0,22130,10.64,4.2,21410.0,MSA_M2016_dl.xlsx
2016,0010740,"Albuquerque, NM",,NM,True,39-9011,Childcare Workers,1260.0,20.7,20540.0,20540,9.87,4.2,19640.0,MSA_M2016_dl.xlsx
2016,0022140,"Farmington, NM",,NM,True,39-9011,Childcare Workers,170.0,18.5,20050.0,20050,9.64,3.9,19160.0,MSA_M2016_dl.xlsx
2016,0029740,"Las Cruces, NM",,NM,True,39-9011,Childcare Workers,480.0,17.8,20060.0,20060,9.64,4.1,19000.0,MSA_M2016_dl.xlsx
2016,0042140,"Santa Fe, NM",,NM,True,39-9011,Childcare Workers,,,27560.0,27560,13.25,8.2,26750.0,MSA_M2016_dl.xlsx
2016,0016180,"Carson City, NV",,NV,True,39-9011,Childcare Workers,100.0,6.4,22170.0,22170,10.66,12.8,19330.0,MSA_M2016_dl.xlsx
2016,0029820,"Las Vegas-Henderson-Paradise, NV",,NV,True,39-9011,Childcare Workers,2090.0,12.7,21170.0,21170,10.18,2.5,20220.0,MSA_M2016_dl.xlsx
2016,0039900,"Reno, NV",,NV,True,39-9011,Childcare Workers,720.0,15.9,24440.0,24440,11.75,3.5,24280.0,MSA_M2016_dl.xlsx
2016,0010580,"Albany-Schenectady-Troy, NY",,NY,True,39-9011,Childcare Workers,2520.0,9.9,24260.0,24260,11.66,2.2,22210.0,MSA_M2016_dl.xlsx
2016,0013780,"Binghamton, NY",,NY,True,39-9011,Childcare Workers,610.0,20.2,22340.0,22340,10.74,3.3,20330.0,MSA_M2016_dl.xlsx
2016,0015380,"Buffalo-Cheektowaga-Niagara Falls, NY",,NY,True,39-9011,Childcare Workers,1830.0,15.6,23400.0,23400,11.25,3.1,20280.0,MSA_M2016_dl.xlsx
2016,0020524,"Dutchess County-Putnam County, NY Metropolitan Division",,NY,True,39-9011,Childcare Workers,780.0,22.7,27050.0,27050,13.01,4.8,26110.0,MSA_M2016_dl.xlsx
2016,0024020,"Glens Falls, NY",,NY,True,39-9011,Childcare Workers,,,22540.0,22540,10.84,3.6,20400.0,MSA_M2016_dl.xlsx
2016,0027060,"Ithaca, NY",,NY,True,39-9011,Childcare Workers,440.0,17.9,23450.0,23450,11.27,2.6,22580.0,MSA_M2016_dl.xlsx
2016,0028740,"Kingston, NY",,NY,True,39-9011,Childcare Workers,180.0,37.8,23770.0,23770,11.43,3.0,23200.0,MSA_M2016_dl.xlsx
2016,0035004,"Nassau County-Suffolk County, NY Metropolitan Division",,NY,True,39-9011,Childcare Workers,4550.0,9.4,28710.0,28710,13.81,2.9,26980.0,MSA_M2016_dl.xlsx
2016,0035614,"New York-Jersey City-White Plains, NY-NJ Metropolitan Division",,NY,True,39-9011,Childcare Workers,27210.0,5.0,28430.0,28430,13.67,4.3,28280.0,MSA_M2016_dl.xlsx
2016,0040380,"Rochester, NY",,NY,True,39-9011,Childcare Workers,2110.0,15.4,23870.0,23870,11.48,2.6,20980.0,MSA_M2016_dl.xlsx
2016,0045060,"Syracuse, NY",,NY,True,39-9011,Childcare Workers,1190.0,14.0,24020.0,24020,11.55,2.8,22710.0,MSA_M2016_dl.xlsx
2016,0046540,"Utica-Rome, NY",,NY,True,39-9011,Childcare Workers,580.0,17.7,24080.0,24080,11.58,3.8,22330.0,MSA_M2016_dl.xlsx
2016,0048060,"Watertown-Fort Drum, NY",,NY,True,39-9011,Childcare Workers,180.0,20.6,23300.0,23300,11.2,7.3,22270.0,MSA_M2016_dl.xlsx
2016,0010420,"Akron, OH",,OH,True,39-9011,Childcare Workers,1100.0,16.2,22130.0,22130,10.64,4.2,19690.0,MSA_M2016_dl.xlsx
2016,0015940,"Canton-Massillon, OH",,OH,True,39-9011,Childcare Workers,670.0,29.3,19910.0,19910,9.57,2.6,19070.0,MSA_M2016_dl.xlsx
2016,0017140,"Cincinnati, OH-KY-IN",,OH,True,39-9011,Childcare Workers,4620.0,13.6,23100.0,23100,11.11,3.1,21890.0,MSA_M2016_dl.xlsx
2016,0017460,"Cleveland-Elyria, OH",,OH,True,39-9011,Childcare Workers,4380.0,14.0,22040.0,22040,10.6,3.2,19930.0,MSA_M2016_dl.xlsx
2016,0018140,"Columbus, OH",,OH,True,39-9011,Childcare Workers,4730.0,8.3,21290.0,21290,10.24,2.5,20490.0,MSA_M2016_dl.xlsx
2016,0019380,"Dayton, OH",,OH,True,39-9011,Childcare Workers,1340.0,12.0,22920.0,22920,11.02,5.2,20530.0,MSA_M2016_dl.xlsx
2016,0030620,"Lima, OH",,OH,True,39-9011,Childcare Workers,230.0,43.8,21440.0,21440,10.31,3.9,20270.0,MSA_M2016_dl.xlsx
2016,0031900,"Mansfield, OH",,OH,True,39-9011,Childcare Workers,140.0,9.1,20840.0,20840,10.02,4.5,19120.0,MSA_M2016_dl.xlsx
2016,0044220,"Springfield, OH",,OH,True,39-9011,Childcare Workers,130.0,30.5,24580.0,24580,11.82,6.9,23250.0,MSA_M2016_dl.xlsx
2016,0045780,"Toledo, OH",,OH,True,39-9011,Childcare Workers,1130.0,12.4,22850.0,22850,10.99,3.4,21160.0,MSA_M2016_dl.xlsx
2016,0049660,"Youngstown-Warren-Boardman, OH-PA",,OH,True,39-9011,Childcare Workers,740.0,13.9,21950.0,21950,10.55,4.6,19760.0,MSA_M2016_dl.xlsx
2016,0030020,"Lawton, OK",,OK,True,39-9011,Childcare Workers,260.0,32.2,18610.0,18610,8.95,4.7,18290.0,MSA_M2016_dl.xlsx
2016,0036420,"Oklahoma City, OK",,OK,True,39-9011,Childcare Workers,3750.0,19.9,19350.0,19350,9.3,2.8,18600.0,MSA_M2016_dl.xlsx
2016,0046140,"Tulsa, OK",,OK,True,39-9011,Childcare Workers,1550.0,18.9,20710.0,20710,9.96,3.8,19010.0,MSA_M2016_dl.xlsx
2016,0010540,"Albany, OR",,OR,True,39-9011,Childcare Workers,170.0,25.1,22500.0,22500,10.82,2.3,22140.0,MSA_M2016_dl.xlsx
2016,0013460,"Bend-Redmond, OR",,OR,True,39-9011,Childcare Workers,200.0,21.4,24780.0,24780,11.92,4.2,23150.0,MSA_M2016_dl.xlsx
2016,0018700,"Corvallis, OR",,OR,True,39-9011,Childcare Workers,110.0,37.8,21300.0,21300,10.24,2.0,20480.0,MSA_M2016_dl.xlsx
2016,0021660,"Eugene, OR",,OR,True,39-9011,Childcare Workers,500.0,23.3,22940.0,22940,11.03,2.4,21910.0,MSA_M2016_dl.xlsx
2016,0024420,"Grants Pass, OR",,OR,True,39-9011,Childcare Workers,,,22330.0,22330,10.73,3.2,22180.0,MSA_M2016_dl.xlsx
2016,0032780,"Medford, OR",,OR,True,39-9011,Childcare Workers,190.0,29.7,29650.0,29650,14.25,9.6,23510.0,MSA_M2016_dl.xlsx
2016,0038900,"Portland-Vancouver-Hillsboro, OR-WA",,OR,True,39-9011,Childcare Workers,4090.0,17.4,24920.0,24920,11.98,2.0,23540.0,MSA_M2016_dl.xlsx
2016,0041420,"Salem, OR",,OR,True,39-9011,Childcare Workers,560.0,22.8,22210.0,22210,10.68,1.7,21650.0,MSA_M2016_dl.xlsx
2016,0010900,"Allentown-Bethlehem-Easton, PA-NJ",,PA,True,39-9011,Childcare Workers,1440.0,12.4,21570.0,21570,10.37,4.3,19570.0,MSA_M2016_dl.xlsx
2016,0011020,"Altoona, PA",,PA,True,39-9011,Childcare Workers,170.0,35.2,18340.0,18340,8.82,4.0,18090.0,MSA_M2016_dl.xlsx
2016,0014100,"Bloomsburg-Berwick, PA",,PA,True,39-9011,Childcare Workers,,,20890.0,20890,10.04,5.0,19910.0,MSA_M2016_dl.xlsx
2016,0016540,"Chambersburg-Waynesboro, PA",,PA,True,39-9011,Childcare Workers,70.0,25.9,18280.0,18280,8.79,4.6,18380.0,MSA_M2016_dl.xlsx
2016,0020700,"East Stroudsburg, PA",,PA,True,39-9011,Childcare Workers,130.0,35.9,18360.0,18360,8.82,5.0,17960.0,MSA_M2016_dl.xlsx
2016,0021500,"Erie, PA",,PA,True,39-9011,Childcare Workers,660.0,21.8,19170.0,19170,9.21,2.7,18500.0,MSA_M2016_dl.xlsx
2016,0023900,"Gettysburg, PA",,PA,True,39-9011,Childcare Workers,40.0,32.3,21260.0,21260,10.22,9.1,19730.0,MSA_M2016_dl.xlsx
2016,0025420,"Harrisburg-Carlisle, PA",,PA,True,39-9011,Childcare Workers,1320.0,16.0,20560.0,20560,9.89,2.6,19910.0,MSA_M2016_dl.xlsx
2016,0027780,"Johnstown, PA",,PA,True,39-9011,Childcare Workers,330.0,21.9,17790.0,17790,8.55,3.5,17730.0,MSA_M2016_dl.xlsx
2016,0029540,"Lancaster, PA",,PA,True,39-9011,Childcare Workers,820.0,32.3,21210.0,21210,10.2,3.4,20640.0,MSA_M2016_dl.xlsx
2016,0030140,"Lebanon, PA",,PA,True,39-9011,Childcare Workers,230.0,35.8,20870.0,20870,10.03,6.2,19890.0,MSA_M2016_dl.xlsx
2016,0033874,"Montgomery County-Bucks County-Chester County, PA Metropolitan Division",,PA,True,39-9011,Childcare Workers,3660.0,11.0,22010.0,22010,10.58,2.4,20440.0,MSA_M2016_dl.xlsx
2016,0037964,"Philadelphia, PA Metropolitan Division",,PA,True,39-9011,Childcare Workers,5750.0,13.9,22380.0,22380,10.76,5.4,19800.0,MSA_M2016_dl.xlsx
2016,0038300,"Pittsburgh, PA",,PA,True,39-9011,Childcare Workers,3490.0,13.7,21350.0,21350,10.27,2.7,20280.0,MSA_M2016_dl.xlsx
2016,0039740,"Reading, PA",,PA,True,39-9011,Childcare Workers,340.0,23.5,20110.0,20110,9.67,4.3,18650.0,MSA_M2016_dl.xlsx
2016,0042540,"Scranton--Wilkes-Barre--Hazleton, PA",,PA,True,39-9011,Childcare Workers,800.0,15.7,20090.0,20090,9.66,4.9,19030.0,MSA_M2016_dl.xlsx
2016,0044300,"State College, PA",,PA,True,39-9011,Childcare Workers,210.0,33.6,19800.0,19800,9.52,5.1,19490.0,MSA_M2016_dl.xlsx
2016,0048700,"Williamsport, PA",,PA,True,39-9011,Childcare Workers,270.0,19.4,20630.0,20630,9.92,2.7,19120.0,MSA_M2016_dl.xlsx
2016,0049620,"York-Hanover, PA",,PA,True,39-9011,Childcare Workers,500.0,22.9,19310.0,19310,9.28,3.4,18860.0,MSA_M2016_dl.xlsx
2016,0010380,"Aguadilla-Isabela, PR",,PR,True,39-9011,Childcare Workers,110.0,26.5,17380.0,17380,8.35,2.9,17840.0,MSA_M2016_dl.xlsx
2016,0011640,"Arecibo, PR",,PR,True,39-9011,Childcare Workers,40.0,19.5,17140.0,17140,8.24,3.3,17550.0,MSA_M2016_dl.xlsx
2016,0032420,"Mayagüez, PR",,PR,True,39-9011,Childcare Workers,60.0,23.7,17170.0,17170,8.26,4.0,17650.0,MSA_M2016_dl.xlsx
2016,0038660,"Ponce, PR",,PR,True,39-9011,Childcare Workers,80.0,38.8,17330.0,17330,8.33,3.3,17650.0,MSA_M2016_dl.xlsx
2016,0041900,"San German, PR",,PR,True,39-9011,Childcare Workers,70.0,17.0,17630.0,17630,8.48,3.5,17820.0,MSA_M2016_dl.xlsx
2016,0041980,"San Juan-Carolina-Caguas, PR",,PR,True,39-9011,Childcare Workers,940.0,33.5,17630.0,17630,8.48,3.0,17910.0,MSA_M2016_dl.xlsx
2016,0077200,"Providence-Warwick, RI-MA",,RI,True,39-9011,Childcare Workers,2320.0,16.6,25020.0,25020,12.03,2.7,22510.0,MSA_M2016_dl.xlsx
2016,0016700,"Charleston-North Charleston, SC",,SC,True,39-9011,Childcare Workers,1210.0,20.5,19870.0,19870,9.55,3.8,18790.0,MSA_M2016_dl.xlsx
2016,0017900,"Columbia, SC",,SC,True,39-9011,Childcare Workers,1110.0,12.7,18830.0,18830,9.05,3.4,18150.0,MSA_M2016_dl.xlsx
2016,0022500,"Florence, SC",,SC,True,39-9011,Childcare Workers,220.0,33.9,18870.0,18870,9.07,4.1,18260.0,MSA_M2016_dl.xlsx
2016,0024860,"Greenville-Anderson-Mauldin, SC",,SC,True,39-9011,Childcare Workers,1160.0,16.6,18270.0,18270,8.78,2.3,18110.0,MSA_M2016_dl.xlsx
2016,0025940,"Hilton Head Island-Bluffton-Beaufort, SC",,SC,True,39-9011,Childcare Workers,300.0,44.1,19440.0,19440,9.35,8.8,18210.0,MSA_M2016_dl.xlsx
2016,0034820,"Myrtle Beach-Conway-North Myrtle Beach, SC-NC",,SC,True,39-9011,Childcare Workers,380.0,48.7,21920.0,21920,10.54,4.5,22210.0,MSA_M2016_dl.xlsx
2016,0043900,"Spartanburg, SC",,SC,True,39-9011,Childcare Workers,,,19640.0,19640,9.44,9.3,18750.0,MSA_M2016_dl.xlsx
2016,0044940,"Sumter, SC",,SC,True,39-9011,Childcare Workers,200.0,4.8,18020.0,18020,8.66,3.8,18080.0,MSA_M2016_dl.xlsx
2016,0039660,"Rapid City, SD",,SD,True,39-9011,Childcare Workers,340.0,15.9,20580.0,20580,9.9,2.1,19450.0,MSA_M2016_dl.xlsx
2016,0043620,"Sioux Falls, SD",,SD,True,39-9011,Childcare Workers,1210.0,9.8,20870.0,20870,10.03,1.9,19850.0,MSA_M2016_dl.xlsx
2016,0016860,"Chattanooga, TN-GA",,TN,True,39-9011,Childcare Workers,900.0,11.2,20370.0,20370,9.79,2.3,19320.0,MSA_M2016_dl.xlsx
2016,0017300,"Clarksville, TN-KY",,TN,True,39-9011,Childcare Workers,560.0,13.0,18170.0,18170,8.74,3.4,18090.0,MSA_M2016_dl.xlsx
2016,0017420,"Cleveland, TN",,TN,True,39-9011,Childcare Workers,,,17930.0,17930,8.62,4.0,17980.0,MSA_M2016_dl.xlsx
2016,0027180,"Jackson, TN",,TN,True,39-9011,Childcare Workers,270.0,20.2,19550.0,19550,9.4,5.0,18620.0,MSA_M2016_dl.xlsx
2016,0027740,"Johnson City, TN",,TN,True,39-9011,Childcare Workers,300.0,15.2,19670.0,19670,9.46,4.6,18690.0,MSA_M2016_dl.xlsx
2016,0028700,"Kingsport-Bristol-Bristol, TN-VA",,TN,True,39-9011,Childcare Workers,320.0,12.3,18380.0,18380,8.84,2.8,18240.0,MSA_M2016_dl.xlsx
2016,0028940,"Knoxville, TN",,TN,True,39-9011,Childcare Workers,1270.0,21.1,18560.0,18560,8.93,2.5,18200.0,MSA_M2016_dl.xlsx
2016,0032820,"Memphis, TN-MS-AR",,TN,True,39-9011,Childcare Workers,2580.0,22.8,20260.0,20260,9.74,2.8,18720.0,MSA_M2016_dl.xlsx
2016,0034980,"Nashville-Davidson--Murfreesboro--Franklin, TN",,TN,True,39-9011,Childcare Workers,3320.0,19.0,22340.0,22340,10.74,2.9,21420.0,MSA_M2016_dl.xlsx
2016,0010180,"Abilene, TX",,TX,True,39-9011,Childcare Workers,420.0,16.4,19580.0,19580,9.41,5.6,18550.0,MSA_M2016_dl.xlsx
2016,0011100,"Amarillo, TX",,TX,True,39-9011,Childcare Workers,500.0,44.7,19890.0,19890,9.56,3.0,18870.0,MSA_M2016_dl.xlsx
2016,0012420,"Austin-Round Rock, TX",,TX,True,39-9011,Childcare Workers,6150.0,9.5,23330.0,23330,11.22,2.7,22850.0,MSA_M2016_dl.xlsx
2016,0013140,"Beaumont-Port Arthur, TX",,TX,True,39-9011,Childcare Workers,630.0,7.5,18360.0,18360,8.83,2.8,18280.0,MSA_M2016_dl.xlsx
2016,0015180,"Brownsville-Harlingen, TX",,TX,True,39-9011,Childcare Workers,1400.0,16.6,19150.0,19150,9.21,3.2,18620.0,MSA_M2016_dl.xlsx
2016,0017780,"College Station-Bryan, TX",,TX,True,39-9011,Childcare Workers,570.0,20.1,19560.0,19560,9.4,2.7,18800.0,MSA_M2016_dl.xlsx
2016,0018580,"Corpus Christi, TX",,TX,True,39-9011,Childcare Workers,1070.0,25.7,19690.0,19690,9.47,3.4,19060.0,MSA_M2016_dl.xlsx
2016,0019124,"Dallas-Plano-Irving, TX Metropolitan Division",,TX,True,39-9011,Childcare Workers,9960.0,8.8,22330.0,22330,10.74,3.3,19650.0,MSA_M2016_dl.xlsx
2016,0021340,"El Paso, TX",,TX,True,39-9011,Childcare Workers,1220.0,14.2,19020.0,19020,9.15,2.9,18370.0,MSA_M2016_dl.xlsx
2016,0023104,"Fort Worth-Arlington, TX Metropolitan Division",,TX,True,39-9011,Childcare Workers,6170.0,9.9,19300.0,19300,9.28,1.8,18600.0,MSA_M2016_dl.xlsx
2016,0026420,"Houston-The Woodlands-Sugar Land, TX",,TX,True,39-9011,Childcare Workers,12890.0,9.0,20280.0,20280,9.75,1.7,19270.0,MSA_M2016_dl.xlsx
2016,0028660,"Killeen-Temple, TX",,TX,True,39-9011,Childcare Workers,790.0,22.1,18120.0,18120,8.71,3.0,18060.0,MSA_M2016_dl.xlsx
2016,0029700,"Laredo, TX",,TX,True,39-9011,Childcare Workers,550.0,7.0,18410.0,18410,8.85,2.5,18080.0,MSA_M2016_dl.xlsx
2016,0030980,"Longview, TX",,TX,True,39-9011,Childcare Workers,370.0,16.8,18290.0,18290,8.79,3.0,17940.0,MSA_M2016_dl.xlsx
2016,0031180,"Lubbock, TX",,TX,True,39-9011,Childcare Workers,840.0,23.9,19290.0,19290,9.27,2.6,18950.0,MSA_M2016_dl.xlsx
2016,0032580,"McAllen-Edinburg-Mission, TX",,TX,True,39-9011,Childcare Workers,1110.0,17.4,19710.0,19710,9.48,4.2,18730.0,MSA_M2016_dl.xlsx
2016,0033260,"Midland, TX",,TX,True,39-9011,Childcare Workers,400.0,17.1,23940.0,23940,11.51,6.2,22890.0,MSA_M2016_dl.xlsx
2016,0036220,"Odessa, TX",,TX,True,39-9011,Childcare Workers,290.0,25.0,21700.0,21700,10.43,2.9,21410.0,MSA_M2016_dl.xlsx
2016,0041660,"San Angelo, TX",,TX,True,39-9011,Childcare Workers,310.0,12.4,18640.0,18640,8.96,3.5,18400.0,MSA_M2016_dl.xlsx
2016,0041700,"San Antonio-New Braunfels, TX",,TX,True,39-9011,Childcare Workers,4900.0,11.9,21700.0,21700,10.43,3.2,20290.0,MSA_M2016_dl.xlsx
2016,0043300,"Sherman-Denison, TX",,TX,True,39-9011,Childcare Workers,160.0,17.3,18230.0,18230,8.77,3.5,18120.0,MSA_M2016_dl.xlsx
2016,0045500,"Texarkana, TX-AR",,TX,True,39-9011,Childcare Workers,260.0,34.1,19340.0,19340,9.3,3.9,18670.0,MSA_M2016_dl.xlsx
2016,0046340,"Tyler, TX",,TX,True,39-9011,Childcare Workers,510.0,30.2,18920.0,18920,9.1,3.0,18350.0,MSA_M2016_dl.xlsx
2016,0047020,"Victoria, TX",,TX,True,39-9011,Childcare Workers,240.0,35.1,17950.0,17950,8.63,3.0,17960.0,MSA_M2016_dl.xlsx
2016,0047380,"Waco, TX",,TX,True,39-9011,Childcare Workers,550.0,17.8,18620.0,18620,8.95,2.7,18260.0,MSA_M2016_dl.xlsx
2016,0048660,"Wichita Falls, TX",,TX,True,39-9011,Childcare Workers,310.0,24.9,17680.0,17680,8.5,2.8,17830.0,MSA_M2016_dl.xlsx
2016,0030860,"Logan, UT-ID",,UT,True,39-9011,Childcare Workers,280.0,30.1,20470.0,20470,9.84,3.7,19540.0,MSA_M2016_dl.xlsx
2016,0036260,"Ogden-Clearfield, UT",,UT,True,39-9011,Childcare Workers,1270.0,8.1,18850.0,18850,9.06,4.0,18070.0,MSA_M2016_dl.xlsx
2016,0039340,"Provo-Orem, UT",,UT,True,39-9011,Childcare Workers,640.0,21.5,20720.0,20720,9.96,2.8,20000.0,MSA_M2016_dl.xlsx
2016,0041100,"St. George, UT",,UT,True,39-9011,Childcare Workers,250.0,7.8,20600.0,20600,9.9,3.0,19390.0,MSA_M2016_dl.xlsx
2016,0041620,"Salt Lake City, UT",,UT,True,39-9011,Childcare Workers,3130.0,10.1,23450.0,23450,11.28,6.3,21490.0,MSA_M2016_dl.xlsx
2016,0013980,"Blacksburg-Christiansburg-Radford, VA",,VA,True,39-9011,Childcare Workers,230.0,44.8,19400.0,19400,9.33,3.6,18960.0,MSA_M2016_dl.xlsx
2016,0016820,"Charlottesville, VA",,VA,True,39-9011,Childcare Workers,550.0,14.1,23470.0,23470,11.28,4.4,22150.0,MSA_M2016_dl.xlsx
2016,0025500,"Harrisonburg, VA",,VA,True,39-9011,Childcare Workers,220.0,8.0,19090.0,19090,9.18,2.3,18540.0,MSA_M2016_dl.xlsx
2016,0031340,"Lynchburg, VA",,VA,True,39-9011,Childcare Workers,480.0,20.5,18680.0,18680,8.98,3.0,18380.0,MSA_M2016_dl.xlsx
2016,0040060,"Richmond, VA",,VA,True,39-9011,Childcare Workers,2550.0,13.6,20010.0,20010,9.62,2.7,18820.0,MSA_M2016_dl.xlsx
2016,0040220,"Roanoke, VA",,VA,True,39-9011,Childcare Workers,500.0,20.6,19240.0,19240,9.25,3.0,18240.0,MSA_M2016_dl.xlsx
2016,0044420,"Staunton-Waynesboro, VA",,VA,True,39-9011,Childcare Workers,240.0,34.2,19920.0,19920,9.58,5.3,18770.0,MSA_M2016_dl.xlsx
2016,0047260,"Virginia Beach-Norfolk-Newport News, VA-NC",,VA,True,39-9011,Childcare Workers,2010.0,15.3,19990.0,19990,9.61,2.5,19070.0,MSA_M2016_dl.xlsx
2016,0049020,"Winchester, VA-WV",,VA,True,39-9011,Childcare Workers,220.0,10.4,21590.0,21590,10.38,3.8,19960.0,MSA_M2016_dl.xlsx
2016,0072400,"Burlington-South Burlington, VT",,VT,True,39-9011,Childcare Workers,510.0,11.3,25560.0,25560,12.29,3.9,24750.0,MSA_M2016_dl.xlsx
2016,0013380,"Bellingham, WA",,WA,True,39-9011,Childcare Workers,430.0,25.4,23710.0,23710,11.4,2.4,23330.0,MSA_M2016_dl.xlsx
2016,0014740,"Bremerton-Silverdale, WA",,WA,True,39-9011,Childcare Workers,120.0,45.0,24440.0,24440,11.75,4.6,23190.0,MSA_M2016_dl.xlsx
2016,0028420,"Kennewick-Richland, WA",,WA,True,39-9011,Childcare Workers,,,22820.0,22820,10.97,1.9,22660.0,MSA_M2016_dl.xlsx
2016,0031020,"Longview, WA",,WA,True,39-9011,Childcare Workers,40.0,12.3,26240.0,26240,12.62,3.6,26660.0,MSA_M2016_dl.xlsx
2016,0034580,"Mount Vernon-Anacortes, WA",,WA,True,39-9011,Childcare Workers,120.0,36.2,23680.0,23680,11.38,2.6,23210.0,MSA_M2016_dl.xlsx
2016,0036500,"Olympia-Tumwater, WA",,WA,True,39-9011,Childcare Workers,280.0,22.3,22770.0,22770,10.95,2.2,22660.0,MSA_M2016_dl.xlsx
2016,0042644,"Seattle-Bellevue-Everett, WA Metropolitan Division",,WA,True,39-9011,Childcare Workers,3770.0,20.2,26820.0,26820,12.9,1.6,25350.0,MSA_M2016_dl.xlsx
2016,0044060,"Spokane-Spokane Valley, WA",,WA,True,39-9011,Childcare Workers,630.0,29.1,24410.0,24410,11.73,2.5,23260.0,MSA_M2016_dl.xlsx
2016,0045104,"Tacoma-Lakewood, WA Metropolitan Division",,WA,True,39-9011,Childcare Workers,1180.0,29.4,25820.0,25820,12.41,3.8,24270.0,MSA_M2016_dl.xlsx
2016,0047460,"Walla Walla, WA",,WA,True,39-9011,Childcare Workers,160.0,40.7,29530.0,29530,14.2,8.0,30260.0,MSA_M2016_dl.xlsx
2016,0049420,"Yakima, WA",,WA,True,39-9011,Childcare Workers,230.0,31.7,23330.0,23330,11.22,2.1,22980.0,MSA_M2016_dl.xlsx
2016,0011540,"Appleton, WI",,WI,True,39-9011,Childcare Workers,290.0,41.1,22170.0,22170,10.66,4.3,20560.0,MSA_M2016_dl.xlsx
2016,0020740,"Eau Claire, WI",,WI,True,39-9011,Childcare Workers,370.0,35.7,21260.0,21260,10.22,4.4,21080.0,MSA_M2016_dl.xlsx
2016,0022540,"Fond du Lac, WI",,WI,True,39-9011,Childcare Workers,,,21250.0,21250,10.22,3.4,21400.0,MSA_M2016_dl.xlsx
2016,0024580,"Green Bay, WI",,WI,True,39-9011,Childcare Workers,370.0,15.3,22600.0,22600,10.87,2.8,21190.0,MSA_M2016_dl.xlsx
2016,0027500,"Janesville-Beloit, WI",,WI,True,39-9011,Childcare Workers,,,20540.0,20540,9.88,3.2,19790.0,MSA_M2016_dl.xlsx
2016,0031540,"Madison, WI",,WI,True,39-9011,Childcare Workers,860.0,22.1,22820.0,22820,10.97,3.7,21830.0,MSA_M2016_dl.xlsx
2016,0033340,"Milwaukee-Waukesha-West Allis, WI",,WI,True,39-9011,Childcare Workers,2460.0,27.1,22310.0,22310,10.73,3.0,21510.0,MSA_M2016_dl.xlsx
2016,0036780,"Oshkosh-Neenah, WI",,WI,True,39-9011,Childcare Workers,200.0,24.7,18150.0,18150,8.72,3.0,17870.0,MSA_M2016_dl.xlsx
2016,0039540,"Racine, WI",,WI,True,39-9011,Childcare Workers,140.0,26.8,20810.0,20810,10.0,2.9,19580.0,MSA_M2016_dl.xlsx
2016,0043100,"Sheboygan, WI",,WI,True,39-9011,Childcare Workers,,,18630.0,18630,8.96,4.6,18330.0,MSA_M2016_dl.xlsx
2016,0048140,"Wausau, WI",,WI,True,39-9011,Childcare Workers,240.0,22.4,19710.0,19710,9.48,3.0,19160.0,MSA_M2016_dl.xlsx
2016,0013220,"Beckley, WV",,WV,True,39-9011,Childcare Workers,210.0,45.6,20220.0,20220,9.72,3.7,19210.0,MSA_M2016_dl.xlsx
2016,0016620,"Charleston, WV",,WV,True,39-9011,Childcare Workers,290.0,24.2,22480.0,22480,10.81,2.7,21350.0,MSA_M2016_dl.xlsx
2016,0026580,"Huntington-Ashland, WV-KY-OH",,WV,True,39-9011,Childcare Workers,490.0,25.5,20460.0,20460,9.84,4.1,19230.0,MSA_M2016_dl.xlsx
2016,0034060,"Morgantown, WV",,WV,True,39-9011,Childcare Workers,260.0,30.2,19970.0,19970,9.6,2.7,19170.0,MSA_M2016_dl.xlsx
2016,0037620,"Parkersburg-Vienna, WV",,WV,True,39-9011,Childcare Workers,190.0,12.3,19940.0,19940,9.59,2.6,19320.0,MSA_M2016_dl.xlsx
2016,0048260,"Weirton-Steubenville, WV-OH",,WV,True,39-9011,Childcare Workers,90.0,17.7,20500.0,20500,9.86,2.9,19390.0,MSA_M2016_dl.xlsx
2016,0048540,"Wheeling, WV-OH",,WV,True,39-9011,Childcare Workers,200.0,16.3,20360.0,20360,9.79,3.2,19170.0,MSA_M2016_dl.xlsx
2016,0016220,"Casper, WY",,WY,True,39-9011,Childcare Workers,300.0,20.6,22910.0,22910,11.02,2.7,22730.0,MSA_M2016_dl.xlsx
2016,0016940,"Cheyenne, WY",,WY,True,39-9011,Childcare Workers,270.0,25.2,18780.0,18780,9.03,3.9,18270.0,MSA_M2016_dl.xlsx
2017,0031080,"Los Angeles-Long Beach-Anaheim, CA",,CA,True,39-9011,Childcare Workers,19960.0,6.1,27590.0,27590,13.26,1.3,25660.0,aMSA_M2017_dl.xlsx
2017,0041860,"San Francisco-Oakland-Hayward, CA",,CA,True,39-9011,Childcare Workers,6940.0,9.2,30760.0,30760,14.79,2.0,29170.0,aMSA_M2017_dl.xlsx
2017,0047900,"Washington-Arlington-Alexandria, DC-VA-MD-WV",,DC,True,39-9011,Childcare Workers,12340.0,9.8,28860.0,28860,13.87,3.1,27770.0,aMSA_M2017_dl.xlsx
2017,0033100,"Miami-Fort Lauderdale-West Palm Beach, FL",,FL,True,39-9011,Childcare Workers,12110.0,12.5,22410.0,22410,10.77,1.7,20740.0,aMSA_M2017_dl.xlsx
2017,0016980,"Chicago-Naperville-Elgin, IL-IN-WI",,IL,True,39-9011,Childcare Workers,13120.0,9.1,23680.0,23680,11.38,1.6,22500.0,aMSA_M2017_dl.xlsx
2017,0071650,"Boston-Cambridge-Nashua, MA-NH",,MA,True,39-9011,Childcare Workers,10740.0,5.9,29040.0,29040,13.96,1.4,26820.0,aMSA_M2017_dl.xlsx
2017,0019820,"Detroit-Warren-Dearborn, MI",,MI,True,39-9011,Childcare Workers,6710.0,9.0,23310.0,23310,11.21,1.5,21450.0,aMSA_M2017_dl.xlsx
2017,0035620,"New York-Newark-Jersey City, NY-NJ-PA",,NY,True,39-9011,Childcare Workers,39440.0,4.8,28250.0,28250,13.58,3.2,26930.0,aMSA_M2017_dl.xlsx
2017,0037980,"Philadelphia-Camden-Wilmington, PA-NJ-DE-MD",,PA,True,39-9011,Childcare Workers,14100.0,6.5,23130.0,23130,11.12,2.8,21130.0,aMSA_M2017_dl.xlsx
2017,0019100,"Dallas-Fort Worth-Arlington, TX",,TX,True,39-9011,Childcare Workers,14070.0,9.3,21730.0,21730,10.45,2.7,19500.0,aMSA_M2017_dl.xlsx
2017,0042660,"Seattle-Tacoma-Bellevue, WA",,WA,True,39-9011,Childcare Workers,5650.0,11.5,28880.0,28880,13.88,1.6,27310.0,aMSA_M2017_dl.xlsx
2017,0200001,Southeast Alaska nonmetropolitan area,,AK,False,39-9011,Childcare Workers,130.0,41.8,25970.0,25970,12.49,5.8,25300.0,BOS_M2017_dl.xlsx
2017,0200002,Balance of Alaska nonmetropolitan area,,AK,False,39-9011,Childcare Workers,180.0,22.4,29460.0,29460,14.17,5.5,27090.0,BOS_M2017_dl.xlsx
2017,0100001,Northwest Alabama nonmetropolitan area,,AL,False,39-9011,Childcare Workers,340.0,25.8,19470.0,19470,9.36,5.6,18510.0,BOS_M2017_dl.xlsx
2017,0100002,Northeast Alabama nonmetropolitan area,,AL,False,39-9011,Childcare Workers,830.0,14.5,21470.0,21470,10.32,7.6,19210.0,BOS_M2017_dl.xlsx
2017,0100003,Southwest Alabama nonmetropolitan area,,AL,False,39-9011,Childcare Workers,240.0,24.0,18380.0,18380,8.83,4.3,18310.0,BOS_M2017_dl.xlsx
2017,0100004,Southeast Alabama nonmetropolitan area,,AL,False,39-9011,Childcare Workers,280.0,16.3,17880.0,17880,8.6,3.3,18070.0,BOS_M2017_dl.xlsx
2017,0500001,North Arkansas nonmetropolitan area,,AR,False,39-9011,Childcare Workers,490.0,37.0,19230.0,19230,9.24,3.8,18980.0,BOS_M2017_dl.xlsx
2017,0500002,East Arkansas nonmetropolitan area,,AR,False,39-9011,Childcare Workers,510.0,28.1,20620.0,20620,9.91,2.6,19770.0,BOS_M2017_dl.xlsx
2017,0500003,West Arkansas nonmetropolitan area,,AR,False,39-9011,Childcare Workers,380.0,36.1,19260.0,19260,9.26,2.5,19010.0,BOS_M2017_dl.xlsx
2017,0500004,South Arkansas nonmetropolitan area,,AR,False,39-9011,Childcare Workers,480.0,26.0,20410.0,20410,9.81,3.6,19250.0,BOS_M2017_dl.xlsx
2017,0400001,Arizona nonmetropolitan area,,AZ,False,39-9011,Childcare Workers,,,25200.0,25200,12.12,2.9,23140.0,BOS_M2017_dl.xlsx
2017,0600001,Mother Lode Region of California nonmetropolitan area,,CA,False,39-9011,Childcare Workers,,,29750.0,29750,14.3,2.6,27990.0,BOS_M2017_dl.xlsx
2017,0600003,North Coast Region of California nonmetropolitan area,,CA,False,39-9011,Childcare Workers,450.0,49.5,26200.0,26200,12.6,2.5,24100.0,BOS_M2017_dl.xlsx
2017,0600004,North Valley Region of California nonmetropolitan area,,CA,False,39-9011,Childcare Workers,120.0,45.4,30120.0,30120,14.48,5.7,29270.0,BOS_M2017_dl.xlsx
2017,0600005,Northern Mountains Region of California nonmetropolitan area,,CA,False,39-9011,Childcare Workers,350.0,14.1,25650.0,25650,12.33,3.5,24110.0,BOS_M2017_dl.xlsx
2017,0800001,Eastern and Southern Colorado nonmetropolitan area,,CO,False,39-9011,Childcare Workers,130.0,45.1,22680.0,22680,10.9,4.9,20390.0,BOS_M2017_dl.xlsx
2017,0800002,Southwest Colorado nonmetropolitan area,,CO,False,39-9011,Childcare Workers,240.0,22.3,27610.0,27610,13.28,2.2,25160.0,BOS_M2017_dl.xlsx
2017,0800003,Northwest Colorado nonmetropolitan area,,CO,False,39-9011,Childcare Workers,320.0,17.6,32150.0,32150,15.46,6.0,33900.0,BOS_M2017_dl.xlsx
2017,0900001,Connecticut nonmetropolitan area,,CT,False,39-9011,Childcare Workers,180.0,24.6,27140.0,27140,13.05,3.0,24950.0,BOS_M2017_dl.xlsx
2017,1200001,Northwest Florida nonmetropolitan area,,FL,False,39-9011,Childcare Workers,150.0,12.5,21120.0,21120,10.15,2.7,20060.0,BOS_M2017_dl.xlsx
2017,1200002,Northeast Florida nonmetropolitan area,,FL,False,39-9011,Childcare Workers,500.0,20.5,20270.0,20270,9.74,3.4,19490.0,BOS_M2017_dl.xlsx
2017,1200003,South Florida nonmetropolitan area,,FL,False,39-9011,Childcare Workers,350.0,21.7,22100.0,22100,10.62,3.0,19750.0,BOS_M2017_dl.xlsx
2017,1300001,North Georgia nonmetropolitan area,,GA,False,39-9011,Childcare Workers,490.0,14.6,18670.0,18670,8.98,5.0,17950.0,BOS_M2017_dl.xlsx
2017,1300002,Middle Georgia nonmetropolitan area,,GA,False,39-9011,Childcare Workers,430.0,29.9,22560.0,22560,10.85,9.6,18930.0,BOS_M2017_dl.xlsx
2017,1300003,East Georgia nonmetropolitan area,,GA,False,39-9011,Childcare Workers,430.0,17.0,19710.0,19710,9.48,4.7,18630.0,BOS_M2017_dl.xlsx
2017,1300004,South Georgia nonmetropolitan area,,GA,False,39-9011,Childcare Workers,440.0,14.8,18490.0,18490,8.89,3.0,18240.0,BOS_M2017_dl.xlsx
2017,1500001,Hawaii / Kauai nonmetropolitan area,,HI,False,39-9011,Childcare Workers,350.0,21.1,22090.0,22090,10.62,3.3,20490.0,BOS_M2017_dl.xlsx
2017,1900001,Northeast Iowa nonmetropolitan area,,IA,False,39-9011,Childcare Workers,580.0,34.8,18250.0,18250,8.78,3.0,18170.0,BOS_M2017_dl.xlsx
2017,1900002,Northwest Iowa nonmetropolitan area,,IA,False,39-9011,Childcare Workers,690.0,18.4,18980.0,18980,9.12,3.9,18360.0,BOS_M2017_dl.xlsx
2017,1900003,Southwest Iowa nonmetropolitan area,,IA,False,39-9011,Childcare Workers,320.0,47.1,18430.0,18430,8.86,2.9,18460.0,BOS_M2017_dl.xlsx
2017,1900004,Southeast Iowa nonmetropolitan area,,IA,False,39-9011,Childcare Workers,900.0,23.9,18200.0,18200,8.75,2.1,18010.0,BOS_M2017_dl.xlsx
2017,1600001,Panhandle of Idaho nonmetropolitan area,,ID,False,39-9011,Childcare Workers,170.0,21.1,21190.0,21190,10.19,9.2,19410.0,BOS_M2017_dl.xlsx
2017,1600002,Southwest Idaho nonmetropolitan area,,ID,False,39-9011,Childcare Workers,70.0,30.3,20330.0,20330,9.77,5.9,20360.0,BOS_M2017_dl.xlsx
2017,1600003,South Central Idaho nonmetropolitan area,,ID,False,39-9011,Childcare Workers,180.0,21.9,20310.0,20310,9.76,4.8,19980.0,BOS_M2017_dl.xlsx
2017,1600004,Southeast Idaho nonmetropolitan area,,ID,False,39-9011,Childcare Workers,70.0,11.7,18500.0,18500,8.89,5.2,18260.0,BOS_M2017_dl.xlsx
2017,1700001,Northwest Illinois nonmetropolitan area,,IL,False,39-9011,Childcare Workers,520.0,18.8,24020.0,24020,11.55,3.5,21890.0,BOS_M2017_dl.xlsx
2017,1700002,West Central Illinois nonmetropolitan area,,IL,False,39-9011,Childcare Workers,330.0,17.7,21010.0,21010,10.1,4.0,19520.0,BOS_M2017_dl.xlsx
2017,1700003,East Central Illinois nonmetropolitan area,,IL,False,39-9011,Childcare Workers,150.0,35.9,22480.0,22480,10.81,4.4,20020.0,BOS_M2017_dl.xlsx
2017,1700004,South Illinois nonmetropolitan area,,IL,False,39-9011,Childcare Workers,300.0,25.7,24540.0,24540,11.8,7.9,22330.0,BOS_M2017_dl.xlsx
2017,1800001,Northern Indiana nonmetropolitan area,,IN,False,39-9011,Childcare Workers,180.0,29.0,22200.0,22200,10.67,5.1,19590.0,BOS_M2017_dl.xlsx
2017,1800002,Central Indiana nonmetropolitan area,,IN,False,39-9011,Childcare Workers,350.0,26.5,20390.0,20390,9.8,5.9,18950.0,BOS_M2017_dl.xlsx
2017,1800003,Southern Indiana nonmetropolitan area,,IN,False,39-9011,Childcare Workers,690.0,13.4,22570.0,22570,10.85,6.7,22210.0,BOS_M2017_dl.xlsx
2017,2000001,Southwest Kansas nonmetropolitan area,,KS,False,39-9011,Childcare Workers,130.0,24.1,20730.0,20730,9.97,3.2,18860.0,BOS_M2017_dl.xlsx
2017,2000002,Northwest Kansas nonmetropolitan area,,KS,False,39-9011,Childcare Workers,240.0,11.8,18600.0,18600,8.94,3.3,18180.0,BOS_M2017_dl.xlsx
2017,2000003,Northeast Kansas nonmetropolitan area,,KS,False,39-9011,Childcare Workers,720.0,35.0,19090.0,19090,9.18,4.9,18580.0,BOS_M2017_dl.xlsx
2017,2000004,Southeast Kansas nonmetropolitan area,,KS,False,39-9011,Childcare Workers,390.0,17.5,20010.0,20010,9.62,3.4,18800.0,BOS_M2017_dl.xlsx
2017,2100001,West Kentucky nonmetropolitan area,,KY,False,39-9011,Childcare Workers,680.0,18.0,20200.0,20200,9.71,2.9,19540.0,BOS_M2017_dl.xlsx
2017,2100002,South Central Kentucky nonmetropolitan area,,KY,False,39-9011,Childcare Workers,1090.0,18.0,19940.0,19940,9.59,3.5,19390.0,BOS_M2017_dl.xlsx
2017,2100003,Central Kentucky nonmetropolitan area,,KY,False,39-9011,Childcare Workers,1210.0,11.4,19490.0,19490,9.37,1.9,18740.0,BOS_M2017_dl.xlsx
2017,2100004,East Kentucky nonmetropolitan area,,KY,False,39-9011,Childcare Workers,540.0,13.4,19090.0,19090,9.18,2.3,18310.0,BOS_M2017_dl.xlsx
2017,2200002,Central Louisiana nonmetropolitan area,,LA,False,39-9011,Childcare Workers,360.0,10.6,19310.0,19310,9.29,4.1,18350.0,BOS_M2017_dl.xlsx
2017,2200003,Northeast Louisiana nonmetropolitan area,,LA,False,39-9011,Childcare Workers,220.0,46.0,18250.0,18250,8.77,3.3,18040.0,BOS_M2017_dl.xlsx
2017,2200004,Southwest Louisiana nonmetropolitan area,,LA,False,39-9011,Childcare Workers,370.0,10.6,17780.0,17780,8.55,3.5,17800.0,BOS_M2017_dl.xlsx
2017,2500003,Northwest Massachusetts nonmetropolitan area,,MA,False,39-9011,Childcare Workers,90.0,39.5,24780.0,24780,11.91,2.5,24250.0,BOS_M2017_dl.xlsx
2017,2400001,Upper Eastern Shore of Maryland nonmetropolitan area,,MD,False,39-9011,Childcare Workers,170.0,25.7,28440.0,28440,13.67,3.3,27050.0,BOS_M2017_dl.xlsx
2017,2300001,Northeast Maine nonmetropolitan area,,ME,False,39-9011,Childcare Workers,270.0,40.8,24340.0,24340,11.7,3.7,24510.0,BOS_M2017_dl.xlsx
2017,2300002,Southwest Maine nonmetropolitan area,,ME,False,39-9011,Childcare Workers,1220.0,15.5,24140.0,24140,11.6,2.2,23480.0,BOS_M2017_dl.xlsx
2017,2600001,Upper Peninsula of Michigan nonmetropolitan area,,MI,False,39-9011,Childcare Workers,360.0,23.8,22530.0,22530,10.83,2.1,21560.0,BOS_M2017_dl.xlsx
2017,2600002,Northeast Lower Peninsula of Michigan nonmetropolitan area,,MI,False,39-9011,Childcare Workers,420.0,11.7,20590.0,20590,9.9,3.9,19640.0,BOS_M2017_dl.xlsx
2017,2600003,Northwest Lower Peninsula of Michigan nonmetropolitan area,,MI,False,39-9011,Childcare Workers,440.0,23.9,23220.0,23220,11.16,5.8,20740.0,BOS_M2017_dl.xlsx
2017,2600004,Balance of Lower Peninsula of Michigan nonmetropolitan area,,MI,False,39-9011,Childcare Workers,1140.0,12.7,22290.0,22290,10.72,2.0,20930.0,BOS_M2017_dl.xlsx
2017,2700001,Northwest Minnesota nonmetropolitan area,,MN,False,39-9011,Childcare Workers,360.0,26.7,27040.0,27040,13.0,5.4,24110.0,BOS_M2017_dl.xlsx
2017,2700002,Northeast Minnesota nonmetropolitan area,,MN,False,39-9011,Childcare Workers,180.0,44.4,24020.0,24020,11.55,2.3,22680.0,BOS_M2017_dl.xlsx
2017,2700003,Southwest Minnesota nonmetropolitan area,,MN,False,39-9011,Childcare Workers,,,28660.0,28660,13.78,6.4,27870.0,BOS_M2017_dl.xlsx
2017,2700004,Southeast Minnesota nonmetropolitan area,,MN,False,39-9011,Childcare Workers,390.0,12.3,23320.0,23320,11.21,2.4,21900.0,BOS_M2017_dl.xlsx
2017,2900001,Central Missouri nonmetropolitan area,,MO,False,39-9011,Childcare Workers,850.0,13.4,20640.0,20640,9.92,3.4,19440.0,BOS_M2017_dl.xlsx
2017,2900002,North Missouri nonmetropolitan area,,MO,False,39-9011,Childcare Workers,560.0,20.8,21020.0,21020,10.1,3.1,19020.0,BOS_M2017_dl.xlsx
2017,2900003,Southeast Missouri nonmetropolitan area,,MO,False,39-9011,Childcare Workers,760.0,21.3,25180.0,25180,12.1,15.1,21210.0,BOS_M2017_dl.xlsx
2017,2900004,Southwest Missouri nonmetropolitan area,,MO,False,39-9011,Childcare Workers,230.0,26.1,21670.0,21670,10.42,3.6,20900.0,BOS_M2017_dl.xlsx
2017,2800001,Northeast Mississippi nonmetropolitan area,,MS,False,39-9011,Childcare Workers,1220.0,18.3,18230.0,18230,8.77,3.1,18030.0,BOS_M2017_dl.xlsx
2017,2800002,Northwest Mississippi nonmetropolitan area,,MS,False,39-9011,Childcare Workers,920.0,14.3,18780.0,18780,9.03,6.0,18060.0,BOS_M2017_dl.xlsx
2017,2800003,Southeast Mississippi nonmetropolitan area,,MS,False,39-9011,Childcare Workers,1010.0,16.7,19210.0,19210,9.24,2.3,18670.0,BOS_M2017_dl.xlsx
2017,2800004,Southwest Mississippi nonmetropolitan area,,MS,False,39-9011,Childcare Workers,670.0,13.0,18010.0,18010,8.66,4.2,18090.0,BOS_M2017_dl.xlsx
2017,3000001,East Montana nonmetropolitan area,,MT,False,39-9011,Childcare Workers,160.0,12.5,22080.0,22080,10.62,2.7,21380.0,BOS_M2017_dl.xlsx
2017,3000002,Central Montana nonmetropolitan area,,MT,False,39-9011,Childcare Workers,130.0,18.8,21380.0,21380,10.28,3.4,19890.0,BOS_M2017_dl.xlsx
2017,3000003,Southwest Montana nonmetropolitan area,,MT,False,39-9011,Childcare Workers,720.0,24.6,23590.0,23590,11.34,7.1,20330.0,BOS_M2017_dl.xlsx
2017,3000004,West Montana nonmetropolitan area,,MT,False,39-9011,Childcare Workers,270.0,28.0,23990.0,23990,11.53,2.9,23230.0,BOS_M2017_dl.xlsx
2017,3700001,Southeast Coastal North Carolina nonmetropolitan area,,NC,False,39-9011,Childcare Workers,1070.0,43.2,20930.0,20930,10.06,7.6,19000.0,BOS_M2017_dl.xlsx
2017,3700002,Northeast Coastal North Carolina nonmetropolitan area,,NC,False,39-9011,Childcare Workers,,,23900.0,23900,11.49,3.4,24470.0,BOS_M2017_dl.xlsx
2017,3700003,Piedmont North Carolina nonmetropolitan area,,NC,False,39-9011,Childcare Workers,1540.0,15.8,22880.0,22880,11.0,2.7,21710.0,BOS_M2017_dl.xlsx
2017,3700004,Mountain North Carolina nonmetropolitan area,,NC,False,39-9011,Childcare Workers,470.0,21.0,23110.0,23110,11.11,2.1,22740.0,BOS_M2017_dl.xlsx
2017,3800001,Far West North Dakota nonmetropolitan area,,ND,False,39-9011,Childcare Workers,230.0,24.0,29510.0,29510,14.19,6.2,27990.0,BOS_M2017_dl.xlsx
2017,3800002,West Central North Dakota nonmetropolitan area,,ND,False,39-9011,Childcare Workers,250.0,3.4,22200.0,22200,10.68,5.6,22290.0,BOS_M2017_dl.xlsx
2017,3800003,East Central North Dakota nonmetropolitan area,,ND,False,39-9011,Childcare Workers,340.0,8.3,21610.0,21610,10.39,3.8,21230.0,BOS_M2017_dl.xlsx
2017,3800004,Far East North Dakota nonmetropolitan area,,ND,False,39-9011,Childcare Workers,140.0,7.8,20320.0,20320,9.77,5.6,19020.0,BOS_M2017_dl.xlsx
2017,3100001,Northwest Nebraska nonmetropolitan area,,NE,False,39-9011,Childcare Workers,140.0,6.5,23020.0,23020,11.07,5.1,20440.0,BOS_M2017_dl.xlsx
2017,3100002,Central Nebraska nonmetropolitan area,,NE,False,39-9011,Childcare Workers,700.0,26.3,21190.0,21190,10.19,1.9,19950.0,BOS_M2017_dl.xlsx
2017,3100003,Northeast Nebraska nonmetropolitan area,,NE,False,39-9011,Childcare Workers,640.0,10.5,21060.0,21060,10.12,2.3,20010.0,BOS_M2017_dl.xlsx
2017,3100004,Southeast Nebraska nonmetropolitan area,,NE,False,39-9011,Childcare Workers,180.0,43.0,21320.0,21320,10.25,3.6,20070.0,BOS_M2017_dl.xlsx
2017,3300001,Northern New Hampshire nonmetropolitan area,,NH,False,39-9011,Childcare Workers,,,20210.0,20210,9.72,6.1,19950.0,BOS_M2017_dl.xlsx
2017,3300002,Central New Hampshire nonmetropolitan area,,NH,False,39-9011,Childcare Workers,280.0,29.8,22030.0,22030,10.59,4.1,21790.0,BOS_M2017_dl.xlsx
2017,3300003,West Central New Hampshire nonmetropolitan area,,NH,False,39-9011,Childcare Workers,240.0,20.3,23760.0,23760,11.42,3.4,22780.0,BOS_M2017_dl.xlsx
2017,3300004,Southwest New Hampshire nonmetropolitan area,,NH,False,39-9011,Childcare Workers,150.0,20.2,25050.0,25050,12.04,2.6,25060.0,BOS_M2017_dl.xlsx
2017,3500001,North and West Central New Mexico nonmetropolitan area,,NM,False,39-9011,Childcare Workers,190.0,22.6,22870.0,22870,11.0,6.0,20400.0,BOS_M2017_dl.xlsx
2017,3500002,Eastern New Mexico nonmetropolitan area,,NM,False,39-9011,Childcare Workers,310.0,40.1,19490.0,19490,9.37,4.0,18680.0,BOS_M2017_dl.xlsx
2017,3500003,Southwestern New Mexico nonmetropolitan area,,NM,False,39-9011,Childcare Workers,,,20490.0,20490,9.85,5.8,18980.0,BOS_M2017_dl.xlsx
2017,3200001,South Nevada nonmetropolitan area,,NV,False,39-9011,Childcare Workers,190.0,8.4,23430.0,23430,11.27,3.0,21540.0,BOS_M2017_dl.xlsx
2017,3200002,North Nevada nonmetropolitan area,,NV,False,39-9011,Childcare Workers,120.0,26.9,19530.0,19530,9.39,5.4,19540.0,BOS_M2017_dl.xlsx
2017,3600001,Capital/Northern New York nonmetropolitan area,,NY,False,39-9011,Childcare Workers,610.0,9.6,24070.0,24070,11.57,4.0,22400.0,BOS_M2017_dl.xlsx
2017,3600002,East Central New York nonmetropolitan area,,NY,False,39-9011,Childcare Workers,130.0,23.5,34500.0,34500,16.59,6.7,35570.0,BOS_M2017_dl.xlsx
2017,3600003,Central New York nonmetropolitan area,,NY,False,39-9011,Childcare Workers,650.0,19.1,23940.0,23940,11.51,2.7,22370.0,BOS_M2017_dl.xlsx
2017,3600004,Southwest New York nonmetropolitan area,,NY,False,39-9011,Childcare Workers,800.0,23.7,24640.0,24640,11.85,3.0,22440.0,BOS_M2017_dl.xlsx
2017,3900001,West Northwestern Ohio nonmetropolitan area,,OH,False,39-9011,Childcare Workers,790.0,35.3,21360.0,21360,10.27,3.7,19550.0,BOS_M2017_dl.xlsx
2017,3900002,North Northeastern Ohio non-metropolitan area (non-contiguous),,OH,False,39-9011,Childcare Workers,940.0,17.6,20760.0,20760,9.98,2.1,19490.0,BOS_M2017_dl.xlsx
2017,3900003,Eastern Ohio nonmetropolitan area,,OH,False,39-9011,Childcare Workers,330.0,30.4,20620.0,20620,9.91,3.7,19300.0,BOS_M2017_dl.xlsx
2017,3900004,Southern Ohio non-metropolitan area,,OH,False,39-9011,Childcare Workers,460.0,14.3,20560.0,20560,9.88,5.0,19010.0,BOS_M2017_dl.xlsx
2017,4000001,Northeast Oklahoma nonmetropolitan area,,OK,False,39-9011,Childcare Workers,680.0,13.2,20850.0,20850,10.02,3.9,19630.0,BOS_M2017_dl.xlsx
2017,4000002,Northwest Oklahoma nonmetropolitan area,,OK,False,39-9011,Childcare Workers,370.0,35.3,18220.0,18220,8.76,2.8,18240.0,BOS_M2017_dl.xlsx
2017,4000003,Southwest Oklahoma nonmetropolitan area,,OK,False,39-9011,Childcare Workers,280.0,13.3,21430.0,21430,10.3,3.9,20630.0,BOS_M2017_dl.xlsx
2017,4000004,Southeast Oklahoma nonmetropolitan area,,OK,False,39-9011,Childcare Workers,770.0,33.2,20180.0,20180,9.7,3.0,19150.0,BOS_M2017_dl.xlsx
2017,4100001,North Coast Oregon nonmetropolitan area,,OR,False,39-9011,Childcare Workers,40.0,34.0,23680.0,23680,11.38,2.7,23180.0,BOS_M2017_dl.xlsx
2017,4100002,South Coast Oregon nonmetropolitan area,,OR,False,39-9011,Childcare Workers,150.0,32.9,23760.0,23760,11.42,3.8,23450.0,BOS_M2017_dl.xlsx
2017,4100003,Central Oregon nonmetropolitan area,,OR,False,39-9011,Childcare Workers,200.0,31.8,24500.0,24500,11.78,2.5,23770.0,BOS_M2017_dl.xlsx
2017,4100004,Eastern Oregon nonmetropolitan area,,OR,False,39-9011,Childcare Workers,160.0,42.7,25470.0,25470,12.25,3.7,24260.0,BOS_M2017_dl.xlsx
2017,4200001,Western Pennsylvania nonmetropolitan area,,PA,False,39-9011,Childcare Workers,460.0,22.7,20190.0,20190,9.71,3.5,19150.0,BOS_M2017_dl.xlsx
2017,4200002,Northern Pennsylvania nonmetropolitan area,,PA,False,39-9011,Childcare Workers,640.0,24.6,20710.0,20710,9.95,7.5,19050.0,BOS_M2017_dl.xlsx
2017,4200003,Southern Pennsylvania nonmetropolitan area,,PA,False,39-9011,Childcare Workers,530.0,26.2,18590.0,18590,8.94,4.9,18110.0,BOS_M2017_dl.xlsx
2017,7200002,East Puerto Rico nonmetropolitan area,,PR,False,39-9011,Childcare Workers,30.0,0.0,17980.0,17980,8.64,4.6,18260.0,BOS_M2017_dl.xlsx
2017,4500001,Low Country South Carolina nonmetropolitan area,,SC,False,39-9011,Childcare Workers,240.0,29.7,19310.0,19310,9.28,4.7,18770.0,BOS_M2017_dl.xlsx
2017,4500002,Upper Savannah South Carolina nonmetropolitan area,,SC,False,39-9011,Childcare Workers,400.0,29.3,20660.0,20660,9.93,7.4,18910.0,BOS_M2017_dl.xlsx
2017,4500003,Pee Dee South Carolina nonmetropolitan area,,SC,False,39-9011,Childcare Workers,,,20100.0,20100,9.67,9.0,18450.0,BOS_M2017_dl.xlsx
2017,4500004,Lower Savannah South Carolina nonmetropolitan area,,SC,False,39-9011,Childcare Workers,,,19850.0,19850,9.54,3.8,18640.0,BOS_M2017_dl.xlsx
2017,4600002,East South Dakota nonmetropolitan area,,SD,False,39-9011,Childcare Workers,680.0,25.4,20640.0,20640,9.93,2.1,19690.0,BOS_M2017_dl.xlsx
2017,4600003,West South Dakota nonmetropolitan area,,SD,False,39-9011,Childcare Workers,330.0,19.9,20810.0,20810,10.01,3.3,19510.0,BOS_M2017_dl.xlsx
2017,4700001,West Tennessee nonmetropolitan area,,TN,False,39-9011,Childcare Workers,270.0,27.6,18920.0,18920,9.1,3.8,18460.0,BOS_M2017_dl.xlsx
2017,4700002,South Central Tennessee nonmetropolitan area,,TN,False,39-9011,Childcare Workers,130.0,39.2,18620.0,18620,8.95,4.0,18250.0,BOS_M2017_dl.xlsx
2017,4700003,North Central Tennessee nonmetropolitan area,,TN,False,39-9011,Childcare Workers,190.0,42.3,21220.0,21220,10.2,4.4,20950.0,BOS_M2017_dl.xlsx
2017,4700004,East Tennessee nonmetropolitan area,,TN,False,39-9011,Childcare Workers,390.0,16.1,20400.0,20400,9.81,4.5,18740.0,BOS_M2017_dl.xlsx
2017,4800001,West Texas Region of Texas nonmetropolitan area,,TX,False,39-9011,Childcare Workers,460.0,22.2,19060.0,19060,9.16,3.1,18490.0,BOS_M2017_dl.xlsx
2017,4800002,North Texas Region of Texas nonmetropolitan area,,TX,False,39-9011,Childcare Workers,870.0,27.7,18880.0,18880,9.08,3.7,18450.0,BOS_M2017_dl.xlsx
2017,4800003,Big Thicket Region of Texas nonmetropolitan area,,TX,False,39-9011,Childcare Workers,460.0,24.5,19390.0,19390,9.32,5.6,18450.0,BOS_M2017_dl.xlsx
2017,4800004,Hill Country Region of Texas nonmetropolitan area,,TX,False,39-9011,Childcare Workers,1300.0,28.1,20410.0,20410,9.81,5.1,19080.0,BOS_M2017_dl.xlsx
2017,4800005,Border Region of Texas nonmetropolitan area,,TX,False,39-9011,Childcare Workers,210.0,34.5,22830.0,22830,10.98,7.2,23130.0,BOS_M2017_dl.xlsx
2017,4800006,Coastal Plains Region of Texas nonmetropolitan area,,TX,False,39-9011,Childcare Workers,780.0,19.2,18680.0,18680,8.98,3.8,18090.0,BOS_M2017_dl.xlsx
2017,4900001,Wasatch Back nonmetropolitan area,,UT,False,39-9011,Childcare Workers,260.0,7.9,23890.0,23890,11.49,8.2,22220.0,BOS_M2017_dl.xlsx
2017,4900002,Central Utah nonmetropolitan area,,UT,False,39-9011,Childcare Workers,120.0,17.2,24800.0,24800,11.92,7.5,23490.0,BOS_M2017_dl.xlsx
2017,4900003,Southwest Utah nonmetropolitan area,,UT,False,39-9011,Childcare Workers,,,20280.0,20280,9.75,5.7,19670.0,BOS_M2017_dl.xlsx
2017,4900004,Eastern Utah nonmetropolitan area,,UT,False,39-9011,Childcare Workers,110.0,15.1,21100.0,21100,10.15,3.9,19780.0,BOS_M2017_dl.xlsx
2017,5100001,Southwest Virginia nonmetropolitan area,,VA,False,39-9011,Childcare Workers,140.0,36.3,22850.0,22850,10.99,5.3,21050.0,BOS_M2017_dl.xlsx
2017,5100002,Southside Virginia nonmetropolitan area,,VA,False,39-9011,Childcare Workers,230.0,30.3,18280.0,18280,8.79,3.7,17990.0,BOS_M2017_dl.xlsx
2017,5100003,Northeast Virginia nonmetropolitan area,,VA,False,39-9011,Childcare Workers,230.0,9.1,19320.0,19320,9.29,3.6,18630.0,BOS_M2017_dl.xlsx
2017,5100004,Northwest Virginia nonmetropolitan area,,VA,False,39-9011,Childcare Workers,150.0,29.4,20440.0,20440,9.83,4.6,19240.0,BOS_M2017_dl.xlsx
2017,5000001,Southern Vermont nonmetropolitan area,,VT,False,39-9011,Childcare Workers,,,27690.0,27690,13.31,5.1,24510.0,BOS_M2017_dl.xlsx
2017,5000002,Northern Vermont nonmetropolitan area,,VT,False,39-9011,Childcare Workers,240.0,30.7,30650.0,30650,14.73,3.3,30550.0,BOS_M2017_dl.xlsx
2017,5300001,Northwest Washington nonmetropolitan area,,WA,False,39-9011,Childcare Workers,100.0,33.7,28580.0,28580,13.74,4.7,27340.0,BOS_M2017_dl.xlsx
2017,5300002,Southwest Washington nonmetropolitan area,,WA,False,39-9011,Childcare Workers,350.0,37.5,27010.0,27010,12.99,2.0,25750.0,BOS_M2017_dl.xlsx
2017,5300003,Central Washington nonmetropolitan area,,WA,False,39-9011,Childcare Workers,140.0,46.7,26210.0,26210,12.6,3.9,24790.0,BOS_M2017_dl.xlsx
2017,5300004,East Washington nonmetropolitan area,,WA,False,39-9011,Childcare Workers,80.0,49.4,26130.0,26130,12.56,3.3,25000.0,BOS_M2017_dl.xlsx
2017,5500001,Northwestern Wisconsin nonmetropolitan area,,WI,False,39-9011,Childcare Workers,,,20060.0,20060,9.64,4.3,18830.0,BOS_M2017_dl.xlsx
2017,5500002,Northeastern Wisconsin nonmetropolitan area,,WI,False,39-9011,Childcare Workers,420.0,28.1,21520.0,21520,10.35,4.4,19850.0,BOS_M2017_dl.xlsx
2017,5500003,South Central Wisconsin nonmetropolitan area,,WI,False,39-9011,Childcare Workers,260.0,48.4,19830.0,19830,9.53,3.3,18960.0,BOS_M2017_dl.xlsx
2017,5500004,Western Wisconsin nonmetropolitan area,,WI,False,39-9011,Childcare Workers,,,24820.0,24820,11.94,6.4,24970.0,BOS_M2017_dl.xlsx
2017,5400001,Southern West Virginia nonmetropolitan area,,WV,False,39-9011,Childcare Workers,330.0,18.2,21930.0,21930,10.54,2.4,21430.0,BOS_M2017_dl.xlsx
2017,5400002,Northern West Virginia nonmetropolitan area,,WV,False,39-9011,Childcare Workers,,,20570.0,20570,9.89,3.4,19520.0,BOS_M2017_dl.xlsx
2017,5600001,Northwest Wyoming nonmetropolitan area,,WY,False,39-9011,Childcare Workers,200.0,35.7,21880.0,21880,10.52,6.1,20950.0,BOS_M2017_dl.xlsx
2017,5600002,Southwest Wyoming nonmetropolitan area,,WY,False,39-9011,Childcare Workers,,,28200.0,28200,13.56,4.6,27570.0,BOS_M2017_dl.xlsx
2017,5600003,Northeast Wyoming nonmetropolitan area,,WY,False,39-9011,Childcare Workers,380.0,18.1,24840.0,24840,11.94,3.4,24050.0,BOS_M2017_dl.xlsx
2017,5600004,Central-Southeast Wyoming nonmetropolitan area,,WY,False,39-9011,Childcare Workers,430.0,32.3,24690.0,24690,11.87,4.8,23370.0,BOS_M2017_dl.xlsx
2017,0011260,"Anchorage, AK",,AK,True,39-9011,Childcare Workers,1370.0,9.3,25780.0,25780,12.4,2.9,24670.0,MSA_M2017_dl.xlsx
2017,0021820,"Fairbanks, AK",,AK,True,39-9011,Childcare Workers,120.0,17.0,31150.0,31150,14.98,5.3,30230.0,MSA_M2017_dl.xlsx
2017,0011500,"Anniston-Oxford-Jacksonville, AL",,AL,True,39-9011,Childcare Workers,180.0,17.7,18980.0,18980,9.13,3.6,18270.0,MSA_M2017_dl.xlsx
2017,0012220,"Auburn-Opelika, AL",,AL,True,39-9011,Childcare Workers,570.0,8.3,19450.0,19450,9.35,3.7,18870.0,MSA_M2017_dl.xlsx
2017,0013820,"Birmingham-Hoover, AL",,AL,True,39-9011,Childcare Workers,2230.0,5.9,20010.0,20010,9.62,3.4,18860.0,MSA_M2017_dl.xlsx
2017,0019300,"Daphne-Fairhope-Foley, AL",,AL,True,39-9011,Childcare Workers,220.0,41.4,19620.0,19620,9.43,8.8,18430.0,MSA_M2017_dl.xlsx
2017,0019460,"Decatur, AL",,AL,True,39-9011,Childcare Workers,170.0,7.5,17460.0,17460,8.4,3.3,17710.0,MSA_M2017_dl.xlsx
2017,0020020,"Dothan, AL",,AL,True,39-9011,Childcare Workers,,,18090.0,18090,8.7,4.2,18130.0,MSA_M2017_dl.xlsx
2017,0022520,"Florence-Muscle Shoals, AL",,AL,True,39-9011,Childcare Workers,250.0,13.7,17840.0,17840,8.58,3.2,17920.0,MSA_M2017_dl.xlsx
2017,0023460,"Gadsden, AL",,AL,True,39-9011,Childcare Workers,190.0,10.9,17770.0,17770,8.54,2.9,18030.0,MSA_M2017_dl.xlsx
2017,0026620,"Huntsville, AL",,AL,True,39-9011,Childcare Workers,670.0,35.2,18670.0,18670,8.97,4.4,18320.0,MSA_M2017_dl.xlsx
2017,0033660,"Mobile, AL",,AL,True,39-9011,Childcare Workers,860.0,8.4,18720.0,18720,9.0,2.6,18440.0,MSA_M2017_dl.xlsx
2017,0033860,"Montgomery, AL",,AL,True,39-9011,Childcare Workers,900.0,34.0,18520.0,18520,8.9,3.5,18300.0,MSA_M2017_dl.xlsx
2017,0046220,"Tuscaloosa, AL",,AL,True,39-9011,Childcare Workers,480.0,5.5,20900.0,20900,10.05,4.4,20050.0,MSA_M2017_dl.xlsx
2017,0022220,"Fayetteville-Springdale-Rogers, AR-MO",,AR,True,39-9011,Childcare Workers,1190.0,26.1,20480.0,20480,9.85,2.4,19240.0,MSA_M2017_dl.xlsx
2017,0022900,"Fort Smith, AR-OK",,AR,True,39-9011,Childcare Workers,550.0,9.0,19850.0,19850,9.54,2.0,19220.0,MSA_M2017_dl.xlsx
2017,0026300,"Hot Springs, AR",,AR,True,39-9011,Childcare Workers,210.0,24.6,19930.0,19930,9.58,3.5,19080.0,MSA_M2017_dl.xlsx
2017,0027860,"Jonesboro, AR",,AR,True,39-9011,Childcare Workers,,,21120.0,21120,10.15,4.4,19380.0,MSA_M2017_dl.xlsx
2017,0030780,"Little Rock-North Little Rock-Conway, AR",,AR,True,39-9011,Childcare Workers,1920.0,19.0,21470.0,21470,10.32,3.0,20060.0,MSA_M2017_dl.xlsx
2017,0038220,"Pine Bluff, AR",,AR,True,39-9011,Childcare Workers,140.0,38.6,20860.0,20860,10.03,3.1,19410.0,MSA_M2017_dl.xlsx
2017,0022380,"Flagstaff, AZ",,AZ,True,39-9011,Childcare Workers,90.0,41.0,24740.0,24740,11.89,4.9,22600.0,MSA_M2017_dl.xlsx
2017,0029420,"Lake Havasu City-Kingman, AZ",,AZ,True,39-9011,Childcare Workers,,,22730.0,22730,10.93,3.2,20820.0,MSA_M2017_dl.xlsx
2017,0038060,"Phoenix-Mesa-Scottsdale, AZ",,AZ,True,39-9011,Childcare Workers,7390.0,12.4,24570.0,24570,11.81,1.7,23760.0,MSA_M2017_dl.xlsx
2017,0039140,"Prescott, AZ",,AZ,True,39-9011,Childcare Workers,120.0,43.9,22960.0,22960,11.04,2.5,21950.0,MSA_M2017_dl.xlsx
2017,0043420,"Sierra Vista-Douglas, AZ",,AZ,True,39-9011,Childcare Workers,190.0,7.6,21620.0,21620,10.4,3.4,20810.0,MSA_M2017_dl.xlsx
2017,0046060,"Tucson, AZ",,AZ,True,39-9011,Childcare Workers,1100.0,14.2,24020.0,24020,11.55,3.5,21400.0,MSA_M2017_dl.xlsx
2017,0049740,"Yuma, AZ",,AZ,True,39-9011,Childcare Workers,110.0,43.1,21860.0,21860,10.51,2.2,20820.0,MSA_M2017_dl.xlsx
2017,0011244,"Anaheim-Santa Ana-Irvine, CA Metropolitan Division",,CA,True,39-9011,Childcare Workers,4200.0,12.8,29220.0,29220,14.05,2.4,27210.0,MSA_M2017_dl.xlsx
2017,0012540,"Bakersfield, CA",,CA,True,39-9011,Childcare Workers,1340.0,22.0,25660.0,25660,12.34,1.9,24650.0,MSA_M2017_dl.xlsx
2017,0017020,"Chico, CA",,CA,True,39-9011,Childcare Workers,600.0,32.8,25170.0,25170,12.1,2.7,23480.0,MSA_M2017_dl.xlsx
2017,0020940,"El Centro, CA",,CA,True,39-9011,Childcare Workers,290.0,33.1,23930.0,23930,11.5,3.8,22230.0,MSA_M2017_dl.xlsx
2017,0023420,"Fresno, CA",,CA,True,39-9011,Childcare Workers,1430.0,23.8,26100.0,26100,12.55,1.8,24420.0,MSA_M2017_dl.xlsx
2017,0025260,"Hanford-Corcoran, CA",,CA,True,39-9011,Childcare Workers,290.0,30.4,24130.0,24130,11.6,2.8,23330.0,MSA_M2017_dl.xlsx
2017,0031084,"Los Angeles-Long Beach-Glendale, CA Metropolitan Division",,CA,True,39-9011,Childcare Workers,15750.0,7.0,27150.0,27150,13.05,1.5,25100.0,MSA_M2017_dl.xlsx
2017,0031460,"Madera, CA",,CA,True,39-9011,Childcare Workers,,,27080.0,27080,13.02,1.7,25680.0,MSA_M2017_dl.xlsx
2017,0032900,"Merced, CA",,CA,True,39-9011,Childcare Workers,230.0,33.4,28190.0,28190,13.55,1.7,28160.0,MSA_M2017_dl.xlsx
2017,0033700,"Modesto, CA",,CA,True,39-9011,Childcare Workers,820.0,14.4,26490.0,26490,12.73,3.0,24410.0,MSA_M2017_dl.xlsx
2017,0034900,"Napa, CA",,CA,True,39-9011,Childcare Workers,,,27350.0,27350,13.15,4.6,24840.0,MSA_M2017_dl.xlsx
2017,0036084,"Oakland-Hayward-Berkeley, CA Metropolitan Division",,CA,True,39-9011,Childcare Workers,3450.0,12.2,30000.0,30000,14.42,2.3,28950.0,MSA_M2017_dl.xlsx
2017,0037100,"Oxnard-Thousand Oaks-Ventura, CA",,CA,True,39-9011,Childcare Workers,1700.0,17.9,27360.0,27360,13.15,1.9,26010.0,MSA_M2017_dl.xlsx
2017,0039820,"Redding, CA",,CA,True,39-9011,Childcare Workers,390.0,31.5,27050.0,27050,13.0,2.9,26400.0,MSA_M2017_dl.xlsx
2017,0040140,"Riverside-San Bernardino-Ontario, CA",,CA,True,39-9011,Childcare Workers,6630.0,12.4,26780.0,26780,12.87,2.6,24530.0,MSA_M2017_dl.xlsx
2017,0040900,"Sacramento--Roseville--Arden-Arcade, CA",,CA,True,39-9011,Childcare Workers,3700.0,15.4,26120.0,26120,12.56,2.8,24330.0,MSA_M2017_dl.xlsx
2017,0041500,"Salinas, CA",,CA,True,39-9011,Childcare Workers,,,29420.0,29420,14.15,4.8,29460.0,MSA_M2017_dl.xlsx
2017,0041740,"San Diego-Carlsbad, CA",,CA,True,39-9011,Childcare Workers,5120.0,18.6,27540.0,27540,13.24,2.0,25790.0,MSA_M2017_dl.xlsx
2017,0041884,"San Francisco-Redwood City-South San Francisco, CA Metropolitan Division",,CA,True,39-9011,Childcare Workers,2810.0,15.8,30190.0,30190,14.51,3.2,28610.0,MSA_M2017_dl.xlsx
2017,0041940,"San Jose-Sunnyvale-Santa Clara, CA",,CA,True,39-9011,Childcare Workers,2220.0,16.2,29830.0,29830,14.34,2.9,29470.0,MSA_M2017_dl.xlsx
2017,0042020,"San Luis Obispo-Paso Robles-Arroyo Grande, CA",,CA,True,39-9011,Childcare Workers,380.0,20.7,25020.0,25020,12.03,2.7,23790.0,MSA_M2017_dl.xlsx
2017,0042034,"San Rafael, CA Metropolitan Division",,CA,True,39-9011,Childcare Workers,670.0,26.9,37100.0,37100,17.84,4.3,37150.0,MSA_M2017_dl.xlsx
2017,0042100,"Santa Cruz-Watsonville, CA",,CA,True,39-9011,Childcare Workers,,,25220.0,25220,12.13,3.5,23910.0,MSA_M2017_dl.xlsx
2017,0042200,"Santa Maria-Santa Barbara, CA",,CA,True,39-9011,Childcare Workers,770.0,25.1,27760.0,27760,13.35,4.4,24940.0,MSA_M2017_dl.xlsx
2017,0042220,"Santa Rosa, CA",,CA,True,39-9011,Childcare Workers,970.0,19.4,29600.0,29600,14.23,1.5,29140.0,MSA_M2017_dl.xlsx
2017,0044700,"Stockton-Lodi, CA",,CA,True,39-9011,Childcare Workers,1150.0,33.5,26260.0,26260,12.63,4.6,24350.0,MSA_M2017_dl.xlsx
2017,0046700,"Vallejo-Fairfield, CA",,CA,True,39-9011,Childcare Workers,370.0,34.4,27240.0,27240,13.1,3.6,26800.0,MSA_M2017_dl.xlsx
2017,0047300,"Visalia-Porterville, CA",,CA,True,39-9011,Childcare Workers,560.0,22.5,26340.0,26340,12.67,2.1,24230.0,MSA_M2017_dl.xlsx
2017,0049700,"Yuba City, CA",,CA,True,39-9011,Childcare Workers,300.0,17.7,27470.0,27470,13.21,2.5,25660.0,MSA_M2017_dl.xlsx
2017,0014500,"Boulder, CO",,CO,True,39-9011,Childcare Workers,520.0,7.8,29100.0,29100,13.99,3.0,27200.0,MSA_M2017_dl.xlsx
2017,0017820,"Colorado Springs, CO",,CO,True,39-9011,Childcare Workers,590.0,27.6,25730.0,25730,12.37,5.7,24380.0,MSA_M2017_dl.xlsx
2017,0019740,"Denver-Aurora-Lakewood, CO",,CO,True,39-9011,Childcare Workers,5560.0,9.5,27920.0,27920,13.43,1.7,26780.0,MSA_M2017_dl.xlsx
2017,0022660,"Fort Collins, CO",,CO,True,39-9011,Childcare Workers,310.0,26.0,24140.0,24140,11.61,5.4,20760.0,MSA_M2017_dl.xlsx
2017,0024300,"Grand Junction, CO",,CO,True,39-9011,Childcare Workers,140.0,10.3,21540.0,21540,10.36,2.1,20800.0,MSA_M2017_dl.xlsx
2017,0024540,"Greeley, CO",,CO,True,39-9011,Childcare Workers,170.0,39.8,24570.0,24570,11.81,5.0,23560.0,MSA_M2017_dl.xlsx
2017,0039380,"Pueblo, CO",,CO,True,39-9011,Childcare Workers,200.0,11.6,25240.0,25240,12.14,3.4,23120.0,MSA_M2017_dl.xlsx
2017,0071950,"Bridgeport-Stamford-Norwalk, CT",,CT,True,39-9011,Childcare Workers,3050.0,14.4,27250.0,27250,13.1,2.3,25060.0,MSA_M2017_dl.xlsx
2017,0072850,"Danbury, CT",,CT,True,39-9011,Childcare Workers,330.0,30.6,25760.0,25760,12.38,6.0,24050.0,MSA_M2017_dl.xlsx
2017,0073450,"Hartford-West Hartford-East Hartford, CT",,CT,True,39-9011,Childcare Workers,2430.0,14.5,26350.0,26350,12.67,2.4,24200.0,MSA_M2017_dl.xlsx
2017,0075700,"New Haven, CT",,CT,True,39-9011,Childcare Workers,1850.0,15.1,27570.0,27570,13.25,2.9,25160.0,MSA_M2017_dl.xlsx
2017,0076450,"Norwich-New London-Westerly, CT-RI",,CT,True,39-9011,Childcare Workers,780.0,14.8,25820.0,25820,12.42,3.1,24200.0,MSA_M2017_dl.xlsx
2017,0078700,"Waterbury, CT",,CT,True,39-9011,Childcare Workers,440.0,19.0,25240.0,25240,12.13,2.9,24270.0,MSA_M2017_dl.xlsx
2017,0047894,"Washington-Arlington-Alexandria, DC-VA-MD-WV Metropolitan Division",,DC,True,39-9011,Childcare Workers,10060.0,11.6,28360.0,28360,13.64,3.6,27290.0,MSA_M2017_dl.xlsx
2017,0020100,"Dover, DE",,DE,True,39-9011,Childcare Workers,260.0,43.2,27530.0,27530,13.23,4.5,28390.0,MSA_M2017_dl.xlsx
2017,0048864,"Wilmington, DE-MD-NJ Metropolitan Division",,DE,True,39-9011,Childcare Workers,1080.0,15.5,22390.0,22390,10.76,2.0,20740.0,MSA_M2017_dl.xlsx
2017,0015980,"Cape Coral-Fort Myers, FL",,FL,True,39-9011,Childcare Workers,1030.0,9.2,24190.0,24190,11.63,4.7,22460.0,MSA_M2017_dl.xlsx
2017,0018880,"Crestview-Fort Walton Beach-Destin, FL",,FL,True,39-9011,Childcare Workers,470.0,23.5,21860.0,21860,10.51,2.5,19550.0,MSA_M2017_dl.xlsx
2017,0019660,"Deltona-Daytona Beach-Ormond Beach, FL",,FL,True,39-9011,Childcare Workers,790.0,19.1,22300.0,22300,10.72,2.7,20920.0,MSA_M2017_dl.xlsx
2017,0022744,"Fort Lauderdale-Pompano Beach-Deerfield Beach, FL Metropolitan Division",,FL,True,39-9011,Childcare Workers,3460.0,8.9,22070.0,22070,10.61,2.0,20960.0,MSA_M2017_dl.xlsx
2017,0023540,"Gainesville, FL",,FL,True,39-9011,Childcare Workers,500.0,31.3,22680.0,22680,10.9,5.2,21590.0,MSA_M2017_dl.xlsx
2017,0026140,"Homosassa Springs, FL",,FL,True,39-9011,Childcare Workers,,,19660.0,19660,9.45,4.1,19040.0,MSA_M2017_dl.xlsx
2017,0027260,"Jacksonville, FL",,FL,True,39-9011,Childcare Workers,2910.0,20.9,22970.0,22970,11.04,2.3,22310.0,MSA_M2017_dl.xlsx
2017,0029460,"Lakeland-Winter Haven, FL",,FL,True,39-9011,Childcare Workers,840.0,15.6,19890.0,19890,9.56,2.1,19350.0,MSA_M2017_dl.xlsx
2017,0033124,"Miami-Miami Beach-Kendall, FL Metropolitan Division",,FL,True,39-9011,Childcare Workers,6300.0,22.9,22240.0,22240,10.69,2.5,20490.0,MSA_M2017_dl.xlsx
2017,0034940,"Naples-Immokalee-Marco Island, FL",,FL,True,39-9011,Childcare Workers,550.0,13.7,24520.0,24520,11.79,2.9,23810.0,MSA_M2017_dl.xlsx
2017,0035840,"North Port-Sarasota-Bradenton, FL",,FL,True,39-9011,Childcare Workers,870.0,15.9,24820.0,24820,11.93,4.7,23740.0,MSA_M2017_dl.xlsx
2017,0036100,"Ocala, FL",,FL,True,39-9011,Childcare Workers,,,23810.0,23810,11.45,2.8,22780.0,MSA_M2017_dl.xlsx
2017,0036740,"Orlando-Kissimmee-Sanford, FL",,FL,True,39-9011,Childcare Workers,3410.0,19.2,22040.0,22040,10.6,1.7,21750.0,MSA_M2017_dl.xlsx
2017,0037340,"Palm Bay-Melbourne-Titusville, FL",,FL,True,39-9011,Childcare Workers,820.0,15.0,22270.0,22270,10.7,4.6,22030.0,MSA_M2017_dl.xlsx
2017,0037460,"Panama City, FL",,FL,True,39-9011,Childcare Workers,360.0,46.3,19450.0,19450,9.35,3.8,18930.0,MSA_M2017_dl.xlsx
2017,0037860,"Pensacola-Ferry Pass-Brent, FL",,FL,True,39-9011,Childcare Workers,750.0,13.5,20150.0,20150,9.69,2.7,19440.0,MSA_M2017_dl.xlsx
2017,0038940,"Port St. Lucie, FL",,FL,True,39-9011,Childcare Workers,440.0,26.8,24690.0,24690,11.87,4.3,21990.0,MSA_M2017_dl.xlsx
2017,0039460,"Punta Gorda, FL",,FL,True,39-9011,Childcare Workers,160.0,41.2,23510.0,23510,11.3,2.8,22750.0,MSA_M2017_dl.xlsx
2017,0042680,"Sebastian-Vero Beach, FL",,FL,True,39-9011,Childcare Workers,120.0,23.0,24090.0,24090,11.58,6.5,23180.0,MSA_M2017_dl.xlsx
2017,0042700,"Sebring, FL",,FL,True,39-9011,Childcare Workers,170.0,25.3,22840.0,22840,10.98,4.1,21610.0,MSA_M2017_dl.xlsx
2017,0045220,"Tallahassee, FL",,FL,True,39-9011,Childcare Workers,600.0,23.4,22350.0,22350,10.74,3.1,20280.0,MSA_M2017_dl.xlsx
2017,0045300,"Tampa-St. Petersburg-Clearwater, FL",,FL,True,39-9011,Childcare Workers,5720.0,11.0,21860.0,21860,10.51,2.0,20550.0,MSA_M2017_dl.xlsx
2017,0045540,"The Villages, FL",,FL,True,39-9011,Childcare Workers,50.0,11.3,19510.0,19510,9.38,3.2,18830.0,MSA_M2017_dl.xlsx
2017,0048424,"West Palm Beach-Boca Raton-Delray Beach, FL Metropolitan Division",,FL,True,39-9011,Childcare Workers,2350.0,14.9,23370.0,23370,11.24,4.2,21220.0,MSA_M2017_dl.xlsx
2017,0010500,"Albany, GA",,GA,True,39-9011,Childcare Workers,,,17890.0,17890,8.6,3.3,17950.0,MSA_M2017_dl.xlsx
2017,0012020,"Athens-Clarke County, GA",,GA,True,39-9011,Childcare Workers,360.0,27.9,20190.0,20190,9.71,3.3,19470.0,MSA_M2017_dl.xlsx
2017,0012060,"Atlanta-Sandy Springs-Roswell, GA",,GA,True,39-9011,Childcare Workers,9840.0,10.4,23860.0,23860,11.47,5.4,21680.0,MSA_M2017_dl.xlsx
2017,0012260,"Augusta-Richmond County, GA-SC",,GA,True,39-9011,Childcare Workers,620.0,19.4,18630.0,18630,8.96,2.9,18140.0,MSA_M2017_dl.xlsx
2017,0015260,"Brunswick, GA",,GA,True,39-9011,Childcare Workers,130.0,24.5,20210.0,20210,9.72,4.8,18680.0,MSA_M2017_dl.xlsx
2017,0017980,"Columbus, GA-AL",,GA,True,39-9011,Childcare Workers,640.0,14.2,20970.0,20970,10.08,2.3,19400.0,MSA_M2017_dl.xlsx
2017,0019140,"Dalton, GA",,GA,True,39-9011,Childcare Workers,,,18970.0,18970,9.12,6.0,18860.0,MSA_M2017_dl.xlsx
2017,0023580,"Gainesville, GA",,GA,True,39-9011,Childcare Workers,,,19250.0,19250,9.25,7.9,18210.0,MSA_M2017_dl.xlsx
2017,0025980,"Hinesville, GA",,GA,True,39-9011,Childcare Workers,130.0,49.0,18650.0,18650,8.97,3.2,18240.0,MSA_M2017_dl.xlsx
2017,0031420,"Macon, GA",,GA,True,39-9011,Childcare Workers,,,23750.0,23750,11.42,9.3,20770.0,MSA_M2017_dl.xlsx
2017,0040660,"Rome, GA",,GA,True,39-9011,Childcare Workers,80.0,24.9,17940.0,17940,8.63,4.4,17890.0,MSA_M2017_dl.xlsx
2017,0042340,"Savannah, GA",,GA,True,39-9011,Childcare Workers,640.0,16.8,19100.0,19100,9.18,4.3,18590.0,MSA_M2017_dl.xlsx
2017,0046660,"Valdosta, GA",,GA,True,39-9011,Childcare Workers,200.0,30.4,19550.0,19550,9.4,4.5,18760.0,MSA_M2017_dl.xlsx
2017,0047580,"Warner Robins, GA",,GA,True,39-9011,Childcare Workers,370.0,23.1,21070.0,21070,10.13,9.8,18540.0,MSA_M2017_dl.xlsx
2017,0027980,"Kahului-Wailuku-Lahaina, HI",,HI,True,39-9011,Childcare Workers,290.0,29.9,23810.0,23810,11.45,3.3,21040.0,MSA_M2017_dl.xlsx
2017,0046520,"Urban Honolulu, HI",,HI,True,39-9011,Childcare Workers,1530.0,18.3,24590.0,24590,11.82,2.5,22960.0,MSA_M2017_dl.xlsx
2017,0011180,"Ames, IA",,IA,True,39-9011,Childcare Workers,330.0,30.0,18740.0,18740,9.01,2.6,18580.0,MSA_M2017_dl.xlsx
2017,0016300,"Cedar Rapids, IA",,IA,True,39-9011,Childcare Workers,820.0,21.9,23140.0,23140,11.13,5.8,22030.0,MSA_M2017_dl.xlsx
2017,0019340,"Davenport-Moline-Rock Island, IA-IL",,IA,True,39-9011,Childcare Workers,640.0,15.7,21160.0,21160,10.17,2.3,19900.0,MSA_M2017_dl.xlsx
2017,0019780,"Des Moines-West Des Moines, IA",,IA,True,39-9011,Childcare Workers,1830.0,35.6,22470.0,22470,10.8,3.5,21390.0,MSA_M2017_dl.xlsx
2017,0020220,"Dubuque, IA",,IA,True,39-9011,Childcare Workers,,,19200.0,19200,9.23,3.6,18650.0,MSA_M2017_dl.xlsx
2017,0026980,"Iowa City, IA",,IA,True,39-9011,Childcare Workers,910.0,18.5,21810.0,21810,10.49,4.6,21620.0,MSA_M2017_dl.xlsx
2017,0043580,"Sioux City, IA-NE-SD",,IA,True,39-9011,Childcare Workers,270.0,28.3,20450.0,20450,9.83,5.4,19470.0,MSA_M2017_dl.xlsx
2017,0047940,"Waterloo-Cedar Falls, IA",,IA,True,39-9011,Childcare Workers,710.0,33.9,19780.0,19780,9.51,2.8,18840.0,MSA_M2017_dl.xlsx
2017,0014260,"Boise City, ID",,ID,True,39-9011,Childcare Workers,480.0,26.6,18490.0,18490,8.89,2.6,18050.0,MSA_M2017_dl.xlsx
2017,0017660,"Coeur d'Alene, ID",,ID,True,39-9011,Childcare Workers,,,22090.0,22090,10.62,4.1,21380.0,MSA_M2017_dl.xlsx
2017,0026820,"Idaho Falls, ID",,ID,True,39-9011,Childcare Workers,280.0,25.6,19390.0,19390,9.32,6.1,18970.0,MSA_M2017_dl.xlsx
2017,0038540,"Pocatello, ID",,ID,True,39-9011,Childcare Workers,120.0,39.5,18020.0,18020,8.66,4.2,18100.0,MSA_M2017_dl.xlsx
2017,0014010,"Bloomington, IL",,IL,True,39-9011,Childcare Workers,600.0,15.6,20740.0,20740,9.97,3.0,19480.0,MSA_M2017_dl.xlsx
2017,0016060,"Carbondale-Marion, IL",,IL,True,39-9011,Childcare Workers,220.0,35.1,21590.0,21590,10.38,1.9,19970.0,MSA_M2017_dl.xlsx
2017,0016580,"Champaign-Urbana, IL",,IL,True,39-9011,Childcare Workers,450.0,12.2,24580.0,24580,11.82,3.7,22970.0,MSA_M2017_dl.xlsx
2017,0016974,"Chicago-Naperville-Arlington Heights, IL Metropolitan Division",,IL,True,39-9011,Childcare Workers,9820.0,11.5,23850.0,23850,11.47,1.9,22570.0,MSA_M2017_dl.xlsx
2017,0019180,"Danville, IL",,IL,True,39-9011,Childcare Workers,80.0,36.5,25820.0,25820,12.41,13.6,22510.0,MSA_M2017_dl.xlsx
2017,0019500,"Decatur, IL",,IL,True,39-9011,Childcare Workers,70.0,25.3,20870.0,20870,10.03,2.4,20080.0,MSA_M2017_dl.xlsx
2017,0020994,"Elgin, IL Metropolitan Division",,IL,True,39-9011,Childcare Workers,1350.0,22.9,24180.0,24180,11.62,3.7,23830.0,MSA_M2017_dl.xlsx
2017,0028100,"Kankakee, IL",,IL,True,39-9011,Childcare Workers,170.0,49.0,23500.0,23500,11.3,2.3,22500.0,MSA_M2017_dl.xlsx
2017,0029404,"Lake County-Kenosha County, IL-WI Metropolitan Division",,IL,True,39-9011,Childcare Workers,1250.0,14.0,24400.0,24400,11.73,2.3,23140.0,MSA_M2017_dl.xlsx
2017,0037900,"Peoria, IL",,IL,True,39-9011,Childcare Workers,650.0,19.3,23370.0,23370,11.24,2.6,21700.0,MSA_M2017_dl.xlsx
2017,0040420,"Rockford, IL",,IL,True,39-9011,Childcare Workers,250.0,25.7,23650.0,23650,11.37,4.3,20220.0,MSA_M2017_dl.xlsx
2017,0044100,"Springfield, IL",,IL,True,39-9011,Childcare Workers,340.0,19.7,23670.0,23670,11.38,2.9,22360.0,MSA_M2017_dl.xlsx
2017,0014020,"Bloomington, IN",,IN,True,39-9011,Childcare Workers,240.0,39.3,19090.0,19090,9.18,3.5,18420.0,MSA_M2017_dl.xlsx
2017,0021140,"Elkhart-Goshen, IN",,IN,True,39-9011,Childcare Workers,130.0,30.3,23210.0,23210,11.16,4.4,22070.0,MSA_M2017_dl.xlsx
2017,0021780,"Evansville, IN-KY",,IN,True,39-9011,Childcare Workers,680.0,12.3,19640.0,19640,9.44,2.4,19350.0,MSA_M2017_dl.xlsx
2017,0023060,"Fort Wayne, IN",,IN,True,39-9011,Childcare Workers,470.0,10.3,22710.0,22710,10.92,8.6,20210.0,MSA_M2017_dl.xlsx
2017,0023844,"Gary, IN Metropolitan Division",,IN,True,39-9011,Childcare Workers,700.0,21.6,18960.0,18960,9.11,2.9,18520.0,MSA_M2017_dl.xlsx
2017,0026900,"Indianapolis-Carmel-Anderson, IN",,IN,True,39-9011,Childcare Workers,4230.0,16.4,21000.0,21000,10.1,2.8,20800.0,MSA_M2017_dl.xlsx
2017,0029020,"Kokomo, IN",,IN,True,39-9011,Childcare Workers,50.0,46.8,18750.0,18750,9.01,5.9,18300.0,MSA_M2017_dl.xlsx
2017,0029200,"Lafayette-West Lafayette, IN",,IN,True,39-9011,Childcare Workers,210.0,32.0,25290.0,25290,12.16,2.4,24300.0,MSA_M2017_dl.xlsx
2017,0033140,"Michigan City-La Porte, IN",,IN,True,39-9011,Childcare Workers,150.0,19.5,21280.0,21280,10.23,9.0,19390.0,MSA_M2017_dl.xlsx
2017,0034620,"Muncie, IN",,IN,True,39-9011,Childcare Workers,550.0,9.4,20870.0,20870,10.03,3.9,19900.0,MSA_M2017_dl.xlsx
2017,0043780,"South Bend-Mishawaka, IN-MI",,IN,True,39-9011,Childcare Workers,190.0,35.0,19740.0,19740,9.49,2.9,19050.0,MSA_M2017_dl.xlsx
2017,0045460,"Terre Haute, IN",,IN,True,39-9011,Childcare Workers,320.0,27.8,19490.0,19490,9.37,4.1,19210.0,MSA_M2017_dl.xlsx
2017,0029940,"Lawrence, KS",,KS,True,39-9011,Childcare Workers,320.0,21.7,20690.0,20690,9.95,3.6,20770.0,MSA_M2017_dl.xlsx
2017,0031740,"Manhattan, KS",,KS,True,39-9011,Childcare Workers,270.0,14.6,19430.0,19430,9.34,6.2,18350.0,MSA_M2017_dl.xlsx
2017,0045820,"Topeka, KS",,KS,True,39-9011,Childcare Workers,340.0,13.3,19990.0,19990,9.61,4.0,19140.0,MSA_M2017_dl.xlsx
2017,0048620,"Wichita, KS",,KS,True,39-9011,Childcare Workers,,,20600.0,20600,9.9,2.7,20100.0,MSA_M2017_dl.xlsx
2017,0014540,"Bowling Green, KY",,KY,True,39-9011,Childcare Workers,430.0,19.2,18790.0,18790,9.03,3.2,18430.0,MSA_M2017_dl.xlsx
2017,0021060,"Elizabethtown-Fort Knox, KY",,KY,True,39-9011,Childcare Workers,450.0,6.8,18530.0,18530,8.91,2.4,18290.0,MSA_M2017_dl.xlsx
2017,0030460,"Lexington-Fayette, KY",,KY,True,39-9011,Childcare Workers,1930.0,8.8,21050.0,21050,10.12,1.5,20020.0,MSA_M2017_dl.xlsx
2017,0031140,"Louisville/Jefferson County, KY-IN",,KY,True,39-9011,Childcare Workers,3530.0,12.7,21430.0,21430,10.3,3.5,19420.0,MSA_M2017_dl.xlsx
2017,0036980,"Owensboro, KY",,KY,True,39-9011,Childcare Workers,340.0,19.1,20530.0,20530,9.87,3.9,19610.0,MSA_M2017_dl.xlsx
2017,0010780,"Alexandria, LA",,LA,True,39-9011,Childcare Workers,350.0,31.5,18430.0,18430,8.86,4.6,18060.0,MSA_M2017_dl.xlsx
2017,0012940,"Baton Rouge, LA",,LA,True,39-9011,Childcare Workers,1800.0,12.2,19110.0,19110,9.19,2.9,18600.0,MSA_M2017_dl.xlsx
2017,0025220,"Hammond, LA",,LA,True,39-9011,Childcare Workers,430.0,1.8,19570.0,19570,9.41,4.2,19000.0,MSA_M2017_dl.xlsx
2017,0026380,"Houma-Thibodaux, LA",,LA,True,39-9011,Childcare Workers,300.0,9.4,20670.0,20670,9.94,4.2,19140.0,MSA_M2017_dl.xlsx
2017,0029180,"Lafayette, LA",,LA,True,39-9011,Childcare Workers,1180.0,12.7,19970.0,19970,9.6,4.0,18910.0,MSA_M2017_dl.xlsx
2017,0029340,"Lake Charles, LA",,LA,True,39-9011,Childcare Workers,300.0,9.1,18180.0,18180,8.74,4.3,18050.0,MSA_M2017_dl.xlsx
2017,0033740,"Monroe, LA",,LA,True,39-9011,Childcare Workers,230.0,29.5,20120.0,20120,9.67,4.9,19120.0,MSA_M2017_dl.xlsx
2017,0035380,"New Orleans-Metairie, LA",,LA,True,39-9011,Childcare Workers,2190.0,10.6,19370.0,19370,9.31,2.6,18690.0,MSA_M2017_dl.xlsx
2017,0043340,"Shreveport-Bossier City, LA",,LA,True,39-9011,Childcare Workers,620.0,26.8,20020.0,20020,9.63,5.3,19060.0,MSA_M2017_dl.xlsx
2017,0070900,"Barnstable Town, MA",,MA,True,39-9011,Childcare Workers,360.0,22.9,31010.0,31010,14.91,4.9,28160.0,MSA_M2017_dl.xlsx
2017,0071654,"Boston-Cambridge-Newton, MA NECTA Division",,MA,True,39-9011,Childcare Workers,6410.0,8.4,30020.0,30020,14.43,1.9,27900.0,MSA_M2017_dl.xlsx
2017,0072104,"Brockton-Bridgewater-Easton, MA NECTA Division",,MA,True,39-9011,Childcare Workers,320.0,24.0,25400.0,25400,12.21,2.1,24320.0,MSA_M2017_dl.xlsx
2017,0073104,"Framingham, MA NECTA Division",,MA,True,39-9011,Childcare Workers,1000.0,20.3,31500.0,31500,15.15,3.2,30170.0,MSA_M2017_dl.xlsx
2017,0073604,"Haverhill-Newburyport-Amesbury Town, MA-NH NECTA Division",,MA,True,39-9011,Childcare Workers,330.0,25.2,24380.0,24380,11.72,3.3,23360.0,MSA_M2017_dl.xlsx
2017,0074204,"Lawrence-Methuen Town-Salem, MA-NH NECTA Division",,MA,True,39-9011,Childcare Workers,470.0,17.6,26350.0,26350,12.67,3.3,25200.0,MSA_M2017_dl.xlsx
2017,0074500,"Leominster-Gardner, MA",,MA,True,39-9011,Childcare Workers,140.0,32.9,27040.0,27040,13.0,3.2,26120.0,MSA_M2017_dl.xlsx
2017,0074804,"Lowell-Billerica-Chelmsford, MA-NH NECTA Division",,MA,True,39-9011,Childcare Workers,560.0,16.5,26870.0,26870,12.92,2.2,24500.0,MSA_M2017_dl.xlsx
2017,0074854,"Lynn-Saugus-Marblehead, MA NECTA Division",,MA,True,39-9011,Childcare Workers,220.0,30.9,29530.0,29530,14.2,2.5,29270.0,MSA_M2017_dl.xlsx
2017,0075550,"New Bedford, MA",,MA,True,39-9011,Childcare Workers,380.0,44.3,26500.0,26500,12.74,2.4,25890.0,MSA_M2017_dl.xlsx
2017,0076524,"Peabody-Salem-Beverly, MA NECTA Division",,MA,True,39-9011,Childcare Workers,590.0,16.2,28180.0,28180,13.55,2.7,26380.0,MSA_M2017_dl.xlsx
2017,0076600,"Pittsfield, MA",,MA,True,39-9011,Childcare Workers,,,25450.0,25450,12.24,2.3,24310.0,MSA_M2017_dl.xlsx
2017,0078100,"Springfield, MA-CT",,MA,True,39-9011,Childcare Workers,940.0,26.0,26680.0,26680,12.83,2.4,24560.0,MSA_M2017_dl.xlsx
2017,0078254,"Taunton-Middleborough-Norton, MA NECTA Division",,MA,True,39-9011,Childcare Workers,170.0,34.5,29480.0,29480,14.17,9.2,25000.0,MSA_M2017_dl.xlsx
2017,0079600,"Worcester, MA-CT",,MA,True,39-9011,Childcare Workers,1340.0,17.6,28600.0,28600,13.75,1.8,25480.0,MSA_M2017_dl.xlsx
2017,0012580,"Baltimore-Columbia-Towson, MD",,MD,True,39-9011,Childcare Workers,4220.0,10.3,23860.0,23860,11.47,2.7,21650.0,MSA_M2017_dl.xlsx
2017,0015680,"California-Lexington Park, MD",,MD,True,39-9011,Childcare Workers,150.0,47.4,25370.0,25370,12.2,8.2,22980.0,MSA_M2017_dl.xlsx
2017,0019060,"Cumberland, MD-WV",,MD,True,39-9011,Childcare Workers,100.0,35.3,23510.0,23510,11.3,10.3,19630.0,MSA_M2017_dl.xlsx
2017,0025180,"Hagerstown-Martinsburg, MD-WV",,MD,True,39-9011,Childcare Workers,360.0,11.4,22330.0,22330,10.74,2.2,20110.0,MSA_M2017_dl.xlsx
2017,0041540,"Salisbury, MD-DE",,MD,True,39-9011,Childcare Workers,580.0,23.2,21250.0,21250,10.22,2.2,19700.0,MSA_M2017_dl.xlsx
2017,0043524,"Silver Spring-Frederick-Rockville, MD Metropolitan Division",,MD,True,39-9011,Childcare Workers,2280.0,15.3,31030.0,31030,14.92,4.3,29450.0,MSA_M2017_dl.xlsx
2017,0070750,"Bangor, ME",,ME,True,39-9011,Childcare Workers,280.0,30.4,24090.0,24090,11.58,6.1,21460.0,MSA_M2017_dl.xlsx
2017,0074650,"Lewiston-Auburn, ME",,ME,True,39-9011,Childcare Workers,260.0,24.6,22010.0,22010,10.58,2.3,21580.0,MSA_M2017_dl.xlsx
2017,0076750,"Portland-South Portland, ME",,ME,True,39-9011,Childcare Workers,1010.0,18.5,24250.0,24250,11.66,4.4,23570.0,MSA_M2017_dl.xlsx
2017,0011460,"Ann Arbor, MI",,MI,True,39-9011,Childcare Workers,540.0,13.3,23960.0,23960,11.52,3.6,22200.0,MSA_M2017_dl.xlsx
2017,0012980,"Battle Creek, MI",,MI,True,39-9011,Childcare Workers,260.0,41.1,21630.0,21630,10.4,2.1,20140.0,MSA_M2017_dl.xlsx
2017,0013020,"Bay City, MI",,MI,True,39-9011,Childcare Workers,150.0,15.7,19590.0,19590,9.42,2.4,19370.0,MSA_M2017_dl.xlsx
2017,0019804,"Detroit-Dearborn-Livonia, MI Metropolitan Division",,MI,True,39-9011,Childcare Workers,2730.0,17.6,23530.0,23530,11.31,3.2,20970.0,MSA_M2017_dl.xlsx
2017,0022420,"Flint, MI",,MI,True,39-9011,Childcare Workers,880.0,16.0,20950.0,20950,10.07,1.5,19830.0,MSA_M2017_dl.xlsx
2017,0024340,"Grand Rapids-Wyoming, MI",,MI,True,39-9011,Childcare Workers,1680.0,15.9,25030.0,25030,12.04,2.5,22370.0,MSA_M2017_dl.xlsx
2017,0027100,"Jackson, MI",,MI,True,39-9011,Childcare Workers,,,23480.0,23480,11.29,3.3,21540.0,MSA_M2017_dl.xlsx
2017,0028020,"Kalamazoo-Portage, MI",,MI,True,39-9011,Childcare Workers,550.0,14.5,22690.0,22690,10.91,3.0,20360.0,MSA_M2017_dl.xlsx
2017,0029620,"Lansing-East Lansing, MI",,MI,True,39-9011,Childcare Workers,1200.0,14.0,22650.0,22650,10.89,2.4,20390.0,MSA_M2017_dl.xlsx
2017,0033220,"Midland, MI",,MI,True,39-9011,Childcare Workers,160.0,17.5,20490.0,20490,9.85,2.2,19410.0,MSA_M2017_dl.xlsx
2017,0033780,"Monroe, MI",,MI,True,39-9011,Childcare Workers,180.0,18.4,21970.0,21970,10.56,2.5,21060.0,MSA_M2017_dl.xlsx
2017,0034740,"Muskegon, MI",,MI,True,39-9011,Childcare Workers,240.0,27.9,22860.0,22860,10.99,2.3,22390.0,MSA_M2017_dl.xlsx
2017,0035660,"Niles-Benton Harbor, MI",,MI,True,39-9011,Childcare Workers,160.0,17.6,24690.0,24690,11.87,7.5,21190.0,MSA_M2017_dl.xlsx
2017,0040980,"Saginaw, MI",,MI,True,39-9011,Childcare Workers,,,21380.0,21380,10.28,1.8,19850.0,MSA_M2017_dl.xlsx
2017,0047664,"Warren-Troy-Farmington Hills, MI Metropolitan Division",,MI,True,39-9011,Childcare Workers,3980.0,9.2,23160.0,23160,11.14,1.5,21680.0,MSA_M2017_dl.xlsx
2017,0020260,"Duluth, MN-WI",,MN,True,39-9011,Childcare Workers,440.0,22.6,23850.0,23850,11.47,2.0,23130.0,MSA_M2017_dl.xlsx
2017,0031860,"Mankato-North Mankato, MN",,MN,True,39-9011,Childcare Workers,330.0,39.2,22800.0,22800,10.96,3.5,21830.0,MSA_M2017_dl.xlsx
2017,0033460,"Minneapolis-St. Paul-Bloomington, MN-WI",,MN,True,39-9011,Childcare Workers,8630.0,7.0,25140.0,25140,12.09,2.3,23890.0,MSA_M2017_dl.xlsx
2017,0040340,"Rochester, MN",,MN,True,39-9011,Childcare Workers,620.0,15.0,24210.0,24210,11.64,4.2,21830.0,MSA_M2017_dl.xlsx
2017,0041060,"St. Cloud, MN",,MN,True,39-9011,Childcare Workers,240.0,42.2,22010.0,22010,10.58,3.4,20240.0,MSA_M2017_dl.xlsx
2017,0016020,"Cape Girardeau, MO-IL",,MO,True,39-9011,Childcare Workers,290.0,15.0,20360.0,20360,9.79,4.2,19000.0,MSA_M2017_dl.xlsx
2017,0017860,"Columbia, MO",,MO,True,39-9011,Childcare Workers,560.0,13.2,24900.0,24900,11.97,7.9,20700.0,MSA_M2017_dl.xlsx
2017,0027620,"Jefferson City, MO",,MO,True,39-9011,Childcare Workers,530.0,23.6,22160.0,22160,10.66,4.4,20220.0,MSA_M2017_dl.xlsx
2017,0027900,"Joplin, MO",,MO,True,39-9011,Childcare Workers,300.0,27.8,21790.0,21790,10.48,7.4,19900.0,MSA_M2017_dl.xlsx
2017,0028140,"Kansas City, MO-KS",,MO,True,39-9011,Childcare Workers,5640.0,8.6,21940.0,21940,10.55,2.7,20320.0,MSA_M2017_dl.xlsx
2017,0041140,"St. Joseph, MO-KS",,MO,True,39-9011,Childcare Workers,230.0,19.2,18740.0,18740,9.01,3.3,18420.0,MSA_M2017_dl.xlsx
2017,0041180,"St. Louis, MO-IL",,MO,True,39-9011,Childcare Workers,5300.0,11.5,23770.0,23770,11.43,3.1,22100.0,MSA_M2017_dl.xlsx
2017,0044180,"Springfield, MO",,MO,True,39-9011,Childcare Workers,1130.0,17.7,20420.0,20420,9.82,2.8,19490.0,MSA_M2017_dl.xlsx
2017,0025060,"Gulfport-Biloxi-Pascagoula, MS",,MS,True,39-9011,Childcare Workers,,,22320.0,22320,10.73,6.1,21240.0,MSA_M2017_dl.xlsx
2017,0025620,"Hattiesburg, MS",,MS,True,39-9011,Childcare Workers,,,18080.0,18080,8.69,2.4,18150.0,MSA_M2017_dl.xlsx
2017,0027140,"Jackson, MS",,MS,True,39-9011,Childcare Workers,2220.0,11.2,19090.0,19090,9.18,2.2,18530.0,MSA_M2017_dl.xlsx
2017,0013740,"Billings, MT",,MT,True,39-9011,Childcare Workers,600.0,11.7,22610.0,22610,10.87,3.9,21530.0,MSA_M2017_dl.xlsx
2017,0024500,"Great Falls, MT",,MT,True,39-9011,Childcare Workers,250.0,33.1,22040.0,22040,10.59,3.3,22060.0,MSA_M2017_dl.xlsx
2017,0033540,"Missoula, MT",,MT,True,39-9011,Childcare Workers,520.0,26.8,20040.0,20040,9.64,3.3,19250.0,MSA_M2017_dl.xlsx
2017,0011700,"Asheville, NC",,NC,True,39-9011,Childcare Workers,850.0,25.1,24250.0,24250,11.66,3.3,23010.0,MSA_M2017_dl.xlsx
2017,0015500,"Burlington, NC",,NC,True,39-9011,Childcare Workers,280.0,21.0,20950.0,20950,10.07,5.3,19750.0,MSA_M2017_dl.xlsx
2017,0016740,"Charlotte-Concord-Gastonia, NC-SC",,NC,True,39-9011,Childcare Workers,5880.0,7.6,23270.0,23270,11.19,2.5,22080.0,MSA_M2017_dl.xlsx
2017,0020500,"Durham-Chapel Hill, NC",,NC,True,39-9011,Childcare Workers,770.0,20.6,22980.0,22980,11.05,3.2,21000.0,MSA_M2017_dl.xlsx
2017,0022180,"Fayetteville, NC",,NC,True,39-9011,Childcare Workers,550.0,48.5,20150.0,20150,9.69,2.3,19200.0,MSA_M2017_dl.xlsx
2017,0024140,"Goldsboro, NC",,NC,True,39-9011,Childcare Workers,,,19500.0,19500,9.38,5.0,18500.0,MSA_M2017_dl.xlsx
2017,0024660,"Greensboro-High Point, NC",,NC,True,39-9011,Childcare Workers,1570.0,12.3,19670.0,19670,9.46,2.4,19050.0,MSA_M2017_dl.xlsx
2017,0024780,"Greenville, NC",,NC,True,39-9011,Childcare Workers,120.0,44.3,19680.0,19680,9.46,3.8,18650.0,MSA_M2017_dl.xlsx
2017,0025860,"Hickory-Lenoir-Morganton, NC",,NC,True,39-9011,Childcare Workers,470.0,28.4,20730.0,20730,9.97,2.8,20060.0,MSA_M2017_dl.xlsx
2017,0027340,"Jacksonville, NC",,NC,True,39-9011,Childcare Workers,260.0,37.8,18230.0,18230,8.77,2.9,18090.0,MSA_M2017_dl.xlsx
2017,0035100,"New Bern, NC",,NC,True,39-9011,Childcare Workers,130.0,33.6,20120.0,20120,9.68,4.5,20040.0,MSA_M2017_dl.xlsx
2017,0039580,"Raleigh, NC",,NC,True,39-9011,Childcare Workers,2640.0,16.2,21690.0,21690,10.43,4.9,19620.0,MSA_M2017_dl.xlsx
2017,0040580,"Rocky Mount, NC",,NC,True,39-9011,Childcare Workers,270.0,21.4,21520.0,21520,10.35,4.9,19370.0,MSA_M2017_dl.xlsx
2017,0048900,"Wilmington, NC",,NC,True,39-9011,Childcare Workers,360.0,9.0,20690.0,20690,9.95,4.3,19650.0,MSA_M2017_dl.xlsx
2017,0049180,"Winston-Salem, NC",,NC,True,39-9011,Childcare Workers,1190.0,23.3,22180.0,22180,10.67,5.1,19640.0,MSA_M2017_dl.xlsx
2017,0013900,"Bismarck, ND",,ND,True,39-9011,Childcare Workers,670.0,13.8,22670.0,22670,10.9,3.4,22340.0,MSA_M2017_dl.xlsx
2017,0022020,"Fargo, ND-MN",,ND,True,39-9011,Childcare Workers,1290.0,25.2,23360.0,23360,11.23,4.0,22000.0,MSA_M2017_dl.xlsx
2017,0024220,"Grand Forks, ND-MN",,ND,True,39-9011,Childcare Workers,290.0,23.9,19960.0,19960,9.6,3.3,20030.0,MSA_M2017_dl.xlsx
2017,0024260,"Grand Island, NE",,NE,True,39-9011,Childcare Workers,240.0,13.6,21150.0,21150,10.17,2.9,20220.0,MSA_M2017_dl.xlsx
2017,0030700,"Lincoln, NE",,NE,True,39-9011,Childcare Workers,1700.0,8.7,23220.0,23220,11.16,2.9,21680.0,MSA_M2017_dl.xlsx
2017,0036540,"Omaha-Council Bluffs, NE-IA",,NE,True,39-9011,Childcare Workers,5080.0,8.9,23430.0,23430,11.26,2.3,22170.0,MSA_M2017_dl.xlsx
2017,0073050,"Dover-Durham, NH-ME",,NH,True,39-9011,Childcare Workers,310.0,11.3,22380.0,22380,10.76,1.9,22290.0,MSA_M2017_dl.xlsx
2017,0074950,"Manchester, NH",,NH,True,39-9011,Childcare Workers,380.0,27.3,22240.0,22240,10.69,5.5,20660.0,MSA_M2017_dl.xlsx
2017,0075404,"Nashua, NH-MA NECTA Division",,NH,True,39-9011,Childcare Workers,670.0,21.8,24180.0,24180,11.62,2.9,23110.0,MSA_M2017_dl.xlsx
2017,0076900,"Portsmouth, NH-ME",,NH,True,39-9011,Childcare Workers,210.0,24.5,23620.0,23620,11.36,5.2,23420.0,MSA_M2017_dl.xlsx
2017,0012100,"Atlantic City-Hammonton, NJ",,NJ,True,39-9011,Childcare Workers,250.0,24.3,25030.0,25030,12.04,3.9,23570.0,MSA_M2017_dl.xlsx
2017,0015804,"Camden, NJ Metropolitan Division",,NJ,True,39-9011,Childcare Workers,2870.0,20.4,24360.0,24360,11.71,2.4,22860.0,MSA_M2017_dl.xlsx
2017,0035084,"Newark, NJ-PA Metropolitan Division",,NJ,True,39-9011,Childcare Workers,4780.0,9.6,24530.0,24530,11.79,2.5,22770.0,MSA_M2017_dl.xlsx
2017,0036140,"Ocean City, NJ",,NJ,True,39-9011,Childcare Workers,140.0,23.8,25970.0,25970,12.48,3.1,25830.0,MSA_M2017_dl.xlsx
2017,0045940,"Trenton, NJ",,NJ,True,39-9011,Childcare Workers,1060.0,14.9,28750.0,28750,13.82,11.7,23830.0,MSA_M2017_dl.xlsx
2017,0047220,"Vineland-Bridgeton, NJ",,NJ,True,39-9011,Childcare Workers,,,23420.0,23420,11.26,5.0,22950.0,MSA_M2017_dl.xlsx
2017,0010740,"Albuquerque, NM",,NM,True,39-9011,Childcare Workers,1320.0,18.0,23100.0,23100,11.11,6.4,21470.0,MSA_M2017_dl.xlsx
2017,0022140,"Farmington, NM",,NM,True,39-9011,Childcare Workers,230.0,12.7,20850.0,20850,10.02,2.9,20560.0,MSA_M2017_dl.xlsx
2017,0029740,"Las Cruces, NM",,NM,True,39-9011,Childcare Workers,310.0,44.3,20430.0,20430,9.82,6.9,19160.0,MSA_M2017_dl.xlsx
2017,0042140,"Santa Fe, NM",,NM,True,39-9011,Childcare Workers,,,25910.0,25910,12.46,8.5,22930.0,MSA_M2017_dl.xlsx
2017,0016180,"Carson City, NV",,NV,True,39-9011,Childcare Workers,110.0,47.1,23480.0,23480,11.29,3.8,22730.0,MSA_M2017_dl.xlsx
2017,0029820,"Las Vegas-Henderson-Paradise, NV",,NV,True,39-9011,Childcare Workers,2520.0,14.6,21920.0,21920,10.54,2.3,21130.0,MSA_M2017_dl.xlsx
2017,0039900,"Reno, NV",,NV,True,39-9011,Childcare Workers,990.0,16.0,24220.0,24220,11.65,5.4,23720.0,MSA_M2017_dl.xlsx
2017,0010580,"Albany-Schenectady-Troy, NY",,NY,True,39-9011,Childcare Workers,3330.0,16.4,25690.0,25690,12.35,2.3,23430.0,MSA_M2017_dl.xlsx
2017,0013780,"Binghamton, NY",,NY,True,39-9011,Childcare Workers,670.0,21.3,25300.0,25300,12.17,3.3,24260.0,MSA_M2017_dl.xlsx
2017,0015380,"Buffalo-Cheektowaga-Niagara Falls, NY",,NY,True,39-9011,Childcare Workers,2760.0,16.5,23640.0,23640,11.36,2.3,22100.0,MSA_M2017_dl.xlsx
2017,0020524,"Dutchess County-Putnam County, NY Metropolitan Division",,NY,True,39-9011,Childcare Workers,860.0,26.7,24660.0,24660,11.85,2.4,23480.0,MSA_M2017_dl.xlsx
2017,0021300,"Elmira, NY",,NY,True,39-9011,Childcare Workers,,,21780.0,21780,10.47,3.3,21400.0,MSA_M2017_dl.xlsx
2017,0024020,"Glens Falls, NY",,NY,True,39-9011,Childcare Workers,,,23880.0,23880,11.48,3.7,22880.0,MSA_M2017_dl.xlsx
2017,0027060,"Ithaca, NY",,NY,True,39-9011,Childcare Workers,450.0,13.2,24450.0,24450,11.76,2.3,23640.0,MSA_M2017_dl.xlsx
2017,0028740,"Kingston, NY",,NY,True,39-9011,Childcare Workers,230.0,36.1,24160.0,24160,11.61,2.8,23460.0,MSA_M2017_dl.xlsx
2017,0035004,"Nassau County-Suffolk County, NY Metropolitan Division",,NY,True,39-9011,Childcare Workers,4990.0,10.6,29390.0,29390,14.13,3.1,27250.0,MSA_M2017_dl.xlsx
2017,0035614,"New York-Jersey City-White Plains, NY-NJ Metropolitan Division",,NY,True,39-9011,Childcare Workers,28810.0,6.1,28780.0,28780,13.84,4.0,27830.0,MSA_M2017_dl.xlsx
2017,0040380,"Rochester, NY",,NY,True,39-9011,Childcare Workers,2500.0,17.6,24380.0,24380,11.72,2.3,22300.0,MSA_M2017_dl.xlsx
2017,0045060,"Syracuse, NY",,NY,True,39-9011,Childcare Workers,1180.0,16.5,24590.0,24590,11.82,2.4,23230.0,MSA_M2017_dl.xlsx
2017,0046540,"Utica-Rome, NY",,NY,True,39-9011,Childcare Workers,650.0,18.8,25060.0,25060,12.05,4.0,24110.0,MSA_M2017_dl.xlsx
2017,0048060,"Watertown-Fort Drum, NY",,NY,True,39-9011,Childcare Workers,210.0,23.2,23980.0,23980,11.53,5.9,22280.0,MSA_M2017_dl.xlsx
2017,0010420,"Akron, OH",,OH,True,39-9011,Childcare Workers,,,23730.0,23730,11.41,6.1,21470.0,MSA_M2017_dl.xlsx
2017,0015940,"Canton-Massillon, OH",,OH,True,39-9011,Childcare Workers,570.0,29.2,22070.0,22070,10.61,3.0,19880.0,MSA_M2017_dl.xlsx
2017,0017140,"Cincinnati, OH-KY-IN",,OH,True,39-9011,Childcare Workers,4800.0,9.8,23980.0,23980,11.53,2.8,23020.0,MSA_M2017_dl.xlsx
2017,0017460,"Cleveland-Elyria, OH",,OH,True,39-9011,Childcare Workers,4010.0,13.9,22460.0,22460,10.8,2.9,20610.0,MSA_M2017_dl.xlsx
2017,0018140,"Columbus, OH",,OH,True,39-9011,Childcare Workers,5340.0,7.6,21850.0,21850,10.5,3.1,20110.0,MSA_M2017_dl.xlsx
2017,0019380,"Dayton, OH",,OH,True,39-9011,Childcare Workers,1040.0,21.2,23380.0,23380,11.24,5.5,20450.0,MSA_M2017_dl.xlsx
2017,0030620,"Lima, OH",,OH,True,39-9011,Childcare Workers,,,21990.0,21990,10.57,4.5,20940.0,MSA_M2017_dl.xlsx
2017,0031900,"Mansfield, OH",,OH,True,39-9011,Childcare Workers,200.0,14.8,20480.0,20480,9.85,4.7,19070.0,MSA_M2017_dl.xlsx
2017,0044220,"Springfield, OH",,OH,True,39-9011,Childcare Workers,130.0,39.5,23190.0,23190,11.15,4.5,22330.0,MSA_M2017_dl.xlsx
2017,0045780,"Toledo, OH",,OH,True,39-9011,Childcare Workers,1120.0,18.1,23510.0,23510,11.3,3.9,21490.0,MSA_M2017_dl.xlsx
2017,0049660,"Youngstown-Warren-Boardman, OH-PA",,OH,True,39-9011,Childcare Workers,1030.0,12.6,21370.0,21370,10.28,4.4,19330.0,MSA_M2017_dl.xlsx
2017,0021420,"Enid, OK",,OK,True,39-9011,Childcare Workers,140.0,27.1,19510.0,19510,9.38,2.9,18320.0,MSA_M2017_dl.xlsx
2017,0030020,"Lawton, OK",,OK,True,39-9011,Childcare Workers,300.0,47.3,18380.0,18380,8.83,3.2,18310.0,MSA_M2017_dl.xlsx
2017,0036420,"Oklahoma City, OK",,OK,True,39-9011,Childcare Workers,2520.0,8.9,19390.0,19390,9.32,3.2,18800.0,MSA_M2017_dl.xlsx
2017,0046140,"Tulsa, OK",,OK,True,39-9011,Childcare Workers,1770.0,17.2,20780.0,20780,9.99,4.1,19060.0,MSA_M2017_dl.xlsx
2017,0010540,"Albany, OR",,OR,True,39-9011,Childcare Workers,130.0,17.0,23230.0,23230,11.17,2.8,22970.0,MSA_M2017_dl.xlsx
2017,0013460,"Bend-Redmond, OR",,OR,True,39-9011,Childcare Workers,170.0,21.2,25930.0,25930,12.47,5.3,24000.0,MSA_M2017_dl.xlsx
2017,0018700,"Corvallis, OR",,OR,True,39-9011,Childcare Workers,130.0,46.5,22200.0,22200,10.67,3.0,22100.0,MSA_M2017_dl.xlsx
2017,0021660,"Eugene, OR",,OR,True,39-9011,Childcare Workers,480.0,23.8,24000.0,24000,11.54,2.5,22660.0,MSA_M2017_dl.xlsx
2017,0024420,"Grants Pass, OR",,OR,True,39-9011,Childcare Workers,80.0,25.5,22870.0,22870,11.0,3.0,22630.0,MSA_M2017_dl.xlsx
2017,0032780,"Medford, OR",,OR,True,39-9011,Childcare Workers,160.0,20.7,26320.0,26320,12.65,8.6,23000.0,MSA_M2017_dl.xlsx
2017,0038900,"Portland-Vancouver-Hillsboro, OR-WA",,OR,True,39-9011,Childcare Workers,4360.0,16.3,26530.0,26530,12.75,2.6,24570.0,MSA_M2017_dl.xlsx
2017,0041420,"Salem, OR",,OR,True,39-9011,Childcare Workers,740.0,20.9,22620.0,22620,10.88,1.9,22390.0,MSA_M2017_dl.xlsx
2017,0010900,"Allentown-Bethlehem-Easton, PA-NJ",,PA,True,39-9011,Childcare Workers,1610.0,20.7,22520.0,22520,10.83,3.5,21320.0,MSA_M2017_dl.xlsx
2017,0011020,"Altoona, PA",,PA,True,39-9011,Childcare Workers,180.0,30.5,18240.0,18240,8.77,3.0,18310.0,MSA_M2017_dl.xlsx
2017,0014100,"Bloomsburg-Berwick, PA",,PA,True,39-9011,Childcare Workers,180.0,9.2,20010.0,20010,9.62,6.6,18690.0,MSA_M2017_dl.xlsx
2017,0016540,"Chambersburg-Waynesboro, PA",,PA,True,39-9011,Childcare Workers,,,20850.0,20850,10.02,6.2,20990.0,MSA_M2017_dl.xlsx
2017,0020700,"East Stroudsburg, PA",,PA,True,39-9011,Childcare Workers,270.0,28.2,18800.0,18800,9.04,3.9,18300.0,MSA_M2017_dl.xlsx
2017,0021500,"Erie, PA",,PA,True,39-9011,Childcare Workers,700.0,20.2,20940.0,20940,10.07,3.5,19520.0,MSA_M2017_dl.xlsx
2017,0023900,"Gettysburg, PA",,PA,True,39-9011,Childcare Workers,,,22690.0,22690,10.91,5.5,22510.0,MSA_M2017_dl.xlsx
2017,0025420,"Harrisburg-Carlisle, PA",,PA,True,39-9011,Childcare Workers,1050.0,9.6,20340.0,20340,9.78,2.1,19780.0,MSA_M2017_dl.xlsx
2017,0027780,"Johnstown, PA",,PA,True,39-9011,Childcare Workers,440.0,21.2,18660.0,18660,8.97,3.7,18290.0,MSA_M2017_dl.xlsx
2017,0029540,"Lancaster, PA",,PA,True,39-9011,Childcare Workers,790.0,19.5,22210.0,22210,10.68,3.6,21780.0,MSA_M2017_dl.xlsx
2017,0030140,"Lebanon, PA",,PA,True,39-9011,Childcare Workers,190.0,18.3,21480.0,21480,10.33,7.3,21020.0,MSA_M2017_dl.xlsx
2017,0033874,"Montgomery County-Bucks County-Chester County, PA Metropolitan Division",,PA,True,39-9011,Childcare Workers,4480.0,11.1,22440.0,22440,10.79,2.5,20690.0,MSA_M2017_dl.xlsx
2017,0037964,"Philadelphia, PA Metropolitan Division",,PA,True,39-9011,Childcare Workers,5660.0,8.5,23200.0,23200,11.15,6.8,20260.0,MSA_M2017_dl.xlsx
2017,0038300,"Pittsburgh, PA",,PA,True,39-9011,Childcare Workers,4020.0,16.3,22560.0,22560,10.85,3.4,21910.0,MSA_M2017_dl.xlsx
2017,0039740,"Reading, PA",,PA,True,39-9011,Childcare Workers,570.0,25.6,20610.0,20610,9.91,3.1,19190.0,MSA_M2017_dl.xlsx
2017,0042540,"Scranton--Wilkes-Barre--Hazleton, PA",,PA,True,39-9011,Childcare Workers,680.0,25.3,20620.0,20620,9.91,5.7,19370.0,MSA_M2017_dl.xlsx
2017,0044300,"State College, PA",,PA,True,39-9011,Childcare Workers,180.0,21.7,20360.0,20360,9.79,5.1,19800.0,MSA_M2017_dl.xlsx
2017,0048700,"Williamsport, PA",,PA,True,39-9011,Childcare Workers,230.0,25.5,20500.0,20500,9.85,2.7,19220.0,MSA_M2017_dl.xlsx
2017,0049620,"York-Hanover, PA",,PA,True,39-9011,Childcare Workers,640.0,18.4,20240.0,20240,9.73,2.7,19770.0,MSA_M2017_dl.xlsx
2017,0010380,"Aguadilla-Isabela, PR",,PR,True,39-9011,Childcare Workers,80.0,36.1,17670.0,17670,8.5,3.1,18050.0,MSA_M2017_dl.xlsx
2017,0011640,"Arecibo, PR",,PR,True,39-9011,Childcare Workers,90.0,24.6,17530.0,17530,8.43,3.3,17930.0,MSA_M2017_dl.xlsx
2017,0032420,"Mayaguez, PR",,PR,True,39-9011,Childcare Workers,50.0,10.6,17570.0,17570,8.45,4.2,17900.0,MSA_M2017_dl.xlsx
2017,0038660,"Ponce, PR",,PR,True,39-9011,Childcare Workers,120.0,16.7,17600.0,17600,8.46,3.1,17910.0,MSA_M2017_dl.xlsx
2017,0041900,"San German, PR",,PR,True,39-9011,Childcare Workers,100.0,33.0,17850.0,17850,8.58,3.4,18070.0,MSA_M2017_dl.xlsx
2017,0041980,"San Juan-Carolina-Caguas, PR",,PR,True,39-9011,Childcare Workers,1110.0,17.0,17880.0,17880,8.6,2.2,17820.0,MSA_M2017_dl.xlsx
2017,0077200,"Providence-Warwick, RI-MA",,RI,True,39-9011,Childcare Workers,3000.0,18.7,26320.0,26320,12.65,2.8,24560.0,MSA_M2017_dl.xlsx
2017,0016700,"Charleston-North Charleston, SC",,SC,True,39-9011,Childcare Workers,1750.0,20.5,20240.0,20240,9.73,3.0,19120.0,MSA_M2017_dl.xlsx
2017,0017900,"Columbia, SC",,SC,True,39-9011,Childcare Workers,800.0,34.4,19430.0,19430,9.34,3.9,18690.0,MSA_M2017_dl.xlsx
2017,0022500,"Florence, SC",,SC,True,39-9011,Childcare Workers,330.0,10.8,19190.0,19190,9.23,3.0,18460.0,MSA_M2017_dl.xlsx
2017,0024860,"Greenville-Anderson-Mauldin, SC",,SC,True,39-9011,Childcare Workers,1110.0,22.9,19200.0,19200,9.23,2.3,18650.0,MSA_M2017_dl.xlsx
2017,0025940,"Hilton Head Island-Bluffton-Beaufort, SC",,SC,True,39-9011,Childcare Workers,,,21860.0,21860,10.51,14.5,20760.0,MSA_M2017_dl.xlsx
2017,0034820,"Myrtle Beach-Conway-North Myrtle Beach, SC-NC",,SC,True,39-9011,Childcare Workers,410.0,46.4,22140.0,22140,10.64,3.7,22350.0,MSA_M2017_dl.xlsx
2017,0043900,"Spartanburg, SC",,SC,True,39-9011,Childcare Workers,300.0,42.9,21220.0,21220,10.2,10.2,19910.0,MSA_M2017_dl.xlsx
2017,0044940,"Sumter, SC",,SC,True,39-9011,Childcare Workers,170.0,46.1,18630.0,18630,8.96,3.6,18400.0,MSA_M2017_dl.xlsx
2017,0039660,"Rapid City, SD",,SD,True,39-9011,Childcare Workers,350.0,13.7,21670.0,21670,10.42,2.1,20180.0,MSA_M2017_dl.xlsx
2017,0043620,"Sioux Falls, SD",,SD,True,39-9011,Childcare Workers,1250.0,6.6,21470.0,21470,10.32,2.2,20650.0,MSA_M2017_dl.xlsx
2017,0016860,"Chattanooga, TN-GA",,TN,True,39-9011,Childcare Workers,770.0,19.9,20840.0,20840,10.02,2.4,19830.0,MSA_M2017_dl.xlsx
2017,0017300,"Clarksville, TN-KY",,TN,True,39-9011,Childcare Workers,680.0,21.0,18800.0,18800,9.04,3.2,18570.0,MSA_M2017_dl.xlsx
2017,0017420,"Cleveland, TN",,TN,True,39-9011,Childcare Workers,110.0,42.1,18000.0,18000,8.65,3.5,18070.0,MSA_M2017_dl.xlsx
2017,0027180,"Jackson, TN",,TN,True,39-9011,Childcare Workers,230.0,25.0,19090.0,19090,9.18,3.0,18640.0,MSA_M2017_dl.xlsx
2017,0027740,"Johnson City, TN",,TN,True,39-9011,Childcare Workers,230.0,20.3,21670.0,21670,10.42,5.1,19710.0,MSA_M2017_dl.xlsx
2017,0028700,"Kingsport-Bristol-Bristol, TN-VA",,TN,True,39-9011,Childcare Workers,250.0,34.3,19580.0,19580,9.41,2.8,19130.0,MSA_M2017_dl.xlsx
2017,0028940,"Knoxville, TN",,TN,True,39-9011,Childcare Workers,1330.0,18.9,19430.0,19430,9.34,2.5,18450.0,MSA_M2017_dl.xlsx
2017,0032820,"Memphis, TN-MS-AR",,TN,True,39-9011,Childcare Workers,1850.0,16.2,20750.0,20750,9.97,3.2,18980.0,MSA_M2017_dl.xlsx
2017,0034980,"Nashville-Davidson--Murfreesboro--Franklin, TN",,TN,True,39-9011,Childcare Workers,2450.0,12.0,21830.0,21830,10.49,2.6,21090.0,MSA_M2017_dl.xlsx
2017,0010180,"Abilene, TX",,TX,True,39-9011,Childcare Workers,400.0,17.4,20110.0,20110,9.67,6.1,18990.0,MSA_M2017_dl.xlsx
2017,0011100,"Amarillo, TX",,TX,True,39-9011,Childcare Workers,410.0,17.9,19580.0,19580,9.41,3.4,18750.0,MSA_M2017_dl.xlsx
2017,0012420,"Austin-Round Rock, TX",,TX,True,39-9011,Childcare Workers,6520.0,9.6,23610.0,23610,11.35,3.0,22770.0,MSA_M2017_dl.xlsx
2017,0013140,"Beaumont-Port Arthur, TX",,TX,True,39-9011,Childcare Workers,660.0,9.0,20040.0,20040,9.63,3.9,18990.0,MSA_M2017_dl.xlsx
2017,0015180,"Brownsville-Harlingen, TX",,TX,True,39-9011,Childcare Workers,1470.0,14.0,19560.0,19560,9.4,3.8,18880.0,MSA_M2017_dl.xlsx
2017,0017780,"College Station-Bryan, TX",,TX,True,39-9011,Childcare Workers,360.0,34.5,21050.0,21050,10.12,4.1,19380.0,MSA_M2017_dl.xlsx
2017,0018580,"Corpus Christi, TX",,TX,True,39-9011,Childcare Workers,940.0,18.3,19910.0,19910,9.57,3.3,19150.0,MSA_M2017_dl.xlsx
2017,0019124,"Dallas-Plano-Irving, TX Metropolitan Division",,TX,True,39-9011,Childcare Workers,9170.0,11.1,22710.0,22710,10.92,3.7,19970.0,MSA_M2017_dl.xlsx
2017,0021340,"El Paso, TX",,TX,True,39-9011,Childcare Workers,1090.0,20.0,18520.0,18520,8.9,2.5,18210.0,MSA_M2017_dl.xlsx
2017,0023104,"Fort Worth-Arlington, TX Metropolitan Division",,TX,True,39-9011,Childcare Workers,4900.0,16.7,19910.0,19910,9.57,2.2,18860.0,MSA_M2017_dl.xlsx
2017,0026420,"Houston-The Woodlands-Sugar Land, TX",,TX,True,39-9011,Childcare Workers,9720.0,14.8,22770.0,22770,10.95,4.1,20560.0,MSA_M2017_dl.xlsx
2017,0028660,"Killeen-Temple, TX",,TX,True,39-9011,Childcare Workers,590.0,31.5,18080.0,18080,8.69,3.6,18210.0,MSA_M2017_dl.xlsx
2017,0029700,"Laredo, TX",,TX,True,39-9011,Childcare Workers,510.0,7.6,18520.0,18520,8.9,2.9,18270.0,MSA_M2017_dl.xlsx
2017,0030980,"Longview, TX",,TX,True,39-9011,Childcare Workers,480.0,5.3,19650.0,19650,9.45,4.2,19410.0,MSA_M2017_dl.xlsx
2017,0031180,"Lubbock, TX",,TX,True,39-9011,Childcare Workers,500.0,35.0,22290.0,22290,10.72,6.4,20340.0,MSA_M2017_dl.xlsx
2017,0032580,"McAllen-Edinburg-Mission, TX",,TX,True,39-9011,Childcare Workers,970.0,21.1,19180.0,19180,9.22,3.2,18410.0,MSA_M2017_dl.xlsx
2017,0033260,"Midland, TX",,TX,True,39-9011,Childcare Workers,330.0,10.5,26510.0,26510,12.75,5.8,24970.0,MSA_M2017_dl.xlsx
2017,0036220,"Odessa, TX",,TX,True,39-9011,Childcare Workers,150.0,37.3,21750.0,21750,10.45,3.8,21270.0,MSA_M2017_dl.xlsx
2017,0041660,"San Angelo, TX",,TX,True,39-9011,Childcare Workers,270.0,16.7,18980.0,18980,9.12,3.4,18440.0,MSA_M2017_dl.xlsx
2017,0041700,"San Antonio-New Braunfels, TX",,TX,True,39-9011,Childcare Workers,4530.0,10.7,21950.0,21950,10.55,2.8,20740.0,MSA_M2017_dl.xlsx
2017,0043300,"Sherman-Denison, TX",,TX,True,39-9011,Childcare Workers,110.0,27.4,18800.0,18800,9.04,3.2,18480.0,MSA_M2017_dl.xlsx
2017,0045500,"Texarkana, TX-AR",,TX,True,39-9011,Childcare Workers,220.0,25.9,19040.0,19040,9.16,4.1,18530.0,MSA_M2017_dl.xlsx
2017,0046340,"Tyler, TX",,TX,True,39-9011,Childcare Workers,520.0,23.0,19480.0,19480,9.37,2.6,18730.0,MSA_M2017_dl.xlsx
2017,0047020,"Victoria, TX",,TX,True,39-9011,Childcare Workers,240.0,18.6,18700.0,18700,8.99,3.2,18520.0,MSA_M2017_dl.xlsx
2017,0047380,"Waco, TX",,TX,True,39-9011,Childcare Workers,570.0,16.4,19180.0,19180,9.22,2.7,18480.0,MSA_M2017_dl.xlsx
2017,0048660,"Wichita Falls, TX",,TX,True,39-9011,Childcare Workers,320.0,23.1,18110.0,18110,8.71,2.4,18240.0,MSA_M2017_dl.xlsx
2017,0030860,"Logan, UT-ID",,UT,True,39-9011,Childcare Workers,430.0,22.1,19920.0,19920,9.58,4.3,18590.0,MSA_M2017_dl.xlsx
2017,0036260,"Ogden-Clearfield, UT",,UT,True,39-9011,Childcare Workers,1140.0,20.3,18860.0,18860,9.07,2.3,18270.0,MSA_M2017_dl.xlsx
2017,0039340,"Provo-Orem, UT",,UT,True,39-9011,Childcare Workers,620.0,27.3,20990.0,20990,10.09,2.1,20270.0,MSA_M2017_dl.xlsx
2017,0041100,"St. George, UT",,UT,True,39-9011,Childcare Workers,250.0,7.0,21330.0,21330,10.25,4.6,20020.0,MSA_M2017_dl.xlsx
2017,0041620,"Salt Lake City, UT",,UT,True,39-9011,Childcare Workers,2670.0,16.7,22710.0,22710,10.92,5.0,21190.0,MSA_M2017_dl.xlsx
2017,0013980,"Blacksburg-Christiansburg-Radford, VA",,VA,True,39-9011,Childcare Workers,420.0,22.2,18460.0,18460,8.88,4.0,17980.0,MSA_M2017_dl.xlsx
2017,0016820,"Charlottesville, VA",,VA,True,39-9011,Childcare Workers,460.0,18.5,22520.0,22520,10.83,5.1,20460.0,MSA_M2017_dl.xlsx
2017,0025500,"Harrisonburg, VA",,VA,True,39-9011,Childcare Workers,230.0,13.7,19780.0,19780,9.51,2.3,19160.0,MSA_M2017_dl.xlsx
2017,0031340,"Lynchburg, VA",,VA,True,39-9011,Childcare Workers,410.0,19.9,18700.0,18700,8.99,3.4,18530.0,MSA_M2017_dl.xlsx
2017,0040060,"Richmond, VA",,VA,True,39-9011,Childcare Workers,2520.0,28.3,20690.0,20690,9.95,2.9,19250.0,MSA_M2017_dl.xlsx
2017,0040220,"Roanoke, VA",,VA,True,39-9011,Childcare Workers,620.0,17.0,18980.0,18980,9.12,2.4,18300.0,MSA_M2017_dl.xlsx
2017,0044420,"Staunton-Waynesboro, VA",,VA,True,39-9011,Childcare Workers,210.0,27.1,19250.0,19250,9.26,2.8,18850.0,MSA_M2017_dl.xlsx
2017,0047260,"Virginia Beach-Norfolk-Newport News, VA-NC",,VA,True,39-9011,Childcare Workers,2200.0,18.7,21170.0,21170,10.18,2.9,20130.0,MSA_M2017_dl.xlsx
2017,0049020,"Winchester, VA-WV",,VA,True,39-9011,Childcare Workers,80.0,19.9,21910.0,21910,10.53,4.1,21110.0,MSA_M2017_dl.xlsx
2017,0072400,"Burlington-South Burlington, VT",,VT,True,39-9011,Childcare Workers,610.0,14.8,27270.0,27270,13.11,4.4,26090.0,MSA_M2017_dl.xlsx
2017,0013380,"Bellingham, WA",,WA,True,39-9011,Childcare Workers,280.0,22.2,25470.0,25470,12.24,2.4,24940.0,MSA_M2017_dl.xlsx
2017,0014740,"Bremerton-Silverdale, WA",,WA,True,39-9011,Childcare Workers,160.0,40.6,30120.0,30120,14.48,7.0,25300.0,MSA_M2017_dl.xlsx
2017,0028420,"Kennewick-Richland, WA",,WA,True,39-9011,Childcare Workers,420.0,37.4,24630.0,24630,11.84,2.0,24400.0,MSA_M2017_dl.xlsx
2017,0031020,"Longview, WA",,WA,True,39-9011,Childcare Workers,40.0,7.8,27580.0,27580,13.26,3.6,27590.0,MSA_M2017_dl.xlsx
2017,0034580,"Mount Vernon-Anacortes, WA",,WA,True,39-9011,Childcare Workers,90.0,28.5,25320.0,25320,12.18,3.1,24640.0,MSA_M2017_dl.xlsx
2017,0036500,"Olympia-Tumwater, WA",,WA,True,39-9011,Childcare Workers,280.0,31.0,24740.0,24740,11.89,2.3,24390.0,MSA_M2017_dl.xlsx
2017,0042644,"Seattle-Bellevue-Everett, WA Metropolitan Division",,WA,True,39-9011,Childcare Workers,4810.0,12.4,29090.0,29090,13.98,1.8,27630.0,MSA_M2017_dl.xlsx
2017,0044060,"Spokane-Spokane Valley, WA",,WA,True,39-9011,Childcare Workers,730.0,20.9,26200.0,26200,12.6,2.3,24680.0,MSA_M2017_dl.xlsx
2017,0045104,"Tacoma-Lakewood, WA Metropolitan Division",,WA,True,39-9011,Childcare Workers,840.0,30.8,27690.0,27690,13.31,3.5,25610.0,MSA_M2017_dl.xlsx
2017,0047460,"Walla Walla, WA",,WA,True,39-9011,Childcare Workers,40.0,44.1,27000.0,27000,12.98,5.8,25410.0,MSA_M2017_dl.xlsx
2017,0049420,"Yakima, WA",,WA,True,39-9011,Childcare Workers,340.0,27.9,26170.0,26170,12.58,2.8,25150.0,MSA_M2017_dl.xlsx
2017,0011540,"Appleton, WI",,WI,True,39-9011,Childcare Workers,240.0,16.5,21900.0,21900,10.53,5.1,19780.0,MSA_M2017_dl.xlsx
2017,0020740,"Eau Claire, WI",,WI,True,39-9011,Childcare Workers,210.0,46.7,20900.0,20900,10.05,3.9,19690.0,MSA_M2017_dl.xlsx
2017,0022540,"Fond du Lac, WI",,WI,True,39-9011,Childcare Workers,140.0,26.8,20670.0,20670,9.94,3.4,20570.0,MSA_M2017_dl.xlsx
2017,0024580,"Green Bay, WI",,WI,True,39-9011,Childcare Workers,590.0,15.0,22750.0,22750,10.94,3.2,21440.0,MSA_M2017_dl.xlsx
2017,0027500,"Janesville-Beloit, WI",,WI,True,39-9011,Childcare Workers,,,22090.0,22090,10.62,3.5,21130.0,MSA_M2017_dl.xlsx
2017,0029100,"La Crosse-Onalaska, WI-MN",,WI,True,39-9011,Childcare Workers,140.0,11.2,18770.0,18770,9.03,5.3,18020.0,MSA_M2017_dl.xlsx
2017,0031540,"Madison, WI",,WI,True,39-9011,Childcare Workers,960.0,24.2,25590.0,25590,12.3,4.2,23920.0,MSA_M2017_dl.xlsx
2017,0033340,"Milwaukee-Waukesha-West Allis, WI",,WI,True,39-9011,Childcare Workers,2320.0,13.2,22330.0,22330,10.73,4.0,21070.0,MSA_M2017_dl.xlsx
2017,0036780,"Oshkosh-Neenah, WI",,WI,True,39-9011,Childcare Workers,210.0,15.8,20130.0,20130,9.68,2.8,18750.0,MSA_M2017_dl.xlsx
2017,0039540,"Racine, WI",,WI,True,39-9011,Childcare Workers,100.0,38.0,20150.0,20150,9.69,5.0,18970.0,MSA_M2017_dl.xlsx
2017,0043100,"Sheboygan, WI",,WI,True,39-9011,Childcare Workers,110.0,43.9,19300.0,19300,9.28,7.1,18710.0,MSA_M2017_dl.xlsx
2017,0048140,"Wausau, WI",,WI,True,39-9011,Childcare Workers,240.0,30.3,20390.0,20390,9.8,2.9,19790.0,MSA_M2017_dl.xlsx
2017,0013220,"Beckley, WV",,WV,True,39-9011,Childcare Workers,130.0,25.4,20350.0,20350,9.78,3.3,19700.0,MSA_M2017_dl.xlsx
2017,0016620,"Charleston, WV",,WV,True,39-9011,Childcare Workers,280.0,24.4,22380.0,22380,10.76,3.0,20810.0,MSA_M2017_dl.xlsx
2017,0026580,"Huntington-Ashland, WV-KY-OH",,WV,True,39-9011,Childcare Workers,590.0,22.2,20110.0,20110,9.67,2.1,19340.0,MSA_M2017_dl.xlsx
2017,0034060,"Morgantown, WV",,WV,True,39-9011,Childcare Workers,280.0,32.0,20470.0,20470,9.84,2.9,19660.0,MSA_M2017_dl.xlsx
2017,0037620,"Parkersburg-Vienna, WV",,WV,True,39-9011,Childcare Workers,170.0,19.1,20580.0,20580,9.89,3.1,19540.0,MSA_M2017_dl.xlsx
2017,0048260,"Weirton-Steubenville, WV-OH",,WV,True,39-9011,Childcare Workers,90.0,29.0,21760.0,21760,10.46,2.9,20130.0,MSA_M2017_dl.xlsx
2017,0048540,"Wheeling, WV-OH",,WV,True,39-9011,Childcare Workers,230.0,16.0,20560.0,20560,9.88,2.3,19780.0,MSA_M2017_dl.xlsx
2017,0016220,"Casper, WY",,WY,True,39-9011,Childcare Workers,280.0,23.3,23060.0,23060,11.08,6.5,22780.0,MSA_M2017_dl.xlsx
2017,0016940,"Cheyenne, WY",,WY,True,39-9011,Childcare Workers,,,19740.0,19740,9.49,4.4,18570.0,MSA_M2017_dl.xlsx
2018,0200006,Alaska nonmetropolitan area,,AK,False,39-9011,Childcare Workers,750.0,45.2,26940.0,26940,12.95,2.8,26590.0,BOS_M2018_dl.xlsx
2018,0100001,Northwest Alabama nonmetropolitan area,,AL,False,39-9011,Childcare Workers,270.0,20.4,19640.0,19640,9.44,6.6,18630.0,BOS_M2018_dl.xlsx
2018,0100002,Northeast Alabama nonmetropolitan area,,AL,False,39-9011,Childcare Workers,610.0,38.7,23260.0,23260,11.18,9.0,20250.0,BOS_M2018_dl.xlsx
2018,0100003,Southwest Alabama nonmetropolitan area,,AL,False,39-9011,Childcare Workers,,,18060.0,18060,8.68,4.3,18110.0,BOS_M2018_dl.xlsx
2018,0100004,Southeast Alabama nonmetropolitan area,,AL,False,39-9011,Childcare Workers,290.0,21.0,17840.0,17840,8.58,3.3,17980.0,BOS_M2018_dl.xlsx
2018,0500001,North Arkansas nonmetropolitan area,,AR,False,39-9011,Childcare Workers,,,19340.0,19340,9.3,3.8,19180.0,BOS_M2018_dl.xlsx
2018,0500002,East Arkansas nonmetropolitan area,,AR,False,39-9011,Childcare Workers,530.0,34.9,20800.0,20800,10.0,3.3,19500.0,BOS_M2018_dl.xlsx
2018,0500003,West Arkansas nonmetropolitan area,,AR,False,39-9011,Childcare Workers,200.0,26.7,19250.0,19250,9.26,2.6,18980.0,BOS_M2018_dl.xlsx
2018,0500004,South Arkansas nonmetropolitan area,,AR,False,39-9011,Childcare Workers,340.0,42.2,21130.0,21130,10.16,3.9,19810.0,BOS_M2018_dl.xlsx
2018,0400001,Arizona nonmetropolitan area,,AZ,False,39-9011,Childcare Workers,,,26690.0,26690,12.83,2.3,24520.0,BOS_M2018_dl.xlsx
2018,0600003,North Coast Region of California nonmetropolitan area,,CA,False,39-9011,Childcare Workers,340.0,27.4,27310.0,27310,13.13,3.0,25100.0,BOS_M2018_dl.xlsx
2018,0600006,Eastern Sierra-Mother Lode Region of California nonmetropolitan area,,CA,False,39-9011,Childcare Workers,,,28820.0,28820,13.86,2.8,25920.0,BOS_M2018_dl.xlsx
2018,0600007,North Valley-Northern Mountains Region of California nonmetropolitan area,,CA,False,39-9011,Childcare Workers,320.0,25.0,29170.0,29170,14.02,2.9,28000.0,BOS_M2018_dl.xlsx
2018,0800001,Eastern and Southern Colorado nonmetropolitan area,,CO,False,39-9011,Childcare Workers,170.0,26.4,23900.0,23900,11.49,4.2,21890.0,BOS_M2018_dl.xlsx
2018,0800002,Southwest Colorado nonmetropolitan area,,CO,False,39-9011,Childcare Workers,280.0,36.2,27690.0,27690,13.31,2.6,25160.0,BOS_M2018_dl.xlsx
2018,0800003,Northwest Colorado nonmetropolitan area,,CO,False,39-9011,Childcare Workers,370.0,8.5,32880.0,32880,15.81,6.2,34740.0,BOS_M2018_dl.xlsx
2018,0900001,Connecticut nonmetropolitan area,,CT,False,39-9011,Childcare Workers,140.0,29.1,28110.0,28110,13.51,3.4,26420.0,BOS_M2018_dl.xlsx
2018,1200003,South Florida nonmetropolitan area,,FL,False,39-9011,Childcare Workers,270.0,26.6,22410.0,22410,10.78,4.2,20490.0,BOS_M2018_dl.xlsx
2018,1200006,North Florida nonmetropolitan area,,FL,False,39-9011,Childcare Workers,350.0,40.1,21940.0,21940,10.55,3.8,20790.0,BOS_M2018_dl.xlsx
2018,1300001,North Georgia nonmetropolitan area,,GA,False,39-9011,Childcare Workers,640.0,18.0,20260.0,20260,9.74,4.3,19230.0,BOS_M2018_dl.xlsx
2018,1300002,Middle Georgia nonmetropolitan area,,GA,False,39-9011,Childcare Workers,580.0,22.9,21360.0,21360,10.27,8.8,18540.0,BOS_M2018_dl.xlsx
2018,1300003,East Georgia nonmetropolitan area,,GA,False,39-9011,Childcare Workers,350.0,30.9,20170.0,20170,9.7,3.6,19170.0,BOS_M2018_dl.xlsx
2018,1300004,South Georgia nonmetropolitan area,,GA,False,39-9011,Childcare Workers,590.0,8.9,19010.0,19010,9.14,2.5,18380.0,BOS_M2018_dl.xlsx
2018,1500001,Hawaii / Kauai nonmetropolitan area,,HI,False,39-9011,Childcare Workers,,,23300.0,23300,11.2,3.5,21300.0,BOS_M2018_dl.xlsx
2018,1900001,Northeast Iowa nonmetropolitan area,,IA,False,39-9011,Childcare Workers,600.0,14.9,18780.0,18780,9.03,2.8,18310.0,BOS_M2018_dl.xlsx
2018,1900002,Northwest Iowa nonmetropolitan area,,IA,False,39-9011,Childcare Workers,810.0,14.6,19470.0,19470,9.36,3.5,18820.0,BOS_M2018_dl.xlsx
2018,1900003,Southwest Iowa nonmetropolitan area,,IA,False,39-9011,Childcare Workers,,,18760.0,18760,9.02,2.8,18460.0,BOS_M2018_dl.xlsx
2018,1900004,Southeast Iowa nonmetropolitan area,,IA,False,39-9011,Childcare Workers,1150.0,10.2,19000.0,19000,9.13,1.9,18580.0,BOS_M2018_dl.xlsx
2018,1600006,Northwestern Idaho nonmetropolitan area,,ID,False,39-9011,Childcare Workers,240.0,23.8,23700.0,23700,11.39,7.7,21820.0,BOS_M2018_dl.xlsx
2018,1600007,Southeast-Central Idaho nonmetropolitan area,,ID,False,39-9011,Childcare Workers,260.0,21.0,22210.0,22210,10.68,4.2,21370.0,BOS_M2018_dl.xlsx
2018,1700001,Northwest Illinois nonmetropolitan area,,IL,False,39-9011,Childcare Workers,380.0,24.1,27170.0,27170,13.06,4.8,23830.0,BOS_M2018_dl.xlsx
2018,1700002,West Central Illinois nonmetropolitan area,,IL,False,39-9011,Childcare Workers,370.0,20.3,23300.0,23300,11.2,6.0,19850.0,BOS_M2018_dl.xlsx
2018,1700003,East Central Illinois nonmetropolitan area,,IL,False,39-9011,Childcare Workers,330.0,37.9,20860.0,20860,10.03,4.4,19440.0,BOS_M2018_dl.xlsx
2018,1700004,South Illinois nonmetropolitan area,,IL,False,39-9011,Childcare Workers,230.0,40.3,23780.0,23780,11.44,3.7,22990.0,BOS_M2018_dl.xlsx
2018,1800001,Northern Indiana nonmetropolitan area,,IN,False,39-9011,Childcare Workers,260.0,36.9,22220.0,22220,10.68,5.0,20250.0,BOS_M2018_dl.xlsx
2018,1800002,Central Indiana nonmetropolitan area,,IN,False,39-9011,Childcare Workers,420.0,26.6,20440.0,20440,9.83,3.8,19060.0,BOS_M2018_dl.xlsx
2018,1800003,Southern Indiana nonmetropolitan area,,IN,False,39-9011,Childcare Workers,,,23940.0,23940,11.51,6.1,23680.0,BOS_M2018_dl.xlsx
2018,2000006,Kansas nonmetropolitan area,,KS,False,39-9011,Childcare Workers,1450.0,18.6,20040.0,20040,9.64,2.7,19070.0,BOS_M2018_dl.xlsx
2018,2100001,West Kentucky nonmetropolitan area,,KY,False,39-9011,Childcare Workers,620.0,19.0,21280.0,21280,10.23,2.9,20720.0,BOS_M2018_dl.xlsx
2018,2100002,South Central Kentucky nonmetropolitan area,,KY,False,39-9011,Childcare Workers,1160.0,15.5,20160.0,20160,9.69,3.4,19420.0,BOS_M2018_dl.xlsx
2018,2100003,Central Kentucky nonmetropolitan area,,KY,False,39-9011,Childcare Workers,1310.0,10.3,21100.0,21100,10.15,4.8,20070.0,BOS_M2018_dl.xlsx
2018,2100004,East Kentucky nonmetropolitan area,,KY,False,39-9011,Childcare Workers,520.0,10.1,19890.0,19890,9.56,2.0,19010.0,BOS_M2018_dl.xlsx
2018,2200002,Central Louisiana nonmetropolitan area,,LA,False,39-9011,Childcare Workers,420.0,8.6,19630.0,19630,9.44,5.0,18380.0,BOS_M2018_dl.xlsx
2018,2200003,Northeast Louisiana nonmetropolitan area,,LA,False,39-9011,Childcare Workers,320.0,12.1,18890.0,18890,9.08,5.5,18280.0,BOS_M2018_dl.xlsx
2018,2200006,Southwest Louisiana nonmetropolitan area,,LA,False,39-9011,Childcare Workers,480.0,13.7,18110.0,18110,8.71,2.9,18160.0,BOS_M2018_dl.xlsx
2018,2500006,Massachusetts nonmetropolitan area,,MA,False,39-9011,Childcare Workers,190.0,33.2,26930.0,26930,12.95,5.3,24890.0,BOS_M2018_dl.xlsx
2018,2400006,Maryland nonmetropolitan area,,MD,False,39-9011,Childcare Workers,230.0,23.9,24960.0,24960,12.0,6.6,23070.0,BOS_M2018_dl.xlsx
2018,2300001,Northeast Maine nonmetropolitan area,,ME,False,39-9011,Childcare Workers,180.0,24.6,26360.0,26360,12.67,4.3,26970.0,BOS_M2018_dl.xlsx
2018,2300002,Southwest Maine nonmetropolitan area,,ME,False,39-9011,Childcare Workers,1220.0,13.1,25350.0,25350,12.19,2.1,24420.0,BOS_M2018_dl.xlsx
2018,2600001,Upper Peninsula of Michigan nonmetropolitan area,,MI,False,39-9011,Childcare Workers,380.0,16.7,23110.0,23110,11.11,2.0,22260.0,BOS_M2018_dl.xlsx
2018,2600002,Northeast Lower Peninsula of Michigan nonmetropolitan area,,MI,False,39-9011,Childcare Workers,440.0,16.6,22750.0,22750,10.94,3.5,21830.0,BOS_M2018_dl.xlsx
2018,2600003,Northwest Lower Peninsula of Michigan nonmetropolitan area,,MI,False,39-9011,Childcare Workers,340.0,37.0,24580.0,24580,11.82,6.0,21960.0,BOS_M2018_dl.xlsx
2018,2600004,Balance of Lower Peninsula of Michigan nonmetropolitan area,,MI,False,39-9011,Childcare Workers,950.0,10.0,23160.0,23160,11.14,2.7,21470.0,BOS_M2018_dl.xlsx
2018,2700001,Northwest Minnesota nonmetropolitan area,,MN,False,39-9011,Childcare Workers,370.0,14.3,25140.0,25140,12.09,2.9,23570.0,BOS_M2018_dl.xlsx
2018,2700002,Northeast Minnesota nonmetropolitan area,,MN,False,39-9011,Childcare Workers,160.0,46.1,25080.0,25080,12.06,2.8,23860.0,BOS_M2018_dl.xlsx
2018,2700003,Southwest Minnesota nonmetropolitan area,,MN,False,39-9011,Childcare Workers,540.0,24.7,26790.0,26790,12.88,6.0,24320.0,BOS_M2018_dl.xlsx
2018,2700004,Southeast Minnesota nonmetropolitan area,,MN,False,39-9011,Childcare Workers,610.0,7.1,23070.0,23070,11.09,3.2,21950.0,BOS_M2018_dl.xlsx
2018,2900001,Central Missouri nonmetropolitan area,,MO,False,39-9011,Childcare Workers,730.0,16.5,20290.0,20290,9.76,4.0,19320.0,BOS_M2018_dl.xlsx
2018,2900002,North Missouri nonmetropolitan area,,MO,False,39-9011,Childcare Workers,610.0,20.5,21980.0,21980,10.57,4.8,19930.0,BOS_M2018_dl.xlsx
2018,2900003,Southeast Missouri nonmetropolitan area,,MO,False,39-9011,Childcare Workers,810.0,24.4,25180.0,25180,12.11,14.9,20710.0,BOS_M2018_dl.xlsx
2018,2900004,Southwest Missouri nonmetropolitan area,,MO,False,39-9011,Childcare Workers,280.0,43.0,22760.0,22760,10.94,4.7,21910.0,BOS_M2018_dl.xlsx
2018,2800001,Northeast Mississippi nonmetropolitan area,,MS,False,39-9011,Childcare Workers,1110.0,19.2,19170.0,19170,9.22,5.0,18250.0,BOS_M2018_dl.xlsx
2018,2800002,Northwest Mississippi nonmetropolitan area,,MS,False,39-9011,Childcare Workers,1010.0,9.3,18930.0,18930,9.1,5.3,18270.0,BOS_M2018_dl.xlsx
2018,2800003,Southeast Mississippi nonmetropolitan area,,MS,False,39-9011,Childcare Workers,740.0,15.2,18970.0,18970,9.12,3.1,18590.0,BOS_M2018_dl.xlsx
2018,2800004,Southwest Mississippi nonmetropolitan area,,MS,False,39-9011,Childcare Workers,530.0,16.3,17860.0,17860,8.59,3.6,18030.0,BOS_M2018_dl.xlsx
2018,3000003,Southwest Montana nonmetropolitan area,,MT,False,39-9011,Childcare Workers,780.0,11.2,23310.0,23310,11.2,6.5,20620.0,BOS_M2018_dl.xlsx
2018,3000004,West Montana nonmetropolitan area,,MT,False,39-9011,Childcare Workers,380.0,14.2,21870.0,21870,10.52,5.0,21300.0,BOS_M2018_dl.xlsx
2018,3000006,East-Central Montana nonmetropolitan area,,MT,False,39-9011,Childcare Workers,220.0,20.1,22390.0,22390,10.77,2.6,22080.0,BOS_M2018_dl.xlsx
2018,3700001,Southeast Coastal North Carolina nonmetropolitan area,,NC,False,39-9011,Childcare Workers,1210.0,28.8,22160.0,22160,10.66,6.9,20520.0,BOS_M2018_dl.xlsx
2018,3700002,Northeast Coastal North Carolina nonmetropolitan area,,NC,False,39-9011,Childcare Workers,240.0,29.9,25180.0,25180,12.11,3.3,26060.0,BOS_M2018_dl.xlsx
2018,3700003,Piedmont North Carolina nonmetropolitan area,,NC,False,39-9011,Childcare Workers,1420.0,20.4,21390.0,21390,10.28,3.9,19360.0,BOS_M2018_dl.xlsx
2018,3700004,Mountain North Carolina nonmetropolitan area,,NC,False,39-9011,Childcare Workers,570.0,19.7,26920.0,26920,12.94,6.5,23560.0,BOS_M2018_dl.xlsx
2018,3800006,West North Dakota nonmetropolitan area,,ND,False,39-9011,Childcare Workers,570.0,32.3,28240.0,28240,13.58,5.1,26610.0,BOS_M2018_dl.xlsx
2018,3800007,East North Dakota nonmetropolitan area,,ND,False,39-9011,Childcare Workers,500.0,5.9,25220.0,25220,12.13,9.2,24260.0,BOS_M2018_dl.xlsx
2018,3100001,Northwest Nebraska nonmetropolitan area,,NE,False,39-9011,Childcare Workers,150.0,6.0,24140.0,24140,11.61,2.8,22460.0,BOS_M2018_dl.xlsx
2018,3100003,Northeast Nebraska nonmetropolitan area,,NE,False,39-9011,Childcare Workers,610.0,23.9,21710.0,21710,10.44,2.6,20500.0,BOS_M2018_dl.xlsx
2018,3100006,South Nebraska nonmetropolitan area,,NE,False,39-9011,Childcare Workers,1060.0,22.3,22110.0,22110,10.63,1.7,20780.0,BOS_M2018_dl.xlsx
2018,3300001,Northern New Hampshire nonmetropolitan area,,NH,False,39-9011,Childcare Workers,120.0,24.4,21430.0,21430,10.3,4.3,20780.0,BOS_M2018_dl.xlsx
2018,3300002,Central New Hampshire nonmetropolitan area,,NH,False,39-9011,Childcare Workers,310.0,26.5,24230.0,24230,11.65,3.1,23800.0,BOS_M2018_dl.xlsx
2018,3300006,West Central-Southwest New Hampshire nonmetropolitan area,,NH,False,39-9011,Childcare Workers,380.0,30.1,25080.0,25080,12.06,3.5,24940.0,BOS_M2018_dl.xlsx
2018,3500006,Northern New Mexico nonmetropolitan area,,NM,False,39-9011,Childcare Workers,170.0,30.4,23040.0,23040,11.08,4.1,21980.0,BOS_M2018_dl.xlsx
2018,3500007,Eastern New Mexico nonmetropolitan area,,NM,False,39-9011,Childcare Workers,520.0,17.8,19740.0,19740,9.49,3.8,18710.0,BOS_M2018_dl.xlsx
2018,3200006,Nevada nonmetropolitan area,,NV,False,39-9011,Childcare Workers,320.0,10.7,22930.0,22930,11.02,2.7,21560.0,BOS_M2018_dl.xlsx
2018,3600001,Capital/Northern New York nonmetropolitan area,,NY,False,39-9011,Childcare Workers,600.0,19.5,25970.0,25970,12.49,3.8,24010.0,BOS_M2018_dl.xlsx
2018,3600004,Southwest New York nonmetropolitan area,,NY,False,39-9011,Childcare Workers,970.0,22.0,26060.0,26060,12.53,2.9,24000.0,BOS_M2018_dl.xlsx
2018,3600006,Central East New York nonmetropolitan area,,NY,False,39-9011,Childcare Workers,1030.0,17.6,26200.0,26200,12.6,3.0,23960.0,BOS_M2018_dl.xlsx
2018,3900001,West Northwestern Ohio nonmetropolitan area,,OH,False,39-9011,Childcare Workers,690.0,26.9,22270.0,22270,10.71,3.6,20130.0,BOS_M2018_dl.xlsx
2018,3900002,North Northeastern Ohio non-metropolitan area (non-contiguous),,OH,False,39-9011,Childcare Workers,850.0,22.6,21180.0,21180,10.18,2.9,19590.0,BOS_M2018_dl.xlsx
2018,3900003,Eastern Ohio nonmetropolitan area,,OH,False,39-9011,Childcare Workers,250.0,31.6,21850.0,21850,10.5,6.1,19840.0,BOS_M2018_dl.xlsx
2018,3900004,Southern Ohio non-metropolitan area,,OH,False,39-9011,Childcare Workers,470.0,20.1,20960.0,20960,10.08,5.3,19220.0,BOS_M2018_dl.xlsx
2018,4000001,Northeast Oklahoma nonmetropolitan area,,OK,False,39-9011,Childcare Workers,660.0,13.3,20940.0,20940,10.07,3.7,19640.0,BOS_M2018_dl.xlsx
2018,4000002,Northwest Oklahoma nonmetropolitan area,,OK,False,39-9011,Childcare Workers,320.0,49.3,19320.0,19320,9.29,3.7,18870.0,BOS_M2018_dl.xlsx
2018,4000003,Southwest Oklahoma nonmetropolitan area,,OK,False,39-9011,Childcare Workers,290.0,28.0,19560.0,19560,9.41,5.3,18520.0,BOS_M2018_dl.xlsx
2018,4000004,Southeast Oklahoma nonmetropolitan area,,OK,False,39-9011,Childcare Workers,1140.0,17.5,19860.0,19860,9.55,2.8,19180.0,BOS_M2018_dl.xlsx
2018,4100006,Coast Oregon nonmetropolitan area,,OR,False,39-9011,Childcare Workers,240.0,27.0,24240.0,24240,11.65,3.5,23540.0,BOS_M2018_dl.xlsx
2018,4100007,Central Oregon nonmetropolitan area,,OR,False,39-9011,Childcare Workers,290.0,32.7,24210.0,24210,11.64,2.2,23720.0,BOS_M2018_dl.xlsx
2018,4100008,Eastern Oregon nonmetropolitan area,,OR,False,39-9011,Childcare Workers,,,25610.0,25610,12.31,3.9,24700.0,BOS_M2018_dl.xlsx
2018,4200001,Western Pennsylvania nonmetropolitan area,,PA,False,39-9011,Childcare Workers,410.0,33.4,20290.0,20290,9.75,4.0,19080.0,BOS_M2018_dl.xlsx
2018,4200002,Northern Pennsylvania nonmetropolitan area,,PA,False,39-9011,Childcare Workers,710.0,17.7,22780.0,22780,10.95,5.3,21500.0,BOS_M2018_dl.xlsx
2018,4200003,Southern Pennsylvania nonmetropolitan area,,PA,False,39-9011,Childcare Workers,430.0,34.3,19470.0,19470,9.36,4.6,18640.0,BOS_M2018_dl.xlsx
2018,4500002,Upper Savannah South Carolina nonmetropolitan area,,SC,False,39-9011,Childcare Workers,360.0,26.6,21640.0,21640,10.4,7.2,19820.0,BOS_M2018_dl.xlsx
2018,4500004,Lower Savannah South Carolina nonmetropolitan area,,SC,False,39-9011,Childcare Workers,170.0,29.9,19740.0,19740,9.49,3.8,19030.0,BOS_M2018_dl.xlsx
2018,4500006,Northeast South Carolina nonmetropolitan area,,SC,False,39-9011,Childcare Workers,380.0,31.7,18650.0,18650,8.97,3.6,18450.0,BOS_M2018_dl.xlsx
2018,4600002,East South Dakota nonmetropolitan area,,SD,False,39-9011,Childcare Workers,690.0,23.2,21150.0,21150,10.17,2.1,20180.0,BOS_M2018_dl.xlsx
2018,4600003,West South Dakota nonmetropolitan area,,SD,False,39-9011,Childcare Workers,380.0,11.0,21070.0,21070,10.13,2.8,19760.0,BOS_M2018_dl.xlsx
2018,4700001,West Tennessee nonmetropolitan area,,TN,False,39-9011,Childcare Workers,270.0,36.8,20040.0,20040,9.63,3.8,19250.0,BOS_M2018_dl.xlsx
2018,4700002,South Central Tennessee nonmetropolitan area,,TN,False,39-9011,Childcare Workers,250.0,17.0,19030.0,19030,9.15,3.1,18370.0,BOS_M2018_dl.xlsx
2018,4700003,North Central Tennessee nonmetropolitan area,,TN,False,39-9011,Childcare Workers,190.0,32.2,20810.0,20810,10.0,4.3,19460.0,BOS_M2018_dl.xlsx
2018,4700004,East Tennessee nonmetropolitan area,,TN,False,39-9011,Childcare Workers,350.0,22.1,21880.0,21880,10.52,4.6,19530.0,BOS_M2018_dl.xlsx
2018,4800001,West Texas Region of Texas nonmetropolitan area,,TX,False,39-9011,Childcare Workers,460.0,16.1,19000.0,19000,9.13,3.1,18490.0,BOS_M2018_dl.xlsx
2018,4800002,North Texas Region of Texas nonmetropolitan area,,TX,False,39-9011,Childcare Workers,740.0,37.3,19290.0,19290,9.27,3.8,18610.0,BOS_M2018_dl.xlsx
2018,4800003,Big Thicket Region of Texas nonmetropolitan area,,TX,False,39-9011,Childcare Workers,380.0,27.5,19150.0,19150,9.21,3.9,18850.0,BOS_M2018_dl.xlsx
2018,4800004,Hill Country Region of Texas nonmetropolitan area,,TX,False,39-9011,Childcare Workers,1240.0,26.7,21240.0,21240,10.21,5.0,19670.0,BOS_M2018_dl.xlsx
2018,4800005,Border Region of Texas nonmetropolitan area,,TX,False,39-9011,Childcare Workers,240.0,42.5,21210.0,21210,10.2,10.4,19120.0,BOS_M2018_dl.xlsx
2018,4800006,Coastal Plains Region of Texas nonmetropolitan area,,TX,False,39-9011,Childcare Workers,750.0,35.9,18350.0,18350,8.82,2.8,18340.0,BOS_M2018_dl.xlsx
2018,4900006,Eastern Utah nonmetropolitan area,,UT,False,39-9011,Childcare Workers,430.0,16.2,25210.0,25210,12.12,7.8,23300.0,BOS_M2018_dl.xlsx
2018,4900007,Central Utah nonmetropolitan area,,UT,False,39-9011,Childcare Workers,230.0,6.7,25250.0,25250,12.14,5.1,23080.0,BOS_M2018_dl.xlsx
2018,5100001,Southwest Virginia nonmetropolitan area,,VA,False,39-9011,Childcare Workers,120.0,18.5,21780.0,21780,10.47,4.8,19250.0,BOS_M2018_dl.xlsx
2018,5100002,Southside Virginia nonmetropolitan area,,VA,False,39-9011,Childcare Workers,200.0,44.6,20660.0,20660,9.93,11.5,18600.0,BOS_M2018_dl.xlsx
2018,5100003,Northeast Virginia nonmetropolitan area,,VA,False,39-9011,Childcare Workers,210.0,10.2,22560.0,22560,10.85,10.1,20030.0,BOS_M2018_dl.xlsx
2018,5100004,Northwest Virginia nonmetropolitan area,,VA,False,39-9011,Childcare Workers,130.0,31.1,21750.0,21750,10.46,3.8,21270.0,BOS_M2018_dl.xlsx
2018,5000001,Southern Vermont nonmetropolitan area,,VT,False,39-9011,Childcare Workers,560.0,25.7,28440.0,28440,13.68,2.8,26120.0,BOS_M2018_dl.xlsx
2018,5000002,Northern Vermont nonmetropolitan area,,VT,False,39-9011,Childcare Workers,190.0,39.9,33950.0,33950,16.32,5.2,30620.0,BOS_M2018_dl.xlsx
2018,5300006,Western Washington nonmetropolitan area,,WA,False,39-9011,Childcare Workers,500.0,32.1,28750.0,28750,13.82,2.3,28180.0,BOS_M2018_dl.xlsx
2018,5300007,Eastern Washington nonmetropolitan area,,WA,False,39-9011,Childcare Workers,,,25090.0,25090,12.06,3.1,24580.0,BOS_M2018_dl.xlsx
2018,5500001,Northwestern Wisconsin nonmetropolitan area,,WI,False,39-9011,Childcare Workers,,,22260.0,22260,10.7,5.3,22160.0,BOS_M2018_dl.xlsx
2018,5500002,Northeastern Wisconsin nonmetropolitan area,,WI,False,39-9011,Childcare Workers,250.0,20.0,22270.0,22270,10.71,4.9,19560.0,BOS_M2018_dl.xlsx
2018,5500003,South Central Wisconsin nonmetropolitan area,,WI,False,39-9011,Childcare Workers,,,21590.0,21590,10.38,3.4,19490.0,BOS_M2018_dl.xlsx
2018,5500004,Western Wisconsin nonmetropolitan area,,WI,False,39-9011,Childcare Workers,160.0,38.8,25130.0,25130,12.08,6.5,25120.0,BOS_M2018_dl.xlsx
2018,5400001,Southern West Virginia nonmetropolitan area,,WV,False,39-9011,Childcare Workers,410.0,21.0,22650.0,22650,10.89,2.8,21870.0,BOS_M2018_dl.xlsx
2018,5400002,Northern West Virginia nonmetropolitan area,,WV,False,39-9011,Childcare Workers,500.0,49.8,20770.0,20770,9.98,3.7,19950.0,BOS_M2018_dl.xlsx
2018,5600006,Western Wyoming nonmetropolitan area,,WY,False,39-9011,Childcare Workers,660.0,29.2,26090.0,26090,12.54,3.7,25350.0,BOS_M2018_dl.xlsx
2018,5600007,Eastern Wyoming nonmetropolitan area,,WY,False,39-9011,Childcare Workers,770.0,14.3,25090.0,25090,12.06,3.4,23810.0,BOS_M2018_dl.xlsx
2018,0011260,"Anchorage, AK",,AK,True,39-9011,Childcare Workers,970.0,17.4,27600.0,27600,13.27,2.4,26720.0,MSA_M2018_dl.xlsx
2018,0021820,"Fairbanks, AK",,AK,True,39-9011,Childcare Workers,150.0,9.8,34570.0,34570,16.62,3.3,34660.0,MSA_M2018_dl.xlsx
2018,0011500,"Anniston-Oxford-Jacksonville, AL",,AL,True,39-9011,Childcare Workers,170.0,28.0,19000.0,19000,9.13,3.5,18340.0,MSA_M2018_dl.xlsx
2018,0012220,"Auburn-Opelika, AL",,AL,True,39-9011,Childcare Workers,480.0,29.0,19840.0,19840,9.54,4.2,18840.0,MSA_M2018_dl.xlsx
2018,0013820,"Birmingham-Hoover, AL",,AL,True,39-9011,Childcare Workers,1870.0,11.0,20880.0,20880,10.04,3.9,19290.0,MSA_M2018_dl.xlsx
2018,0019300,"Daphne-Fairhope-Foley, AL",,AL,True,39-9011,Childcare Workers,230.0,33.2,17940.0,17940,8.63,4.1,18000.0,MSA_M2018_dl.xlsx
2018,0019460,"Decatur, AL",,AL,True,39-9011,Childcare Workers,200.0,20.3,17760.0,17760,8.54,2.9,18050.0,MSA_M2018_dl.xlsx
2018,0020020,"Dothan, AL",,AL,True,39-9011,Childcare Workers,,,18090.0,18090,8.7,4.4,18070.0,MSA_M2018_dl.xlsx
2018,0022520,"Florence-Muscle Shoals, AL",,AL,True,39-9011,Childcare Workers,210.0,21.6,18860.0,18860,9.07,3.9,18500.0,MSA_M2018_dl.xlsx
2018,0023460,"Gadsden, AL",,AL,True,39-9011,Childcare Workers,100.0,9.1,18010.0,18010,8.66,2.8,18190.0,MSA_M2018_dl.xlsx
2018,0026620,"Huntsville, AL",,AL,True,39-9011,Childcare Workers,600.0,30.8,18760.0,18760,9.02,3.1,18570.0,MSA_M2018_dl.xlsx
2018,0033660,"Mobile, AL",,AL,True,39-9011,Childcare Workers,700.0,13.9,18610.0,18610,8.95,4.8,18190.0,MSA_M2018_dl.xlsx
2018,0033860,"Montgomery, AL",,AL,True,39-9011,Childcare Workers,880.0,33.5,19970.0,19970,9.6,3.9,18800.0,MSA_M2018_dl.xlsx
2018,0046220,"Tuscaloosa, AL",,AL,True,39-9011,Childcare Workers,540.0,4.8,20910.0,20910,10.06,5.0,19760.0,MSA_M2018_dl.xlsx
2018,0022220,"Fayetteville-Springdale-Rogers, AR-MO",,AR,True,39-9011,Childcare Workers,1220.0,24.6,20540.0,20540,9.88,2.3,19440.0,MSA_M2018_dl.xlsx
2018,0022900,"Fort Smith, AR-OK",,AR,True,39-9011,Childcare Workers,400.0,20.6,20080.0,20080,9.65,2.5,19190.0,MSA_M2018_dl.xlsx
2018,0026300,"Hot Springs, AR",,AR,True,39-9011,Childcare Workers,,,20390.0,20390,9.8,5.3,19140.0,MSA_M2018_dl.xlsx
2018,0027860,"Jonesboro, AR",,AR,True,39-9011,Childcare Workers,,,21920.0,21920,10.54,4.3,20500.0,MSA_M2018_dl.xlsx
2018,0030780,"Little Rock-North Little Rock-Conway, AR",,AR,True,39-9011,Childcare Workers,1700.0,19.9,21560.0,21560,10.36,2.8,20200.0,MSA_M2018_dl.xlsx
2018,0038220,"Pine Bluff, AR",,AR,True,39-9011,Childcare Workers,180.0,26.7,20970.0,20970,10.08,3.0,19370.0,MSA_M2018_dl.xlsx
2018,0022380,"Flagstaff, AZ",,AZ,True,39-9011,Childcare Workers,110.0,47.6,25420.0,25420,12.22,4.1,23810.0,MSA_M2018_dl.xlsx
2018,0029420,"Lake Havasu City-Kingman, AZ",,AZ,True,39-9011,Childcare Workers,,,23840.0,23840,11.46,3.6,21860.0,MSA_M2018_dl.xlsx
2018,0038060,"Phoenix-Mesa-Scottsdale, AZ",,AZ,True,39-9011,Childcare Workers,7570.0,14.9,25370.0,25370,12.2,1.5,24250.0,MSA_M2018_dl.xlsx
2018,0039140,"Prescott, AZ",,AZ,True,39-9011,Childcare Workers,180.0,20.6,24060.0,24060,11.57,2.5,23480.0,MSA_M2018_dl.xlsx
2018,0043420,"Sierra Vista-Douglas, AZ",,AZ,True,39-9011,Childcare Workers,110.0,3.2,23960.0,23960,11.52,5.8,23000.0,MSA_M2018_dl.xlsx
2018,0046060,"Tucson, AZ",,AZ,True,39-9011,Childcare Workers,2010.0,21.8,24470.0,24470,11.76,3.1,23080.0,MSA_M2018_dl.xlsx
2018,0049740,"Yuma, AZ",,AZ,True,39-9011,Childcare Workers,80.0,41.8,23570.0,23570,11.33,2.6,21860.0,MSA_M2018_dl.xlsx
2018,0012540,"Bakersfield, CA",,CA,True,39-9011,Childcare Workers,1280.0,17.8,27180.0,27180,13.07,1.8,25180.0,MSA_M2018_dl.xlsx
2018,0017020,"Chico, CA",,CA,True,39-9011,Childcare Workers,440.0,24.9,26610.0,26610,12.79,2.9,24120.0,MSA_M2018_dl.xlsx
2018,0020940,"El Centro, CA",,CA,True,39-9011,Childcare Workers,310.0,30.0,25390.0,25390,12.21,3.5,24110.0,MSA_M2018_dl.xlsx
2018,0023420,"Fresno, CA",,CA,True,39-9011,Childcare Workers,1390.0,20.5,26370.0,26370,12.68,1.8,24760.0,MSA_M2018_dl.xlsx
2018,0025260,"Hanford-Corcoran, CA",,CA,True,39-9011,Childcare Workers,310.0,23.0,25980.0,25980,12.49,2.8,24890.0,MSA_M2018_dl.xlsx
2018,0031080,"Los Angeles-Long Beach-Anaheim, CA",,CA,True,39-9011,Childcare Workers,22250.0,8.4,27880.0,27880,13.41,1.2,25410.0,MSA_M2018_dl.xlsx
2018,0031460,"Madera, CA",,CA,True,39-9011,Childcare Workers,80.0,24.5,27670.0,27670,13.3,2.1,25730.0,MSA_M2018_dl.xlsx
2018,0032900,"Merced, CA",,CA,True,39-9011,Childcare Workers,390.0,24.5,30180.0,30180,14.51,3.6,29710.0,MSA_M2018_dl.xlsx
2018,0033700,"Modesto, CA",,CA,True,39-9011,Childcare Workers,720.0,16.8,27690.0,27690,13.31,3.1,25310.0,MSA_M2018_dl.xlsx
2018,0034900,"Napa, CA",,CA,True,39-9011,Childcare Workers,,,27870.0,27870,13.4,4.7,24410.0,MSA_M2018_dl.xlsx
2018,0037100,"Oxnard-Thousand Oaks-Ventura, CA",,CA,True,39-9011,Childcare Workers,1230.0,18.5,30750.0,30750,14.78,3.1,29300.0,MSA_M2018_dl.xlsx
2018,0039820,"Redding, CA",,CA,True,39-9011,Childcare Workers,270.0,38.5,27900.0,27900,13.41,3.8,27390.0,MSA_M2018_dl.xlsx
2018,0040140,"Riverside-San Bernardino-Ontario, CA",,CA,True,39-9011,Childcare Workers,5960.0,12.4,27760.0,27760,13.34,2.5,25400.0,MSA_M2018_dl.xlsx
2018,0040900,"Sacramento--Roseville--Arden-Arcade, CA",,CA,True,39-9011,Childcare Workers,4080.0,13.8,27010.0,27010,12.98,2.4,25490.0,MSA_M2018_dl.xlsx
2018,0041500,"Salinas, CA",,CA,True,39-9011,Childcare Workers,460.0,29.6,31390.0,31390,15.09,3.0,31910.0,MSA_M2018_dl.xlsx
2018,0041740,"San Diego-Carlsbad, CA",,CA,True,39-9011,Childcare Workers,5060.0,11.7,28070.0,28070,13.49,2.3,26290.0,MSA_M2018_dl.xlsx
2018,0041860,"San Francisco-Oakland-Hayward, CA",,CA,True,39-9011,Childcare Workers,7360.0,19.0,33550.0,33550,16.13,2.0,33470.0,MSA_M2018_dl.xlsx
2018,0041940,"San Jose-Sunnyvale-Santa Clara, CA",,CA,True,39-9011,Childcare Workers,1860.0,15.8,31420.0,31420,15.1,2.8,31190.0,MSA_M2018_dl.xlsx
2018,0042020,"San Luis Obispo-Paso Robles-Arroyo Grande, CA",,CA,True,39-9011,Childcare Workers,370.0,22.4,25630.0,25630,12.32,2.5,24510.0,MSA_M2018_dl.xlsx
2018,0042100,"Santa Cruz-Watsonville, CA",,CA,True,39-9011,Childcare Workers,490.0,27.3,26780.0,26780,12.87,2.4,25520.0,MSA_M2018_dl.xlsx
2018,0042200,"Santa Maria-Santa Barbara, CA",,CA,True,39-9011,Childcare Workers,850.0,22.5,28130.0,28130,13.53,4.1,25900.0,MSA_M2018_dl.xlsx
2018,0042220,"Santa Rosa, CA",,CA,True,39-9011,Childcare Workers,890.0,20.0,32130.0,32130,15.45,3.5,31310.0,MSA_M2018_dl.xlsx
2018,0044700,"Stockton-Lodi, CA",,CA,True,39-9011,Childcare Workers,1220.0,19.9,26800.0,26800,12.88,4.5,24690.0,MSA_M2018_dl.xlsx
2018,0046700,"Vallejo-Fairfield, CA",,CA,True,39-9011,Childcare Workers,610.0,37.5,27950.0,27950,13.44,2.4,26630.0,MSA_M2018_dl.xlsx
2018,0047300,"Visalia-Porterville, CA",,CA,True,39-9011,Childcare Workers,1190.0,22.6,26550.0,26550,12.76,2.0,25070.0,MSA_M2018_dl.xlsx
2018,0049700,"Yuba City, CA",,CA,True,39-9011,Childcare Workers,380.0,14.8,26980.0,26980,12.97,3.6,24430.0,MSA_M2018_dl.xlsx
2018,0014500,"Boulder, CO",,CO,True,39-9011,Childcare Workers,700.0,16.2,30310.0,30310,14.57,4.0,28340.0,MSA_M2018_dl.xlsx
2018,0017820,"Colorado Springs, CO",,CO,True,39-9011,Childcare Workers,,,26890.0,26890,12.93,6.7,23890.0,MSA_M2018_dl.xlsx
2018,0019740,"Denver-Aurora-Lakewood, CO",,CO,True,39-9011,Childcare Workers,5860.0,15.7,28950.0,28950,13.92,1.8,27330.0,MSA_M2018_dl.xlsx
2018,0022660,"Fort Collins, CO",,CO,True,39-9011,Childcare Workers,280.0,8.5,28320.0,28320,13.62,2.8,26650.0,MSA_M2018_dl.xlsx
2018,0024300,"Grand Junction, CO",,CO,True,39-9011,Childcare Workers,170.0,24.2,25430.0,25430,12.23,4.4,24220.0,MSA_M2018_dl.xlsx
2018,0024540,"Greeley, CO",,CO,True,39-9011,Childcare Workers,110.0,24.4,23960.0,23960,11.52,3.2,23200.0,MSA_M2018_dl.xlsx
2018,0039380,"Pueblo, CO",,CO,True,39-9011,Childcare Workers,130.0,16.5,26380.0,26380,12.68,2.1,25030.0,MSA_M2018_dl.xlsx
2018,0071950,"Bridgeport-Stamford-Norwalk, CT",,CT,True,39-9011,Childcare Workers,2630.0,21.9,28310.0,28310,13.61,1.8,26650.0,MSA_M2018_dl.xlsx
2018,0072850,"Danbury, CT",,CT,True,39-9011,Childcare Workers,,,27110.0,27110,13.03,3.3,26080.0,MSA_M2018_dl.xlsx
2018,0073450,"Hartford-West Hartford-East Hartford, CT",,CT,True,39-9011,Childcare Workers,2810.0,15.0,26780.0,26780,12.87,2.3,25210.0,MSA_M2018_dl.xlsx
2018,0075700,"New Haven, CT",,CT,True,39-9011,Childcare Workers,1840.0,12.0,27600.0,27600,13.27,2.9,25980.0,MSA_M2018_dl.xlsx
2018,0076450,"Norwich-New London-Westerly, CT-RI",,CT,True,39-9011,Childcare Workers,870.0,9.1,26900.0,26900,12.93,3.3,25090.0,MSA_M2018_dl.xlsx
2018,0078700,"Waterbury, CT",,CT,True,39-9011,Childcare Workers,420.0,5.5,26180.0,26180,12.59,3.2,24300.0,MSA_M2018_dl.xlsx
2018,0047900,"Washington-Arlington-Alexandria, DC-VA-MD-WV",,DC,True,39-9011,Childcare Workers,12330.0,9.9,29410.0,29410,14.14,2.3,28550.0,MSA_M2018_dl.xlsx
2018,0020100,"Dover, DE",,DE,True,39-9011,Childcare Workers,50.0,42.3,25360.0,25360,12.19,8.1,20550.0,MSA_M2018_dl.xlsx
2018,0015980,"Cape Coral-Fort Myers, FL",,FL,True,39-9011,Childcare Workers,680.0,21.6,22220.0,22220,10.68,2.4,21320.0,MSA_M2018_dl.xlsx
2018,0018880,"Crestview-Fort Walton Beach-Destin, FL",,FL,True,39-9011,Childcare Workers,440.0,33.8,22850.0,22850,10.99,2.4,20270.0,MSA_M2018_dl.xlsx
2018,0019660,"Deltona-Daytona Beach-Ormond Beach, FL",,FL,True,39-9011,Childcare Workers,520.0,24.6,23090.0,23090,11.1,3.2,21710.0,MSA_M2018_dl.xlsx
2018,0023540,"Gainesville, FL",,FL,True,39-9011,Childcare Workers,560.0,27.2,23780.0,23780,11.44,4.5,22090.0,MSA_M2018_dl.xlsx
2018,0026140,"Homosassa Springs, FL",,FL,True,39-9011,Childcare Workers,,,19410.0,19410,9.33,3.7,19280.0,MSA_M2018_dl.xlsx
2018,0027260,"Jacksonville, FL",,FL,True,39-9011,Childcare Workers,2530.0,31.6,25340.0,25340,12.18,4.0,23810.0,MSA_M2018_dl.xlsx
2018,0029460,"Lakeland-Winter Haven, FL",,FL,True,39-9011,Childcare Workers,830.0,16.2,21330.0,21330,10.25,2.6,20190.0,MSA_M2018_dl.xlsx
2018,0033100,"Miami-Fort Lauderdale-West Palm Beach, FL",,FL,True,39-9011,Childcare Workers,11680.0,14.5,24400.0,24400,11.73,2.3,22740.0,MSA_M2018_dl.xlsx
2018,0034940,"Naples-Immokalee-Marco Island, FL",,FL,True,39-9011,Childcare Workers,350.0,15.0,24340.0,24340,11.7,3.1,23230.0,MSA_M2018_dl.xlsx
2018,0035840,"North Port-Sarasota-Bradenton, FL",,FL,True,39-9011,Childcare Workers,430.0,29.6,22960.0,22960,11.04,4.8,20870.0,MSA_M2018_dl.xlsx
2018,0036100,"Ocala, FL",,FL,True,39-9011,Childcare Workers,,,24460.0,24460,11.76,3.0,23370.0,MSA_M2018_dl.xlsx
2018,0036740,"Orlando-Kissimmee-Sanford, FL",,FL,True,39-9011,Childcare Workers,3100.0,15.0,22340.0,22340,10.74,2.1,21470.0,MSA_M2018_dl.xlsx
2018,0037340,"Palm Bay-Melbourne-Titusville, FL",,FL,True,39-9011,Childcare Workers,760.0,18.6,22550.0,22550,10.84,4.0,22180.0,MSA_M2018_dl.xlsx
2018,0037460,"Panama City, FL",,FL,True,39-9011,Childcare Workers,350.0,29.7,20050.0,20050,9.64,3.8,19450.0,MSA_M2018_dl.xlsx
2018,0037860,"Pensacola-Ferry Pass-Brent, FL",,FL,True,39-9011,Childcare Workers,860.0,17.4,21090.0,21090,10.14,3.0,20200.0,MSA_M2018_dl.xlsx
2018,0038940,"Port St. Lucie, FL",,FL,True,39-9011,Childcare Workers,590.0,21.1,24230.0,24230,11.65,4.4,22360.0,MSA_M2018_dl.xlsx
2018,0039460,"Punta Gorda, FL",,FL,True,39-9011,Childcare Workers,110.0,24.0,24540.0,24540,11.8,3.1,23640.0,MSA_M2018_dl.xlsx
2018,0042680,"Sebastian-Vero Beach, FL",,FL,True,39-9011,Childcare Workers,130.0,31.4,23380.0,23380,11.24,5.0,22130.0,MSA_M2018_dl.xlsx
2018,0042700,"Sebring, FL",,FL,True,39-9011,Childcare Workers,120.0,28.0,22380.0,22380,10.76,5.4,20760.0,MSA_M2018_dl.xlsx
2018,0045220,"Tallahassee, FL",,FL,True,39-9011,Childcare Workers,,,23910.0,23910,11.5,3.8,21120.0,MSA_M2018_dl.xlsx
2018,0045300,"Tampa-St. Petersburg-Clearwater, FL",,FL,True,39-9011,Childcare Workers,4410.0,16.7,23090.0,23090,11.1,3.7,20620.0,MSA_M2018_dl.xlsx
2018,0045540,"The Villages, FL",,FL,True,39-9011,Childcare Workers,70.0,36.4,24000.0,24000,11.54,10.6,20340.0,MSA_M2018_dl.xlsx
2018,0010500,"Albany, GA",,GA,True,39-9011,Childcare Workers,,,18890.0,18890,9.08,3.5,18530.0,MSA_M2018_dl.xlsx
2018,0012020,"Athens-Clarke County, GA",,GA,True,39-9011,Childcare Workers,240.0,36.8,20960.0,20960,10.08,4.4,20120.0,MSA_M2018_dl.xlsx
2018,0012060,"Atlanta-Sandy Springs-Roswell, GA",,GA,True,39-9011,Childcare Workers,8800.0,14.9,22910.0,22910,11.01,5.4,20480.0,MSA_M2018_dl.xlsx
2018,0012260,"Augusta-Richmond County, GA-SC",,GA,True,39-9011,Childcare Workers,830.0,10.3,19370.0,19370,9.31,3.4,18720.0,MSA_M2018_dl.xlsx
2018,0015260,"Brunswick, GA",,GA,True,39-9011,Childcare Workers,110.0,26.0,21770.0,21770,10.47,5.8,19460.0,MSA_M2018_dl.xlsx
2018,0017980,"Columbus, GA-AL",,GA,True,39-9011,Childcare Workers,440.0,19.2,22420.0,22420,10.78,3.0,20490.0,MSA_M2018_dl.xlsx
2018,0019140,"Dalton, GA",,GA,True,39-9011,Childcare Workers,,,23050.0,23050,11.08,5.3,22640.0,MSA_M2018_dl.xlsx
2018,0023580,"Gainesville, GA",,GA,True,39-9011,Childcare Workers,200.0,31.6,19450.0,19450,9.35,4.0,18520.0,MSA_M2018_dl.xlsx
2018,0025980,"Hinesville, GA",,GA,True,39-9011,Childcare Workers,130.0,47.5,19330.0,19330,9.29,3.3,18840.0,MSA_M2018_dl.xlsx
2018,0031420,"Macon, GA",,GA,True,39-9011,Childcare Workers,200.0,37.6,21850.0,21850,10.5,4.6,21400.0,MSA_M2018_dl.xlsx
2018,0040660,"Rome, GA",,GA,True,39-9011,Childcare Workers,,,18520.0,18520,8.9,5.7,18360.0,MSA_M2018_dl.xlsx
2018,0042340,"Savannah, GA",,GA,True,39-9011,Childcare Workers,750.0,17.5,19540.0,19540,9.39,4.1,18900.0,MSA_M2018_dl.xlsx
2018,0046660,"Valdosta, GA",,GA,True,39-9011,Childcare Workers,230.0,37.0,19300.0,19300,9.28,3.6,18760.0,MSA_M2018_dl.xlsx
2018,0047580,"Warner Robins, GA",,GA,True,39-9011,Childcare Workers,,,21550.0,21550,10.36,14.1,18260.0,MSA_M2018_dl.xlsx
2018,0027980,"Kahului-Wailuku-Lahaina, HI",,HI,True,39-9011,Childcare Workers,300.0,30.3,25040.0,25040,12.04,3.2,23040.0,MSA_M2018_dl.xlsx
2018,0046520,"Urban Honolulu, HI",,HI,True,39-9011,Childcare Workers,1240.0,18.3,26900.0,26900,12.93,3.1,25550.0,MSA_M2018_dl.xlsx
2018,0011180,"Ames, IA",,IA,True,39-9011,Childcare Workers,250.0,14.0,18650.0,18650,8.97,4.0,18190.0,MSA_M2018_dl.xlsx
2018,0016300,"Cedar Rapids, IA",,IA,True,39-9011,Childcare Workers,820.0,13.5,24380.0,24380,11.72,7.1,23010.0,MSA_M2018_dl.xlsx
2018,0019340,"Davenport-Moline-Rock Island, IA-IL",,IA,True,39-9011,Childcare Workers,660.0,18.4,22370.0,22370,10.75,2.4,20670.0,MSA_M2018_dl.xlsx
2018,0019780,"Des Moines-West Des Moines, IA",,IA,True,39-9011,Childcare Workers,2290.0,27.2,24790.0,24790,11.92,4.5,25520.0,MSA_M2018_dl.xlsx
2018,0020220,"Dubuque, IA",,IA,True,39-9011,Childcare Workers,250.0,13.9,18980.0,18980,9.12,3.8,18320.0,MSA_M2018_dl.xlsx
2018,0026980,"Iowa City, IA",,IA,True,39-9011,Childcare Workers,870.0,18.9,22110.0,22110,10.63,6.4,21450.0,MSA_M2018_dl.xlsx
2018,0043580,"Sioux City, IA-NE-SD",,IA,True,39-9011,Childcare Workers,280.0,35.6,21170.0,21170,10.18,5.2,19740.0,MSA_M2018_dl.xlsx
2018,0047940,"Waterloo-Cedar Falls, IA",,IA,True,39-9011,Childcare Workers,650.0,21.6,19680.0,19680,9.46,3.7,18880.0,MSA_M2018_dl.xlsx
2018,0014260,"Boise City, ID",,ID,True,39-9011,Childcare Workers,690.0,28.3,21220.0,21220,10.2,4.8,20120.0,MSA_M2018_dl.xlsx
2018,0017660,"Coeur d'Alene, ID",,ID,True,39-9011,Childcare Workers,120.0,42.4,23250.0,23250,11.18,2.6,23210.0,MSA_M2018_dl.xlsx
2018,0026820,"Idaho Falls, ID",,ID,True,39-9011,Childcare Workers,260.0,21.3,20490.0,20490,9.85,6.5,20010.0,MSA_M2018_dl.xlsx
2018,0030300,"Lewiston, ID-WA",,ID,True,39-9011,Childcare Workers,70.0,22.5,24130.0,24130,11.6,3.8,24160.0,MSA_M2018_dl.xlsx
2018,0038540,"Pocatello, ID",,ID,True,39-9011,Childcare Workers,120.0,36.1,20590.0,20590,9.9,4.7,19460.0,MSA_M2018_dl.xlsx
2018,0014010,"Bloomington, IL",,IL,True,39-9011,Childcare Workers,330.0,12.1,20240.0,20240,9.73,3.4,19470.0,MSA_M2018_dl.xlsx
2018,0016060,"Carbondale-Marion, IL",,IL,True,39-9011,Childcare Workers,240.0,27.2,23430.0,23430,11.27,3.1,21420.0,MSA_M2018_dl.xlsx
2018,0016580,"Champaign-Urbana, IL",,IL,True,39-9011,Childcare Workers,380.0,9.8,24470.0,24470,11.76,5.2,22810.0,MSA_M2018_dl.xlsx
2018,0016980,"Chicago-Naperville-Elgin, IL-IN-WI",,IL,True,39-9011,Childcare Workers,13450.0,6.8,24330.0,24330,11.7,1.7,22580.0,MSA_M2018_dl.xlsx
2018,0019180,"Danville, IL",,IL,True,39-9011,Childcare Workers,90.0,30.2,27540.0,27540,13.24,14.0,24280.0,MSA_M2018_dl.xlsx
2018,0019500,"Decatur, IL",,IL,True,39-9011,Childcare Workers,50.0,19.0,20190.0,20190,9.71,3.7,19700.0,MSA_M2018_dl.xlsx
2018,0028100,"Kankakee, IL",,IL,True,39-9011,Childcare Workers,30.0,33.3,23200.0,23200,11.15,3.0,23320.0,MSA_M2018_dl.xlsx
2018,0037900,"Peoria, IL",,IL,True,39-9011,Childcare Workers,750.0,24.5,21990.0,21990,10.57,2.2,20360.0,MSA_M2018_dl.xlsx
2018,0040420,"Rockford, IL",,IL,True,39-9011,Childcare Workers,400.0,15.2,21790.0,21790,10.48,4.7,19490.0,MSA_M2018_dl.xlsx
2018,0044100,"Springfield, IL",,IL,True,39-9011,Childcare Workers,300.0,6.9,23310.0,23310,11.21,3.4,22020.0,MSA_M2018_dl.xlsx
2018,0014020,"Bloomington, IN",,IN,True,39-9011,Childcare Workers,190.0,40.8,19190.0,19190,9.22,3.8,18750.0,MSA_M2018_dl.xlsx
2018,0021140,"Elkhart-Goshen, IN",,IN,True,39-9011,Childcare Workers,,,23240.0,23240,11.17,3.0,22230.0,MSA_M2018_dl.xlsx
2018,0021780,"Evansville, IN-KY",,IN,True,39-9011,Childcare Workers,590.0,20.6,20760.0,20760,9.98,2.7,20400.0,MSA_M2018_dl.xlsx
2018,0023060,"Fort Wayne, IN",,IN,True,39-9011,Childcare Workers,490.0,14.3,20760.0,20760,9.98,4.0,19140.0,MSA_M2018_dl.xlsx
2018,0026900,"Indianapolis-Carmel-Anderson, IN",,IN,True,39-9011,Childcare Workers,2770.0,19.3,21530.0,21530,10.35,3.7,20080.0,MSA_M2018_dl.xlsx
2018,0029020,"Kokomo, IN",,IN,True,39-9011,Childcare Workers,40.0,35.1,19560.0,19560,9.4,7.5,18940.0,MSA_M2018_dl.xlsx
2018,0029200,"Lafayette-West Lafayette, IN",,IN,True,39-9011,Childcare Workers,370.0,19.3,25420.0,25420,12.22,3.0,23940.0,MSA_M2018_dl.xlsx
2018,0033140,"Michigan City-La Porte, IN",,IN,True,39-9011,Childcare Workers,70.0,6.8,28600.0,28600,13.75,28.8,19870.0,MSA_M2018_dl.xlsx
2018,0034620,"Muncie, IN",,IN,True,39-9011,Childcare Workers,510.0,14.2,24290.0,24290,11.68,5.7,24490.0,MSA_M2018_dl.xlsx
2018,0043780,"South Bend-Mishawaka, IN-MI",,IN,True,39-9011,Childcare Workers,190.0,43.3,20450.0,20450,9.83,3.3,19490.0,MSA_M2018_dl.xlsx
2018,0045460,"Terre Haute, IN",,IN,True,39-9011,Childcare Workers,370.0,23.0,20280.0,20280,9.75,3.6,19640.0,MSA_M2018_dl.xlsx
2018,0029940,"Lawrence, KS",,KS,True,39-9011,Childcare Workers,230.0,20.0,20840.0,20840,10.02,3.1,20410.0,MSA_M2018_dl.xlsx
2018,0031740,"Manhattan, KS",,KS,True,39-9011,Childcare Workers,280.0,21.4,19220.0,19220,9.24,6.3,18810.0,MSA_M2018_dl.xlsx
2018,0045820,"Topeka, KS",,KS,True,39-9011,Childcare Workers,410.0,23.9,21320.0,21320,10.25,3.0,20680.0,MSA_M2018_dl.xlsx
2018,0048620,"Wichita, KS",,KS,True,39-9011,Childcare Workers,670.0,38.1,20080.0,20080,9.66,4.8,18910.0,MSA_M2018_dl.xlsx
2018,0014540,"Bowling Green, KY",,KY,True,39-9011,Childcare Workers,410.0,19.3,19530.0,19530,9.39,3.0,19160.0,MSA_M2018_dl.xlsx
2018,0021060,"Elizabethtown-Fort Knox, KY",,KY,True,39-9011,Childcare Workers,440.0,22.5,21150.0,21150,10.17,5.0,20330.0,MSA_M2018_dl.xlsx
2018,0030460,"Lexington-Fayette, KY",,KY,True,39-9011,Childcare Workers,1690.0,9.3,21690.0,21690,10.43,2.0,20520.0,MSA_M2018_dl.xlsx
2018,0031140,"Louisville/Jefferson County, KY-IN",,KY,True,39-9011,Childcare Workers,3320.0,17.5,21610.0,21610,10.39,4.4,19200.0,MSA_M2018_dl.xlsx
2018,0036980,"Owensboro, KY",,KY,True,39-9011,Childcare Workers,,,19740.0,19740,9.49,4.1,18450.0,MSA_M2018_dl.xlsx
2018,0010780,"Alexandria, LA",,LA,True,39-9011,Childcare Workers,480.0,21.4,20570.0,20570,9.89,6.1,19030.0,MSA_M2018_dl.xlsx
2018,0012940,"Baton Rouge, LA",,LA,True,39-9011,Childcare Workers,1860.0,15.4,19620.0,19620,9.43,2.7,19030.0,MSA_M2018_dl.xlsx
2018,0025220,"Hammond, LA",,LA,True,39-9011,Childcare Workers,510.0,29.3,20250.0,20250,9.74,3.7,19240.0,MSA_M2018_dl.xlsx
2018,0026380,"Houma-Thibodaux, LA",,LA,True,39-9011,Childcare Workers,310.0,5.2,21220.0,21220,10.2,4.5,19480.0,MSA_M2018_dl.xlsx
2018,0029180,"Lafayette, LA",,LA,True,39-9011,Childcare Workers,1160.0,10.4,19430.0,19430,9.34,3.5,18590.0,MSA_M2018_dl.xlsx
2018,0029340,"Lake Charles, LA",,LA,True,39-9011,Childcare Workers,280.0,15.2,18700.0,18700,8.99,4.3,18350.0,MSA_M2018_dl.xlsx
2018,0033740,"Monroe, LA",,LA,True,39-9011,Childcare Workers,320.0,13.8,19460.0,19460,9.35,4.8,18740.0,MSA_M2018_dl.xlsx
2018,0035380,"New Orleans-Metairie, LA",,LA,True,39-9011,Childcare Workers,2010.0,16.3,19560.0,19560,9.4,2.8,18750.0,MSA_M2018_dl.xlsx
2018,0043340,"Shreveport-Bossier City, LA",,LA,True,39-9011,Childcare Workers,680.0,12.0,22660.0,22660,10.9,9.5,19580.0,MSA_M2018_dl.xlsx
2018,0070900,"Barnstable Town, MA",,MA,True,39-9011,Childcare Workers,240.0,39.7,31950.0,31950,15.36,6.5,28470.0,MSA_M2018_dl.xlsx
2018,0071650,"Boston-Cambridge-Nashua, MA-NH",,MA,True,39-9011,Childcare Workers,10300.0,6.3,30050.0,30050,14.45,1.4,28100.0,MSA_M2018_dl.xlsx
2018,0074500,"Leominster-Gardner, MA",,MA,True,39-9011,Childcare Workers,130.0,33.3,28070.0,28070,13.5,2.6,27390.0,MSA_M2018_dl.xlsx
2018,0075550,"New Bedford, MA",,MA,True,39-9011,Childcare Workers,440.0,40.6,28890.0,28890,13.89,3.3,27680.0,MSA_M2018_dl.xlsx
2018,0076600,"Pittsfield, MA",,MA,True,39-9011,Childcare Workers,70.0,19.5,26080.0,26080,12.54,3.1,24990.0,MSA_M2018_dl.xlsx
2018,0078100,"Springfield, MA-CT",,MA,True,39-9011,Childcare Workers,1100.0,14.8,28740.0,28740,13.82,3.1,25300.0,MSA_M2018_dl.xlsx
2018,0079600,"Worcester, MA-CT",,MA,True,39-9011,Childcare Workers,1410.0,30.6,29110.0,29110,14.0,2.4,25540.0,MSA_M2018_dl.xlsx
2018,0012580,"Baltimore-Columbia-Towson, MD",,MD,True,39-9011,Childcare Workers,4470.0,15.0,24560.0,24560,11.81,1.9,22870.0,MSA_M2018_dl.xlsx
2018,0015680,"California-Lexington Park, MD",,MD,True,39-9011,Childcare Workers,140.0,46.6,24290.0,24290,11.68,6.6,22150.0,MSA_M2018_dl.xlsx
2018,0019060,"Cumberland, MD-WV",,MD,True,39-9011,Childcare Workers,120.0,20.2,24010.0,24010,11.54,8.9,20450.0,MSA_M2018_dl.xlsx
2018,0025180,"Hagerstown-Martinsburg, MD-WV",,MD,True,39-9011,Childcare Workers,330.0,39.5,23490.0,23490,11.29,3.8,21300.0,MSA_M2018_dl.xlsx
2018,0041540,"Salisbury, MD-DE",,MD,True,39-9011,Childcare Workers,510.0,14.2,22410.0,22410,10.77,2.0,20950.0,MSA_M2018_dl.xlsx
2018,0070750,"Bangor, ME",,ME,True,39-9011,Childcare Workers,360.0,22.2,26090.0,26090,12.55,4.8,23650.0,MSA_M2018_dl.xlsx
2018,0074650,"Lewiston-Auburn, ME",,ME,True,39-9011,Childcare Workers,230.0,28.7,24320.0,24320,11.69,3.3,23690.0,MSA_M2018_dl.xlsx
2018,0076750,"Portland-South Portland, ME",,ME,True,39-9011,Childcare Workers,690.0,45.4,23930.0,23930,11.5,3.3,23270.0,MSA_M2018_dl.xlsx
2018,0011460,"Ann Arbor, MI",,MI,True,39-9011,Childcare Workers,560.0,21.4,23080.0,23080,11.1,1.4,22510.0,MSA_M2018_dl.xlsx
2018,0012980,"Battle Creek, MI",,MI,True,39-9011,Childcare Workers,350.0,24.5,22950.0,22950,11.04,2.0,22150.0,MSA_M2018_dl.xlsx
2018,0013020,"Bay City, MI",,MI,True,39-9011,Childcare Workers,150.0,21.8,20380.0,20380,9.8,2.6,19940.0,MSA_M2018_dl.xlsx
2018,0019820,"Detroit-Warren-Dearborn, MI",,MI,True,39-9011,Childcare Workers,7510.0,11.9,23920.0,23920,11.5,2.2,22080.0,MSA_M2018_dl.xlsx
2018,0022420,"Flint, MI",,MI,True,39-9011,Childcare Workers,800.0,18.2,22600.0,22600,10.86,2.1,21310.0,MSA_M2018_dl.xlsx
2018,0024340,"Grand Rapids-Wyoming, MI",,MI,True,39-9011,Childcare Workers,1910.0,14.3,23510.0,23510,11.3,1.4,22710.0,MSA_M2018_dl.xlsx
2018,0027100,"Jackson, MI",,MI,True,39-9011,Childcare Workers,,,24270.0,24270,11.67,2.5,22640.0,MSA_M2018_dl.xlsx
2018,0028020,"Kalamazoo-Portage, MI",,MI,True,39-9011,Childcare Workers,500.0,16.1,25430.0,25430,12.23,4.0,22320.0,MSA_M2018_dl.xlsx
2018,0029620,"Lansing-East Lansing, MI",,MI,True,39-9011,Childcare Workers,1120.0,17.3,23670.0,23670,11.38,2.4,21990.0,MSA_M2018_dl.xlsx
2018,0033220,"Midland, MI",,MI,True,39-9011,Childcare Workers,160.0,25.6,21570.0,21570,10.37,2.4,20340.0,MSA_M2018_dl.xlsx
2018,0033780,"Monroe, MI",,MI,True,39-9011,Childcare Workers,120.0,20.8,23360.0,23360,11.23,2.9,22360.0,MSA_M2018_dl.xlsx
2018,0034740,"Muskegon, MI",,MI,True,39-9011,Childcare Workers,300.0,17.9,22850.0,22850,10.98,2.0,22220.0,MSA_M2018_dl.xlsx
2018,0035660,"Niles-Benton Harbor, MI",,MI,True,39-9011,Childcare Workers,190.0,15.1,24940.0,24940,11.99,7.5,21980.0,MSA_M2018_dl.xlsx
2018,0040980,"Saginaw, MI",,MI,True,39-9011,Childcare Workers,160.0,23.3,22280.0,22280,10.71,2.4,20060.0,MSA_M2018_dl.xlsx
2018,0020260,"Duluth, MN-WI",,MN,True,39-9011,Childcare Workers,340.0,27.5,26140.0,26140,12.57,3.3,24920.0,MSA_M2018_dl.xlsx
2018,0031860,"Mankato-North Mankato, MN",,MN,True,39-9011,Childcare Workers,350.0,36.4,24100.0,24100,11.58,3.3,23410.0,MSA_M2018_dl.xlsx
2018,0033460,"Minneapolis-St. Paul-Bloomington, MN-WI",,MN,True,39-9011,Childcare Workers,8560.0,5.6,26300.0,26300,12.64,2.2,24830.0,MSA_M2018_dl.xlsx
2018,0040340,"Rochester, MN",,MN,True,39-9011,Childcare Workers,520.0,15.5,25200.0,25200,12.12,4.1,23380.0,MSA_M2018_dl.xlsx
2018,0041060,"St. Cloud, MN",,MN,True,39-9011,Childcare Workers,300.0,22.4,22570.0,22570,10.85,2.7,21640.0,MSA_M2018_dl.xlsx
2018,0016020,"Cape Girardeau, MO-IL",,MO,True,39-9011,Childcare Workers,240.0,27.6,20800.0,20800,10.0,5.0,19470.0,MSA_M2018_dl.xlsx
2018,0017860,"Columbia, MO",,MO,True,39-9011,Childcare Workers,620.0,15.8,24110.0,24110,11.59,8.6,20420.0,MSA_M2018_dl.xlsx
2018,0027620,"Jefferson City, MO",,MO,True,39-9011,Childcare Workers,610.0,26.3,22510.0,22510,10.82,4.8,20360.0,MSA_M2018_dl.xlsx
2018,0027900,"Joplin, MO",,MO,True,39-9011,Childcare Workers,360.0,27.3,22350.0,22350,10.74,6.6,19900.0,MSA_M2018_dl.xlsx
2018,0028140,"Kansas City, MO-KS",,MO,True,39-9011,Childcare Workers,5260.0,10.7,22630.0,22630,10.88,2.2,21350.0,MSA_M2018_dl.xlsx
2018,0041140,"St. Joseph, MO-KS",,MO,True,39-9011,Childcare Workers,280.0,17.1,19380.0,19380,9.32,3.0,18950.0,MSA_M2018_dl.xlsx
2018,0041180,"St. Louis, MO-IL",,MO,True,39-9011,Childcare Workers,5160.0,13.1,25070.0,25070,12.05,3.0,23770.0,MSA_M2018_dl.xlsx
2018,0044180,"Springfield, MO",,MO,True,39-9011,Childcare Workers,1320.0,11.3,20300.0,20300,9.76,3.1,19220.0,MSA_M2018_dl.xlsx
2018,0025060,"Gulfport-Biloxi-Pascagoula, MS",,MS,True,39-9011,Childcare Workers,770.0,21.1,21160.0,21160,10.17,7.5,19220.0,MSA_M2018_dl.xlsx
2018,0025620,"Hattiesburg, MS",,MS,True,39-9011,Childcare Workers,300.0,36.9,18600.0,18600,8.94,2.4,18390.0,MSA_M2018_dl.xlsx
2018,0027140,"Jackson, MS",,MS,True,39-9011,Childcare Workers,1650.0,17.4,19340.0,19340,9.3,2.5,18800.0,MSA_M2018_dl.xlsx
2018,0013740,"Billings, MT",,MT,True,39-9011,Childcare Workers,630.0,14.6,22160.0,22160,10.65,3.0,21440.0,MSA_M2018_dl.xlsx
2018,0024500,"Great Falls, MT",,MT,True,39-9011,Childcare Workers,290.0,13.7,21660.0,21660,10.41,3.0,21150.0,MSA_M2018_dl.xlsx
2018,0033540,"Missoula, MT",,MT,True,39-9011,Childcare Workers,390.0,27.5,21920.0,21920,10.54,3.0,20630.0,MSA_M2018_dl.xlsx
2018,0011700,"Asheville, NC",,NC,True,39-9011,Childcare Workers,1000.0,15.6,24630.0,24630,11.84,3.2,24050.0,MSA_M2018_dl.xlsx
2018,0015500,"Burlington, NC",,NC,True,39-9011,Childcare Workers,290.0,21.4,21910.0,21910,10.53,5.0,20630.0,MSA_M2018_dl.xlsx
2018,0016740,"Charlotte-Concord-Gastonia, NC-SC",,NC,True,39-9011,Childcare Workers,5190.0,7.1,23540.0,23540,11.32,1.5,22830.0,MSA_M2018_dl.xlsx
2018,0020500,"Durham-Chapel Hill, NC",,NC,True,39-9011,Childcare Workers,1140.0,13.5,25490.0,25490,12.25,3.2,24260.0,MSA_M2018_dl.xlsx
2018,0022180,"Fayetteville, NC",,NC,True,39-9011,Childcare Workers,620.0,33.6,21240.0,21240,10.21,3.1,19390.0,MSA_M2018_dl.xlsx
2018,0024140,"Goldsboro, NC",,NC,True,39-9011,Childcare Workers,130.0,28.8,23800.0,23800,11.44,7.1,19990.0,MSA_M2018_dl.xlsx
2018,0024660,"Greensboro-High Point, NC",,NC,True,39-9011,Childcare Workers,1490.0,8.8,19970.0,19970,9.6,3.1,19190.0,MSA_M2018_dl.xlsx
2018,0024780,"Greenville, NC",,NC,True,39-9011,Childcare Workers,,,21780.0,21780,10.47,3.5,20520.0,MSA_M2018_dl.xlsx
2018,0025860,"Hickory-Lenoir-Morganton, NC",,NC,True,39-9011,Childcare Workers,360.0,30.2,21950.0,21950,10.55,5.2,20060.0,MSA_M2018_dl.xlsx
2018,0027340,"Jacksonville, NC",,NC,True,39-9011,Childcare Workers,,,18920.0,18920,9.09,3.5,18620.0,MSA_M2018_dl.xlsx
2018,0035100,"New Bern, NC",,NC,True,39-9011,Childcare Workers,250.0,30.4,19240.0,19240,9.25,3.9,18610.0,MSA_M2018_dl.xlsx
2018,0039580,"Raleigh, NC",,NC,True,39-9011,Childcare Workers,3170.0,16.4,22940.0,22940,11.03,4.6,20520.0,MSA_M2018_dl.xlsx
2018,0040580,"Rocky Mount, NC",,NC,True,39-9011,Childcare Workers,210.0,30.5,23030.0,23030,11.07,4.9,20570.0,MSA_M2018_dl.xlsx
2018,0048900,"Wilmington, NC",,NC,True,39-9011,Childcare Workers,350.0,12.7,21630.0,21630,10.4,5.4,20170.0,MSA_M2018_dl.xlsx
2018,0049180,"Winston-Salem, NC",,NC,True,39-9011,Childcare Workers,1260.0,17.6,24080.0,24080,11.58,5.2,21650.0,MSA_M2018_dl.xlsx
2018,0013900,"Bismarck, ND",,ND,True,39-9011,Childcare Workers,620.0,11.4,23730.0,23730,11.41,3.1,22830.0,MSA_M2018_dl.xlsx
2018,0022020,"Fargo, ND-MN",,ND,True,39-9011,Childcare Workers,990.0,23.9,24940.0,24940,11.99,3.6,23410.0,MSA_M2018_dl.xlsx
2018,0024220,"Grand Forks, ND-MN",,ND,True,39-9011,Childcare Workers,320.0,30.5,21570.0,21570,10.37,3.1,20900.0,MSA_M2018_dl.xlsx
2018,0024260,"Grand Island, NE",,NE,True,39-9011,Childcare Workers,250.0,24.9,23420.0,23420,11.26,3.3,22080.0,MSA_M2018_dl.xlsx
2018,0030700,"Lincoln, NE",,NE,True,39-9011,Childcare Workers,1470.0,11.2,23880.0,23880,11.48,3.6,21980.0,MSA_M2018_dl.xlsx
2018,0036540,"Omaha-Council Bluffs, NE-IA",,NE,True,39-9011,Childcare Workers,5730.0,6.4,24480.0,24480,11.77,2.5,23220.0,MSA_M2018_dl.xlsx
2018,0073050,"Dover-Durham, NH-ME",,NH,True,39-9011,Childcare Workers,310.0,16.4,23340.0,23340,11.22,2.2,22860.0,MSA_M2018_dl.xlsx
2018,0074950,"Manchester, NH",,NH,True,39-9011,Childcare Workers,440.0,29.6,22930.0,22930,11.02,5.4,20330.0,MSA_M2018_dl.xlsx
2018,0076900,"Portsmouth, NH-ME",,NH,True,39-9011,Childcare Workers,,,22610.0,22610,10.87,6.2,21790.0,MSA_M2018_dl.xlsx
2018,0012100,"Atlantic City-Hammonton, NJ",,NJ,True,39-9011,Childcare Workers,250.0,20.6,25430.0,25430,12.22,2.9,24620.0,MSA_M2018_dl.xlsx
2018,0036140,"Ocean City, NJ",,NJ,True,39-9011,Childcare Workers,140.0,26.7,26070.0,26070,12.53,2.8,25920.0,MSA_M2018_dl.xlsx
2018,0045940,"Trenton, NJ",,NJ,True,39-9011,Childcare Workers,970.0,20.8,26570.0,26570,12.77,2.5,25360.0,MSA_M2018_dl.xlsx
2018,0047220,"Vineland-Bridgeton, NJ",,NJ,True,39-9011,Childcare Workers,,,22020.0,22020,10.59,3.6,21970.0,MSA_M2018_dl.xlsx
2018,0010740,"Albuquerque, NM",,NM,True,39-9011,Childcare Workers,1040.0,22.2,23190.0,23190,11.15,7.1,20170.0,MSA_M2018_dl.xlsx
2018,0022140,"Farmington, NM",,NM,True,39-9011,Childcare Workers,260.0,21.8,21720.0,21720,10.44,2.5,21070.0,MSA_M2018_dl.xlsx
2018,0029740,"Las Cruces, NM",,NM,True,39-9011,Childcare Workers,210.0,31.1,18400.0,18400,8.85,4.3,18370.0,MSA_M2018_dl.xlsx
2018,0042140,"Santa Fe, NM",,NM,True,39-9011,Childcare Workers,180.0,43.1,24450.0,24450,11.76,9.5,23940.0,MSA_M2018_dl.xlsx
2018,0016180,"Carson City, NV",,NV,True,39-9011,Childcare Workers,100.0,43.1,21680.0,21680,10.43,2.8,19490.0,MSA_M2018_dl.xlsx
2018,0029820,"Las Vegas-Henderson-Paradise, NV",,NV,True,39-9011,Childcare Workers,2890.0,9.3,21670.0,21670,10.42,2.6,20860.0,MSA_M2018_dl.xlsx
2018,0039900,"Reno, NV",,NV,True,39-9011,Childcare Workers,1030.0,33.7,23840.0,23840,11.46,6.0,23160.0,MSA_M2018_dl.xlsx
2018,0010580,"Albany-Schenectady-Troy, NY",,NY,True,39-9011,Childcare Workers,3460.0,10.2,26960.0,26960,12.96,2.0,24520.0,MSA_M2018_dl.xlsx
2018,0013780,"Binghamton, NY",,NY,True,39-9011,Childcare Workers,580.0,14.0,27460.0,27460,13.2,2.9,26230.0,MSA_M2018_dl.xlsx
2018,0015380,"Buffalo-Cheektowaga-Niagara Falls, NY",,NY,True,39-9011,Childcare Workers,3140.0,16.3,24390.0,24390,11.72,1.5,23450.0,MSA_M2018_dl.xlsx
2018,0021300,"Elmira, NY",,NY,True,39-9011,Childcare Workers,80.0,39.3,23380.0,23380,11.24,2.8,23190.0,MSA_M2018_dl.xlsx
2018,0024020,"Glens Falls, NY",,NY,True,39-9011,Childcare Workers,140.0,9.6,27350.0,27350,13.15,4.2,25670.0,MSA_M2018_dl.xlsx
2018,0027060,"Ithaca, NY",,NY,True,39-9011,Childcare Workers,470.0,4.9,27140.0,27140,13.05,2.4,26600.0,MSA_M2018_dl.xlsx
2018,0028740,"Kingston, NY",,NY,True,39-9011,Childcare Workers,320.0,21.5,27690.0,27690,13.31,2.4,26660.0,MSA_M2018_dl.xlsx
2018,0035620,"New York-Newark-Jersey City, NY-NJ-PA",,NY,True,39-9011,Childcare Workers,45800.0,4.1,29080.0,29080,13.98,3.1,27660.0,MSA_M2018_dl.xlsx
2018,0040380,"Rochester, NY",,NY,True,39-9011,Childcare Workers,2560.0,17.0,25720.0,25720,12.36,2.1,23630.0,MSA_M2018_dl.xlsx
2018,0045060,"Syracuse, NY",,NY,True,39-9011,Childcare Workers,1320.0,27.6,26430.0,26430,12.7,1.9,24740.0,MSA_M2018_dl.xlsx
2018,0046540,"Utica-Rome, NY",,NY,True,39-9011,Childcare Workers,650.0,18.8,26770.0,26770,12.87,2.9,25720.0,MSA_M2018_dl.xlsx
2018,0048060,"Watertown-Fort Drum, NY",,NY,True,39-9011,Childcare Workers,200.0,19.5,25400.0,25400,12.21,5.6,23390.0,MSA_M2018_dl.xlsx
2018,0010420,"Akron, OH",,OH,True,39-9011,Childcare Workers,,,24650.0,24650,11.85,6.1,22740.0,MSA_M2018_dl.xlsx
2018,0015940,"Canton-Massillon, OH",,OH,True,39-9011,Childcare Workers,560.0,20.5,22810.0,22810,10.97,3.1,20600.0,MSA_M2018_dl.xlsx
2018,0017140,"Cincinnati, OH-KY-IN",,OH,True,39-9011,Childcare Workers,4850.0,11.4,24050.0,24050,11.56,2.3,23430.0,MSA_M2018_dl.xlsx
2018,0017460,"Cleveland-Elyria, OH",,OH,True,39-9011,Childcare Workers,3880.0,18.6,21770.0,21770,10.47,1.6,20420.0,MSA_M2018_dl.xlsx
2018,0018140,"Columbus, OH",,OH,True,39-9011,Childcare Workers,4470.0,12.3,22830.0,22830,10.98,3.7,20540.0,MSA_M2018_dl.xlsx
2018,0019380,"Dayton, OH",,OH,True,39-9011,Childcare Workers,930.0,17.7,23430.0,23430,11.26,4.9,20950.0,MSA_M2018_dl.xlsx
2018,0030620,"Lima, OH",,OH,True,39-9011,Childcare Workers,100.0,36.6,19750.0,19750,9.49,3.7,19100.0,MSA_M2018_dl.xlsx
2018,0031900,"Mansfield, OH",,OH,True,39-9011,Childcare Workers,190.0,48.5,20990.0,20990,10.09,3.8,19050.0,MSA_M2018_dl.xlsx
2018,0044220,"Springfield, OH",,OH,True,39-9011,Childcare Workers,,,22120.0,22120,10.64,4.9,20810.0,MSA_M2018_dl.xlsx
2018,0045780,"Toledo, OH",,OH,True,39-9011,Childcare Workers,1200.0,24.3,23990.0,23990,11.53,3.3,22170.0,MSA_M2018_dl.xlsx
2018,0049660,"Youngstown-Warren-Boardman, OH-PA",,OH,True,39-9011,Childcare Workers,890.0,19.0,22160.0,22160,10.66,4.6,20020.0,MSA_M2018_dl.xlsx
2018,0021420,"Enid, OK",,OK,True,39-9011,Childcare Workers,110.0,15.7,18620.0,18620,8.95,3.1,18390.0,MSA_M2018_dl.xlsx
2018,0030020,"Lawton, OK",,OK,True,39-9011,Childcare Workers,240.0,48.6,18530.0,18530,8.91,3.1,18260.0,MSA_M2018_dl.xlsx
2018,0036420,"Oklahoma City, OK",,OK,True,39-9011,Childcare Workers,2320.0,12.4,20520.0,20520,9.86,3.4,19540.0,MSA_M2018_dl.xlsx
2018,0046140,"Tulsa, OK",,OK,True,39-9011,Childcare Workers,1900.0,17.6,21180.0,21180,10.18,3.4,19390.0,MSA_M2018_dl.xlsx
2018,0010540,"Albany, OR",,OR,True,39-9011,Childcare Workers,110.0,36.8,25190.0,25190,12.11,3.4,24110.0,MSA_M2018_dl.xlsx
2018,0013460,"Bend-Redmond, OR",,OR,True,39-9011,Childcare Workers,120.0,22.2,27320.0,27320,13.13,5.8,25280.0,MSA_M2018_dl.xlsx
2018,0018700,"Corvallis, OR",,OR,True,39-9011,Childcare Workers,120.0,38.2,23920.0,23920,11.5,3.0,23620.0,MSA_M2018_dl.xlsx
2018,0021660,"Eugene, OR",,OR,True,39-9011,Childcare Workers,620.0,44.4,26480.0,26480,12.73,2.9,24900.0,MSA_M2018_dl.xlsx
2018,0024420,"Grants Pass, OR",,OR,True,39-9011,Childcare Workers,,,24640.0,24640,11.84,3.3,24160.0,MSA_M2018_dl.xlsx
2018,0032780,"Medford, OR",,OR,True,39-9011,Childcare Workers,190.0,15.1,24700.0,24700,11.87,3.3,23500.0,MSA_M2018_dl.xlsx
2018,0038900,"Portland-Vancouver-Hillsboro, OR-WA",,OR,True,39-9011,Childcare Workers,4400.0,16.7,27810.0,27810,13.37,1.9,25540.0,MSA_M2018_dl.xlsx
2018,0041420,"Salem, OR",,OR,True,39-9011,Childcare Workers,770.0,25.8,23820.0,23820,11.45,1.6,23580.0,MSA_M2018_dl.xlsx
2018,0010900,"Allentown-Bethlehem-Easton, PA-NJ",,PA,True,39-9011,Childcare Workers,1710.0,19.5,23910.0,23910,11.49,5.2,22700.0,MSA_M2018_dl.xlsx
2018,0011020,"Altoona, PA",,PA,True,39-9011,Childcare Workers,200.0,32.7,18970.0,18970,9.12,3.0,18540.0,MSA_M2018_dl.xlsx
2018,0014100,"Bloomsburg-Berwick, PA",,PA,True,39-9011,Childcare Workers,200.0,16.7,19680.0,19680,9.46,5.8,18870.0,MSA_M2018_dl.xlsx
2018,0016540,"Chambersburg-Waynesboro, PA",,PA,True,39-9011,Childcare Workers,260.0,39.3,18170.0,18170,8.73,5.8,17800.0,MSA_M2018_dl.xlsx
2018,0020700,"East Stroudsburg, PA",,PA,True,39-9011,Childcare Workers,130.0,32.2,18970.0,18970,9.12,4.6,18490.0,MSA_M2018_dl.xlsx
2018,0021500,"Erie, PA",,PA,True,39-9011,Childcare Workers,660.0,18.6,22920.0,22920,11.02,3.7,21070.0,MSA_M2018_dl.xlsx
2018,0023900,"Gettysburg, PA",,PA,True,39-9011,Childcare Workers,,,22770.0,22770,10.95,4.8,22480.0,MSA_M2018_dl.xlsx
2018,0025420,"Harrisburg-Carlisle, PA",,PA,True,39-9011,Childcare Workers,1180.0,17.1,21950.0,21950,10.55,4.8,21560.0,MSA_M2018_dl.xlsx
2018,0027780,"Johnstown, PA",,PA,True,39-9011,Childcare Workers,440.0,15.8,18840.0,18840,9.06,3.4,18450.0,MSA_M2018_dl.xlsx
2018,0029540,"Lancaster, PA",,PA,True,39-9011,Childcare Workers,720.0,25.8,23050.0,23050,11.08,3.4,22620.0,MSA_M2018_dl.xlsx
2018,0030140,"Lebanon, PA",,PA,True,39-9011,Childcare Workers,140.0,42.9,20310.0,20310,9.77,5.6,20050.0,MSA_M2018_dl.xlsx
2018,0037980,"Philadelphia-Camden-Wilmington, PA-NJ-DE-MD",,PA,True,39-9011,Childcare Workers,13680.0,6.7,24240.0,24240,11.65,3.0,22130.0,MSA_M2018_dl.xlsx
2018,0038300,"Pittsburgh, PA",,PA,True,39-9011,Childcare Workers,5390.0,12.5,23090.0,23090,11.1,3.6,21840.0,MSA_M2018_dl.xlsx
2018,0039740,"Reading, PA",,PA,True,39-9011,Childcare Workers,640.0,24.6,21610.0,21610,10.39,3.2,19830.0,MSA_M2018_dl.xlsx
2018,0042540,"Scranton--Wilkes-Barre--Hazleton, PA",,PA,True,39-9011,Childcare Workers,880.0,34.5,21710.0,21710,10.44,3.8,20490.0,MSA_M2018_dl.xlsx
2018,0044300,"State College, PA",,PA,True,39-9011,Childcare Workers,210.0,25.1,22880.0,22880,11.0,6.9,22010.0,MSA_M2018_dl.xlsx
2018,0048700,"Williamsport, PA",,PA,True,39-9011,Childcare Workers,260.0,5.5,20260.0,20260,9.74,3.6,19130.0,MSA_M2018_dl.xlsx
2018,0049620,"York-Hanover, PA",,PA,True,39-9011,Childcare Workers,510.0,26.1,21310.0,21310,10.24,2.9,20630.0,MSA_M2018_dl.xlsx
2018,0010380,"Aguadilla-Isabela, PR",,PR,True,39-9011,Childcare Workers,50.0,25.1,17680.0,17680,8.5,3.5,17980.0,MSA_M2018_dl.xlsx
2018,0011640,"Arecibo, PR",,PR,True,39-9011,Childcare Workers,60.0,37.4,17990.0,17990,8.65,3.9,18370.0,MSA_M2018_dl.xlsx
2018,0032420,"Mayaguez, PR",,PR,True,39-9011,Childcare Workers,60.0,32.8,18050.0,18050,8.68,4.0,18350.0,MSA_M2018_dl.xlsx
2018,0038660,"Ponce, PR",,PR,True,39-9011,Childcare Workers,70.0,35.6,18000.0,18000,8.65,3.6,18250.0,MSA_M2018_dl.xlsx
2018,0041900,"San German, PR",,PR,True,39-9011,Childcare Workers,70.0,17.4,18040.0,18040,8.67,3.4,18230.0,MSA_M2018_dl.xlsx
2018,0041980,"San Juan-Carolina-Caguas, PR",,PR,True,39-9011,Childcare Workers,1130.0,19.1,18040.0,18040,8.67,2.2,17930.0,MSA_M2018_dl.xlsx
2018,0077200,"Providence-Warwick, RI-MA",,RI,True,39-9011,Childcare Workers,3090.0,15.0,27770.0,27770,13.35,2.5,25690.0,MSA_M2018_dl.xlsx
2018,0016700,"Charleston-North Charleston, SC",,SC,True,39-9011,Childcare Workers,1700.0,19.8,21060.0,21060,10.12,3.1,19900.0,MSA_M2018_dl.xlsx
2018,0017900,"Columbia, SC",,SC,True,39-9011,Childcare Workers,850.0,26.3,20900.0,20900,10.05,5.1,19710.0,MSA_M2018_dl.xlsx
2018,0022500,"Florence, SC",,SC,True,39-9011,Childcare Workers,400.0,27.5,19220.0,19220,9.24,2.9,18560.0,MSA_M2018_dl.xlsx
2018,0024860,"Greenville-Anderson-Mauldin, SC",,SC,True,39-9011,Childcare Workers,970.0,16.2,20230.0,20230,9.73,2.8,19120.0,MSA_M2018_dl.xlsx
2018,0025940,"Hilton Head Island-Bluffton-Beaufort, SC",,SC,True,39-9011,Childcare Workers,140.0,47.2,22290.0,22290,10.72,11.9,20120.0,MSA_M2018_dl.xlsx
2018,0034820,"Myrtle Beach-Conway-North Myrtle Beach, SC-NC",,SC,True,39-9011,Childcare Workers,480.0,36.5,22980.0,22980,11.05,5.2,21780.0,MSA_M2018_dl.xlsx
2018,0043900,"Spartanburg, SC",,SC,True,39-9011,Childcare Workers,130.0,42.1,25560.0,25560,12.29,12.4,20960.0,MSA_M2018_dl.xlsx
2018,0044940,"Sumter, SC",,SC,True,39-9011,Childcare Workers,220.0,39.4,19420.0,19420,9.34,4.4,18810.0,MSA_M2018_dl.xlsx
2018,0039660,"Rapid City, SD",,SD,True,39-9011,Childcare Workers,360.0,21.2,21250.0,21250,10.22,2.1,20190.0,MSA_M2018_dl.xlsx
2018,0043620,"Sioux Falls, SD",,SD,True,39-9011,Childcare Workers,1170.0,17.8,21580.0,21580,10.38,2.6,20550.0,MSA_M2018_dl.xlsx
2018,0016860,"Chattanooga, TN-GA",,TN,True,39-9011,Childcare Workers,940.0,18.6,21260.0,21260,10.22,2.3,20550.0,MSA_M2018_dl.xlsx
2018,0017300,"Clarksville, TN-KY",,TN,True,39-9011,Childcare Workers,600.0,28.3,18720.0,18720,9.0,2.5,18330.0,MSA_M2018_dl.xlsx
2018,0017420,"Cleveland, TN",,TN,True,39-9011,Childcare Workers,150.0,33.6,18090.0,18090,8.7,3.4,18000.0,MSA_M2018_dl.xlsx
2018,0027180,"Jackson, TN",,TN,True,39-9011,Childcare Workers,260.0,24.6,18420.0,18420,8.85,3.6,18170.0,MSA_M2018_dl.xlsx
2018,0027740,"Johnson City, TN",,TN,True,39-9011,Childcare Workers,200.0,22.8,22650.0,22650,10.89,2.4,20190.0,MSA_M2018_dl.xlsx
2018,0028700,"Kingsport-Bristol-Bristol, TN-VA",,TN,True,39-9011,Childcare Workers,200.0,42.6,19860.0,19860,9.55,3.7,19210.0,MSA_M2018_dl.xlsx
2018,0028940,"Knoxville, TN",,TN,True,39-9011,Childcare Workers,1530.0,20.4,19810.0,19810,9.53,2.2,18550.0,MSA_M2018_dl.xlsx
2018,0032820,"Memphis, TN-MS-AR",,TN,True,39-9011,Childcare Workers,2310.0,22.1,20900.0,20900,10.05,4.2,19230.0,MSA_M2018_dl.xlsx
2018,0034100,"Morristown, TN",,TN,True,39-9011,Childcare Workers,40.0,42.4,18980.0,18980,9.13,3.2,18350.0,MSA_M2018_dl.xlsx
2018,0034980,"Nashville-Davidson--Murfreesboro--Franklin, TN",,TN,True,39-9011,Childcare Workers,3250.0,20.2,22970.0,22970,11.04,2.3,22410.0,MSA_M2018_dl.xlsx
2018,0010180,"Abilene, TX",,TX,True,39-9011,Childcare Workers,280.0,12.2,19240.0,19240,9.25,3.0,18750.0,MSA_M2018_dl.xlsx
2018,0011100,"Amarillo, TX",,TX,True,39-9011,Childcare Workers,440.0,47.0,19110.0,19110,9.19,5.3,18670.0,MSA_M2018_dl.xlsx
2018,0012420,"Austin-Round Rock, TX",,TX,True,39-9011,Childcare Workers,4650.0,14.1,24360.0,24360,11.71,2.9,23360.0,MSA_M2018_dl.xlsx
2018,0013140,"Beaumont-Port Arthur, TX",,TX,True,39-9011,Childcare Workers,640.0,25.4,20640.0,20640,9.92,4.7,19540.0,MSA_M2018_dl.xlsx
2018,0015180,"Brownsville-Harlingen, TX",,TX,True,39-9011,Childcare Workers,780.0,32.0,19090.0,19090,9.18,2.6,18560.0,MSA_M2018_dl.xlsx
2018,0017780,"College Station-Bryan, TX",,TX,True,39-9011,Childcare Workers,340.0,29.2,20500.0,20500,9.85,6.1,18600.0,MSA_M2018_dl.xlsx
2018,0018580,"Corpus Christi, TX",,TX,True,39-9011,Childcare Workers,990.0,12.6,19840.0,19840,9.54,4.6,19610.0,MSA_M2018_dl.xlsx
2018,0019100,"Dallas-Fort Worth-Arlington, TX",,TX,True,39-9011,Childcare Workers,12500.0,10.1,22510.0,22510,10.82,3.1,20170.0,MSA_M2018_dl.xlsx
2018,0021340,"El Paso, TX",,TX,True,39-9011,Childcare Workers,1110.0,12.4,18690.0,18690,8.99,2.9,18360.0,MSA_M2018_dl.xlsx
2018,0026420,"Houston-The Woodlands-Sugar Land, TX",,TX,True,39-9011,Childcare Workers,10780.0,13.5,23840.0,23840,11.46,4.0,21380.0,MSA_M2018_dl.xlsx
2018,0028660,"Killeen-Temple, TX",,TX,True,39-9011,Childcare Workers,220.0,25.5,17830.0,17830,8.57,4.0,18180.0,MSA_M2018_dl.xlsx
2018,0029700,"Laredo, TX",,TX,True,39-9011,Childcare Workers,420.0,8.0,19450.0,19450,9.35,3.9,18670.0,MSA_M2018_dl.xlsx
2018,0030980,"Longview, TX",,TX,True,39-9011,Childcare Workers,380.0,13.8,21680.0,21680,10.42,4.6,21330.0,MSA_M2018_dl.xlsx
2018,0031180,"Lubbock, TX",,TX,True,39-9011,Childcare Workers,390.0,30.6,23560.0,23560,11.33,7.4,21890.0,MSA_M2018_dl.xlsx
2018,0032580,"McAllen-Edinburg-Mission, TX",,TX,True,39-9011,Childcare Workers,1470.0,16.0,19770.0,19770,9.5,2.7,18970.0,MSA_M2018_dl.xlsx
2018,0033260,"Midland, TX",,TX,True,39-9011,Childcare Workers,300.0,30.9,23390.0,23390,11.24,3.5,23040.0,MSA_M2018_dl.xlsx
2018,0036220,"Odessa, TX",,TX,True,39-9011,Childcare Workers,,,22500.0,22500,10.82,2.3,22110.0,MSA_M2018_dl.xlsx
2018,0041660,"San Angelo, TX",,TX,True,39-9011,Childcare Workers,270.0,35.8,19000.0,19000,9.14,3.2,18730.0,MSA_M2018_dl.xlsx
2018,0041700,"San Antonio-New Braunfels, TX",,TX,True,39-9011,Childcare Workers,4620.0,14.0,21110.0,21110,10.15,3.0,20170.0,MSA_M2018_dl.xlsx
2018,0043300,"Sherman-Denison, TX",,TX,True,39-9011,Childcare Workers,140.0,43.9,19050.0,19050,9.16,3.8,18540.0,MSA_M2018_dl.xlsx
2018,0045500,"Texarkana, TX-AR",,TX,True,39-9011,Childcare Workers,160.0,42.6,19690.0,19690,9.47,3.5,19220.0,MSA_M2018_dl.xlsx
2018,0046340,"Tyler, TX",,TX,True,39-9011,Childcare Workers,470.0,32.6,20870.0,20870,10.03,2.9,19780.0,MSA_M2018_dl.xlsx
2018,0047020,"Victoria, TX",,TX,True,39-9011,Childcare Workers,140.0,47.6,18810.0,18810,9.04,3.7,18240.0,MSA_M2018_dl.xlsx
2018,0047380,"Waco, TX",,TX,True,39-9011,Childcare Workers,530.0,31.2,20060.0,20060,9.64,3.3,18870.0,MSA_M2018_dl.xlsx
2018,0048660,"Wichita Falls, TX",,TX,True,39-9011,Childcare Workers,250.0,9.8,18440.0,18440,8.87,3.3,18210.0,MSA_M2018_dl.xlsx
2018,0030860,"Logan, UT-ID",,UT,True,39-9011,Childcare Workers,460.0,19.6,21500.0,21500,10.33,5.0,19700.0,MSA_M2018_dl.xlsx
2018,0036260,"Ogden-Clearfield, UT",,UT,True,39-9011,Childcare Workers,1100.0,13.2,19830.0,19830,9.53,3.4,18770.0,MSA_M2018_dl.xlsx
2018,0039340,"Provo-Orem, UT",,UT,True,39-9011,Childcare Workers,550.0,35.0,21680.0,21680,10.42,2.5,20340.0,MSA_M2018_dl.xlsx
2018,0041100,"St. George, UT",,UT,True,39-9011,Childcare Workers,310.0,6.1,22210.0,22210,10.68,3.9,21160.0,MSA_M2018_dl.xlsx
2018,0041620,"Salt Lake City, UT",,UT,True,39-9011,Childcare Workers,2910.0,13.4,23090.0,23090,11.1,4.4,22060.0,MSA_M2018_dl.xlsx
2018,0013980,"Blacksburg-Christiansburg-Radford, VA",,VA,True,39-9011,Childcare Workers,460.0,20.6,19920.0,19920,9.58,5.5,18920.0,MSA_M2018_dl.xlsx
2018,0016820,"Charlottesville, VA",,VA,True,39-9011,Childcare Workers,520.0,20.1,24410.0,24410,11.73,4.7,22250.0,MSA_M2018_dl.xlsx
2018,0025500,"Harrisonburg, VA",,VA,True,39-9011,Childcare Workers,180.0,20.1,19510.0,19510,9.38,3.0,18760.0,MSA_M2018_dl.xlsx
2018,0031340,"Lynchburg, VA",,VA,True,39-9011,Childcare Workers,410.0,17.9,18460.0,18460,8.87,2.6,18540.0,MSA_M2018_dl.xlsx
2018,0040060,"Richmond, VA",,VA,True,39-9011,Childcare Workers,1930.0,15.2,21490.0,21490,10.33,2.9,20180.0,MSA_M2018_dl.xlsx
2018,0040220,"Roanoke, VA",,VA,True,39-9011,Childcare Workers,640.0,23.3,19080.0,19080,9.17,2.3,18630.0,MSA_M2018_dl.xlsx
2018,0044420,"Staunton-Waynesboro, VA",,VA,True,39-9011,Childcare Workers,190.0,26.6,19560.0,19560,9.4,2.9,19040.0,MSA_M2018_dl.xlsx
2018,0047260,"Virginia Beach-Norfolk-Newport News, VA-NC",,VA,True,39-9011,Childcare Workers,2720.0,11.3,21470.0,21470,10.32,2.4,20770.0,MSA_M2018_dl.xlsx
2018,0049020,"Winchester, VA-WV",,VA,True,39-9011,Childcare Workers,50.0,35.2,23120.0,23120,11.12,4.5,21270.0,MSA_M2018_dl.xlsx
2018,0072400,"Burlington-South Burlington, VT",,VT,True,39-9011,Childcare Workers,730.0,20.1,29000.0,29000,13.94,3.6,27960.0,MSA_M2018_dl.xlsx
2018,0013380,"Bellingham, WA",,WA,True,39-9011,Childcare Workers,230.0,23.3,26640.0,26640,12.81,2.7,26030.0,MSA_M2018_dl.xlsx
2018,0014740,"Bremerton-Silverdale, WA",,WA,True,39-9011,Childcare Workers,150.0,31.5,30460.0,30460,14.64,9.5,25460.0,MSA_M2018_dl.xlsx
2018,0028420,"Kennewick-Richland, WA",,WA,True,39-9011,Childcare Workers,,,25560.0,25560,12.29,2.2,25070.0,MSA_M2018_dl.xlsx
2018,0031020,"Longview, WA",,WA,True,39-9011,Childcare Workers,30.0,11.5,28340.0,28340,13.63,4.4,24810.0,MSA_M2018_dl.xlsx
2018,0034580,"Mount Vernon-Anacortes, WA",,WA,True,39-9011,Childcare Workers,,,27340.0,27340,13.14,2.0,26140.0,MSA_M2018_dl.xlsx
2018,0036500,"Olympia-Tumwater, WA",,WA,True,39-9011,Childcare Workers,250.0,31.5,25950.0,25950,12.47,2.4,25190.0,MSA_M2018_dl.xlsx
2018,0042660,"Seattle-Tacoma-Bellevue, WA",,WA,True,39-9011,Childcare Workers,4780.0,17.7,30990.0,30990,14.9,2.1,30160.0,MSA_M2018_dl.xlsx
2018,0044060,"Spokane-Spokane Valley, WA",,WA,True,39-9011,Childcare Workers,700.0,23.9,27050.0,27050,13.01,2.2,25050.0,MSA_M2018_dl.xlsx
2018,0047460,"Walla Walla, WA",,WA,True,39-9011,Childcare Workers,60.0,36.7,28240.0,28240,13.58,9.1,24790.0,MSA_M2018_dl.xlsx
2018,0048300,"Wenatchee, WA",,WA,True,39-9011,Childcare Workers,,,26560.0,26560,12.77,3.2,24740.0,MSA_M2018_dl.xlsx
2018,0049420,"Yakima, WA",,WA,True,39-9011,Childcare Workers,310.0,29.5,26710.0,26710,12.84,3.1,24730.0,MSA_M2018_dl.xlsx
2018,0011540,"Appleton, WI",,WI,True,39-9011,Childcare Workers,290.0,11.7,20670.0,20670,9.94,5.9,18690.0,MSA_M2018_dl.xlsx
2018,0020740,"Eau Claire, WI",,WI,True,39-9011,Childcare Workers,120.0,26.0,22700.0,22700,10.91,3.6,21900.0,MSA_M2018_dl.xlsx
2018,0022540,"Fond du Lac, WI",,WI,True,39-9011,Childcare Workers,100.0,49.0,21150.0,21150,10.17,5.0,20340.0,MSA_M2018_dl.xlsx
2018,0024580,"Green Bay, WI",,WI,True,39-9011,Childcare Workers,550.0,18.3,22890.0,22890,11.01,3.9,21430.0,MSA_M2018_dl.xlsx
2018,0027500,"Janesville-Beloit, WI",,WI,True,39-9011,Childcare Workers,,,22410.0,22410,10.78,3.2,21270.0,MSA_M2018_dl.xlsx
2018,0029100,"La Crosse-Onalaska, WI-MN",,WI,True,39-9011,Childcare Workers,270.0,26.6,20350.0,20350,9.78,3.9,20160.0,MSA_M2018_dl.xlsx
2018,0031540,"Madison, WI",,WI,True,39-9011,Childcare Workers,780.0,28.6,26490.0,26490,12.74,4.8,24480.0,MSA_M2018_dl.xlsx
2018,0033340,"Milwaukee-Waukesha-West Allis, WI",,WI,True,39-9011,Childcare Workers,2260.0,16.1,21950.0,21950,10.55,3.4,21140.0,MSA_M2018_dl.xlsx
2018,0039540,"Racine, WI",,WI,True,39-9011,Childcare Workers,90.0,46.4,20470.0,20470,9.84,6.2,19060.0,MSA_M2018_dl.xlsx
2018,0043100,"Sheboygan, WI",,WI,True,39-9011,Childcare Workers,140.0,16.9,20530.0,20530,9.87,7.7,19750.0,MSA_M2018_dl.xlsx
2018,0048140,"Wausau, WI",,WI,True,39-9011,Childcare Workers,120.0,49.5,23260.0,23260,11.18,6.3,22700.0,MSA_M2018_dl.xlsx
2018,0013220,"Beckley, WV",,WV,True,39-9011,Childcare Workers,140.0,37.1,20980.0,20980,10.09,3.5,20240.0,MSA_M2018_dl.xlsx
2018,0016620,"Charleston, WV",,WV,True,39-9011,Childcare Workers,310.0,40.4,21290.0,21290,10.24,3.4,19930.0,MSA_M2018_dl.xlsx
2018,0026580,"Huntington-Ashland, WV-KY-OH",,WV,True,39-9011,Childcare Workers,500.0,16.5,20940.0,20940,10.07,2.0,19920.0,MSA_M2018_dl.xlsx
2018,0034060,"Morgantown, WV",,WV,True,39-9011,Childcare Workers,310.0,22.8,20580.0,20580,9.89,2.4,19980.0,MSA_M2018_dl.xlsx
2018,0037620,"Parkersburg-Vienna, WV",,WV,True,39-9011,Childcare Workers,170.0,9.5,21590.0,21590,10.38,3.5,20280.0,MSA_M2018_dl.xlsx
2018,0048260,"Weirton-Steubenville, WV-OH",,WV,True,39-9011,Childcare Workers,80.0,15.3,22200.0,22200,10.68,2.8,21050.0,MSA_M2018_dl.xlsx
2018,0048540,"Wheeling, WV-OH",,WV,True,39-9011,Childcare Workers,150.0,21.6,22110.0,22110,10.63,2.9,20960.0,MSA_M2018_dl.xlsx
2018,0016220,"Casper, WY",,WY,True,39-9011,Childcare Workers,240.0,22.9,23490.0,23490,11.29,6.8,23220.0,MSA_M2018_dl.xlsx
2018,0016940,"Cheyenne, WY",,WY,True,39-9011,Childcare Workers,,,19490.0,19490,9.37,3.7,18430.0,MSA_M2018_dl.xlsx
2019,0100001,Northwest Alabama nonmetropolitan area,6,,False,39-9011,Childcare Workers,220.0,29.6,18810.0,18810,9.04,6.4,18330.0,BOS_M2019_dl.xlsx
2019,0100002,Northeast Alabama nonmetropolitan area,6,,False,39-9011,Childcare Workers,400.0,38.9,27650.0,27650,13.29,3.7,28060.0,BOS_M2019_dl.xlsx
2019,0100003,Southwest Alabama nonmetropolitan area,6,,False,39-9011,Childcare Workers,,,18470.0,18470,8.88,7.1,18260.0,BOS_M2019_dl.xlsx
2019,0100004,Southeast Alabama nonmetropolitan area,6,,False,39-9011,Childcare Workers,360.0,27.3,18090.0,18090,8.7,3.3,18010.0,BOS_M2019_dl.xlsx
2019,0200006,Alaska nonmetropolitan area,6,,False,39-9011,Childcare Workers,740.0,47.6,28380.0,28380,13.65,3.1,27860.0,BOS_M2019_dl.xlsx
2019,0400001,Arizona nonmetropolitan area,6,,False,39-9011,Childcare Workers,,,27140.0,27140,13.05,3.1,24690.0,BOS_M2019_dl.xlsx
2019,0500001,North Arkansas nonmetropolitan area,6,,False,39-9011,Childcare Workers,300.0,26.5,19930.0,19930,9.58,3.9,19500.0,BOS_M2019_dl.xlsx
2019,0500002,East Arkansas nonmetropolitan area,6,,False,39-9011,Childcare Workers,730.0,31.4,20610.0,20610,9.91,3.0,19850.0,BOS_M2019_dl.xlsx
2019,0500003,West Arkansas nonmetropolitan area,6,,False,39-9011,Childcare Workers,260.0,27.4,20860.0,20860,10.03,3.8,20190.0,BOS_M2019_dl.xlsx
2019,0500004,South Arkansas nonmetropolitan area,6,,False,39-9011,Childcare Workers,380.0,44.4,21920.0,21920,10.54,3.7,20570.0,BOS_M2019_dl.xlsx
2019,0600003,North Coast Region of California nonmetropolitan area,6,,False,39-9011,Childcare Workers,330.0,29.2,28460.0,28460,13.68,2.9,26100.0,BOS_M2019_dl.xlsx
2019,0600006,Eastern Sierra-Mother Lode Region of California nonmetropolitan area,6,,False,39-9011,Childcare Workers,250.0,37.7,28540.0,28540,13.72,4.3,26300.0,BOS_M2019_dl.xlsx
2019,0600007,North Valley-Northern Mountains Region of California nonmetropolitan area,6,,False,39-9011,Childcare Workers,450.0,26.0,29130.0,29130,14.0,4.2,27430.0,BOS_M2019_dl.xlsx
2019,0800001,Eastern and Southern Colorado nonmetropolitan area,6,,False,39-9011,Childcare Workers,260.0,19.4,25970.0,25970,12.49,4.8,23710.0,BOS_M2019_dl.xlsx
2019,0800002,Southwest Colorado nonmetropolitan area,6,,False,39-9011,Childcare Workers,400.0,20.1,27830.0,27830,13.38,2.4,26640.0,BOS_M2019_dl.xlsx
2019,0800003,Northwest Colorado nonmetropolitan area,6,,False,39-9011,Childcare Workers,540.0,44.0,35100.0,35100,16.88,3.6,35570.0,BOS_M2019_dl.xlsx
2019,0900001,Connecticut nonmetropolitan area,6,,False,39-9011,Childcare Workers,110.0,23.1,31420.0,31420,15.1,3.3,31480.0,BOS_M2019_dl.xlsx
2019,1200003,South Florida nonmetropolitan area,6,,False,39-9011,Childcare Workers,,,22920.0,22920,11.02,4.5,21460.0,BOS_M2019_dl.xlsx
2019,1200006,North Florida nonmetropolitan area,6,,False,39-9011,Childcare Workers,,,19990.0,19990,9.61,4.5,19340.0,BOS_M2019_dl.xlsx
2019,1300001,North Georgia nonmetropolitan area,6,,False,39-9011,Childcare Workers,620.0,29.9,21430.0,21430,10.3,3.7,20380.0,BOS_M2019_dl.xlsx
2019,1300002,Middle Georgia nonmetropolitan area,6,,False,39-9011,Childcare Workers,550.0,15.8,21430.0,21430,10.31,10.6,18700.0,BOS_M2019_dl.xlsx
2019,1300003,East Georgia nonmetropolitan area,6,,False,39-9011,Childcare Workers,220.0,21.2,22530.0,22530,10.83,3.9,20670.0,BOS_M2019_dl.xlsx
2019,1300004,South Georgia nonmetropolitan area,6,,False,39-9011,Childcare Workers,720.0,12.7,20070.0,20070,9.65,2.7,18960.0,BOS_M2019_dl.xlsx
2019,1500001,Hawaii / Kauai nonmetropolitan area,6,,False,39-9011,Childcare Workers,,,25500.0,25500,12.26,5.8,23610.0,BOS_M2019_dl.xlsx
2019,1600006,Northwestern Idaho nonmetropolitan area,6,,False,39-9011,Childcare Workers,160.0,31.3,24030.0,24030,11.55,6.8,22770.0,BOS_M2019_dl.xlsx
2019,1600007,Southeast-Central Idaho nonmetropolitan area,6,,False,39-9011,Childcare Workers,230.0,20.4,20850.0,20850,10.02,8.5,19150.0,BOS_M2019_dl.xlsx
2019,1700001,Northwest Illinois nonmetropolitan area,6,,False,39-9011,Childcare Workers,380.0,14.9,26210.0,26210,12.6,5.1,23020.0,BOS_M2019_dl.xlsx
2019,1700002,West Central Illinois nonmetropolitan area,6,,False,39-9011,Childcare Workers,320.0,19.1,24250.0,24250,11.66,6.4,20360.0,BOS_M2019_dl.xlsx
2019,1700003,East Central Illinois nonmetropolitan area,6,,False,39-9011,Childcare Workers,410.0,20.0,21910.0,21910,10.54,4.1,20630.0,BOS_M2019_dl.xlsx
2019,1700004,South Illinois nonmetropolitan area,6,,False,39-9011,Childcare Workers,,,24620.0,24620,11.84,3.5,23670.0,BOS_M2019_dl.xlsx
2019,1800001,Northern Indiana nonmetropolitan area,6,,False,39-9011,Childcare Workers,390.0,26.8,21080.0,21080,10.13,3.7,19410.0,BOS_M2019_dl.xlsx
2019,1800002,Central Indiana nonmetropolitan area,6,,False,39-9011,Childcare Workers,430.0,25.4,21970.0,21970,10.56,3.9,20170.0,BOS_M2019_dl.xlsx
2019,1800003,Southern Indiana nonmetropolitan area,6,,False,39-9011,Childcare Workers,530.0,48.6,23500.0,23500,11.3,10.2,23430.0,BOS_M2019_dl.xlsx
2019,1900001,Northeast Iowa nonmetropolitan area,6,,False,39-9011,Childcare Workers,790.0,11.9,18430.0,18430,8.86,3.0,18290.0,BOS_M2019_dl.xlsx
2019,1900002,Northwest Iowa nonmetropolitan area,6,,False,39-9011,Childcare Workers,740.0,26.0,20130.0,20130,9.68,3.5,19360.0,BOS_M2019_dl.xlsx
2019,1900003,Southwest Iowa nonmetropolitan area,6,,False,39-9011,Childcare Workers,310.0,43.9,18510.0,18510,8.9,4.4,18160.0,BOS_M2019_dl.xlsx
2019,1900004,Southeast Iowa nonmetropolitan area,6,,False,39-9011,Childcare Workers,1280.0,11.1,19190.0,19190,9.22,3.5,18610.0,BOS_M2019_dl.xlsx
2019,2000006,Kansas nonmetropolitan area,6,,False,39-9011,Childcare Workers,1130.0,18.9,21500.0,21500,10.34,2.7,19960.0,BOS_M2019_dl.xlsx
2019,2100001,West Kentucky nonmetropolitan area,6,,False,39-9011,Childcare Workers,740.0,15.4,21100.0,21100,10.15,3.5,20290.0,BOS_M2019_dl.xlsx
2019,2100002,South Central Kentucky nonmetropolitan area,6,,False,39-9011,Childcare Workers,1040.0,22.2,20920.0,20920,10.06,4.0,20180.0,BOS_M2019_dl.xlsx
2019,2100003,Central Kentucky nonmetropolitan area,6,,False,39-9011,Childcare Workers,1230.0,23.9,22980.0,22980,11.05,3.8,22450.0,BOS_M2019_dl.xlsx
2019,2100004,East Kentucky nonmetropolitan area,6,,False,39-9011,Childcare Workers,410.0,16.5,19800.0,19800,9.52,2.0,18990.0,BOS_M2019_dl.xlsx
2019,2200002,Central Louisiana nonmetropolitan area,6,,False,39-9011,Childcare Workers,380.0,28.2,20270.0,20270,9.74,5.7,18830.0,BOS_M2019_dl.xlsx
2019,2200003,Northeast Louisiana nonmetropolitan area,6,,False,39-9011,Childcare Workers,350.0,25.6,19250.0,19250,9.25,8.8,18310.0,BOS_M2019_dl.xlsx
2019,2200006,Southwest Louisiana nonmetropolitan area,6,,False,39-9011,Childcare Workers,280.0,12.1,18070.0,18070,8.69,4.0,18240.0,BOS_M2019_dl.xlsx
2019,2300001,Northeast Maine nonmetropolitan area,6,,False,39-9011,Childcare Workers,170.0,44.5,30270.0,30270,14.55,4.0,30450.0,BOS_M2019_dl.xlsx
2019,2300002,Southwest Maine nonmetropolitan area,6,,False,39-9011,Childcare Workers,1170.0,20.5,28620.0,28620,13.76,2.2,27600.0,BOS_M2019_dl.xlsx
2019,2400006,Maryland nonmetropolitan area,6,,False,39-9011,Childcare Workers,150.0,26.5,26230.0,26230,12.61,6.9,24190.0,BOS_M2019_dl.xlsx
2019,2500006,Massachusetts nonmetropolitan area,6,,False,39-9011,Childcare Workers,130.0,34.7,29680.0,29680,14.27,4.1,26630.0,BOS_M2019_dl.xlsx
2019,2600001,Upper Peninsula of Michigan nonmetropolitan area,6,,False,39-9011,Childcare Workers,330.0,15.2,23860.0,23860,11.47,2.5,22790.0,BOS_M2019_dl.xlsx
2019,2600002,Northeast Lower Peninsula of Michigan nonmetropolitan area,6,,False,39-9011,Childcare Workers,370.0,18.4,22830.0,22830,10.98,3.4,22450.0,BOS_M2019_dl.xlsx
2019,2600003,Northwest Lower Peninsula of Michigan nonmetropolitan area,6,,False,39-9011,Childcare Workers,470.0,23.7,25540.0,25540,12.28,4.8,23780.0,BOS_M2019_dl.xlsx
2019,2600004,Balance of Lower Peninsula of Michigan nonmetropolitan area,6,,False,39-9011,Childcare Workers,1140.0,15.5,24490.0,24490,11.77,2.1,23220.0,BOS_M2019_dl.xlsx
2019,2700001,Northwest Minnesota nonmetropolitan area,6,,False,39-9011,Childcare Workers,520.0,20.4,25070.0,25070,12.05,2.6,23880.0,BOS_M2019_dl.xlsx
2019,2700002,Northeast Minnesota nonmetropolitan area,6,,False,39-9011,Childcare Workers,180.0,32.2,25620.0,25620,12.32,2.7,24390.0,BOS_M2019_dl.xlsx
2019,2700003,Southwest Minnesota nonmetropolitan area,6,,False,39-9011,Childcare Workers,460.0,15.8,26050.0,26050,12.52,2.3,24650.0,BOS_M2019_dl.xlsx
2019,2700004,Southeast Minnesota nonmetropolitan area,6,,False,39-9011,Childcare Workers,690.0,30.5,24440.0,24440,11.75,2.9,23360.0,BOS_M2019_dl.xlsx
2019,2800001,Northeast Mississippi nonmetropolitan area,6,,False,39-9011,Childcare Workers,1000.0,38.5,19380.0,19380,9.32,5.1,18730.0,BOS_M2019_dl.xlsx
2019,2800002,Northwest Mississippi nonmetropolitan area,6,,False,39-9011,Childcare Workers,780.0,20.4,17940.0,17940,8.63,3.2,18140.0,BOS_M2019_dl.xlsx
2019,2800003,Southeast Mississippi nonmetropolitan area,6,,False,39-9011,Childcare Workers,570.0,20.4,18280.0,18280,8.79,3.9,18120.0,BOS_M2019_dl.xlsx
2019,2800004,Southwest Mississippi nonmetropolitan area,6,,False,39-9011,Childcare Workers,320.0,49.3,18340.0,18340,8.82,5.5,18230.0,BOS_M2019_dl.xlsx
2019,2900001,Central Missouri nonmetropolitan area,6,,False,39-9011,Childcare Workers,790.0,16.9,21090.0,21090,10.14,5.0,19690.0,BOS_M2019_dl.xlsx
2019,2900002,North Missouri nonmetropolitan area,6,,False,39-9011,Childcare Workers,520.0,23.3,23070.0,23070,11.09,6.3,20900.0,BOS_M2019_dl.xlsx
2019,2900003,Southeast Missouri nonmetropolitan area,6,,False,39-9011,Childcare Workers,770.0,20.4,22140.0,22140,10.64,3.5,20910.0,BOS_M2019_dl.xlsx
2019,2900004,Southwest Missouri nonmetropolitan area,6,,False,39-9011,Childcare Workers,310.0,24.4,24260.0,24260,11.66,3.7,23250.0,BOS_M2019_dl.xlsx
2019,3000003,Southwest Montana nonmetropolitan area,6,,False,39-9011,Childcare Workers,770.0,17.4,25720.0,25720,12.36,4.7,25510.0,BOS_M2019_dl.xlsx
2019,3000004,West Montana nonmetropolitan area,6,,False,39-9011,Childcare Workers,590.0,28.0,23210.0,23210,11.16,3.2,22030.0,BOS_M2019_dl.xlsx
2019,3000006,East-Central Montana nonmetropolitan area,6,,False,39-9011,Childcare Workers,190.0,35.5,23550.0,23550,11.32,2.9,23210.0,BOS_M2019_dl.xlsx
2019,3100001,Northwest Nebraska nonmetropolitan area,6,,False,39-9011,Childcare Workers,190.0,13.0,23430.0,23430,11.26,4.2,21720.0,BOS_M2019_dl.xlsx
2019,3100003,Northeast Nebraska nonmetropolitan area,6,,False,39-9011,Childcare Workers,610.0,17.2,22400.0,22400,10.77,2.4,21220.0,BOS_M2019_dl.xlsx
2019,3100006,South Nebraska nonmetropolitan area,6,,False,39-9011,Childcare Workers,1130.0,20.9,23040.0,23040,11.08,2.3,22090.0,BOS_M2019_dl.xlsx
2019,3200006,Nevada nonmetropolitan area,6,,False,39-9011,Childcare Workers,350.0,8.0,24560.0,24560,11.81,2.8,23240.0,BOS_M2019_dl.xlsx
2019,3300001,Northern New Hampshire nonmetropolitan area,6,,False,39-9011,Childcare Workers,130.0,9.2,23520.0,23520,11.31,3.0,23090.0,BOS_M2019_dl.xlsx
2019,3300002,Central New Hampshire nonmetropolitan area,6,,False,39-9011,Childcare Workers,250.0,22.1,24150.0,24150,11.61,2.6,23870.0,BOS_M2019_dl.xlsx
2019,3300006,West Central-Southwest New Hampshire nonmetropolitan area,6,,False,39-9011,Childcare Workers,360.0,23.5,27550.0,27550,13.25,2.5,27180.0,BOS_M2019_dl.xlsx
2019,3500006,Northern New Mexico nonmetropolitan area,6,,False,39-9011,Childcare Workers,150.0,34.3,23460.0,23460,11.28,4.1,22390.0,BOS_M2019_dl.xlsx
2019,3500007,Eastern New Mexico nonmetropolitan area,6,,False,39-9011,Childcare Workers,600.0,15.1,20380.0,20380,9.8,3.5,19300.0,BOS_M2019_dl.xlsx
2019,3600001,Capital/Northern New York nonmetropolitan area,6,,False,39-9011,Childcare Workers,710.0,22.6,27610.0,27610,13.27,1.9,26180.0,BOS_M2019_dl.xlsx
2019,3600004,Southwest New York nonmetropolitan area,6,,False,39-9011,Childcare Workers,1230.0,18.8,26780.0,26780,12.88,2.6,24810.0,BOS_M2019_dl.xlsx
2019,3600006,Central East New York nonmetropolitan area,6,,False,39-9011,Childcare Workers,970.0,13.7,27080.0,27080,13.02,2.1,25170.0,BOS_M2019_dl.xlsx
2019,3700001,Southeast Coastal North Carolina nonmetropolitan area,6,,False,39-9011,Childcare Workers,1520.0,22.6,22060.0,22060,10.6,6.5,20440.0,BOS_M2019_dl.xlsx
2019,3700002,Northeast Coastal North Carolina nonmetropolitan area,6,,False,39-9011,Childcare Workers,230.0,21.8,25920.0,25920,12.46,3.3,26920.0,BOS_M2019_dl.xlsx
2019,3700003,Piedmont North Carolina nonmetropolitan area,6,,False,39-9011,Childcare Workers,1750.0,8.6,23310.0,23310,11.21,7.4,20410.0,BOS_M2019_dl.xlsx
2019,3700004,Mountain North Carolina nonmetropolitan area,6,,False,39-9011,Childcare Workers,570.0,18.0,27970.0,27970,13.45,6.7,24160.0,BOS_M2019_dl.xlsx
2019,3800006,West North Dakota nonmetropolitan area,6,,False,39-9011,Childcare Workers,590.0,27.4,27490.0,27490,13.22,4.1,26920.0,BOS_M2019_dl.xlsx
2019,3800007,East North Dakota nonmetropolitan area,6,,False,39-9011,Childcare Workers,490.0,2.9,24890.0,24890,11.97,11.3,23020.0,BOS_M2019_dl.xlsx
2019,3900001,West Northwestern Ohio nonmetropolitan area,6,,False,39-9011,Childcare Workers,660.0,26.2,20640.0,20640,9.92,2.1,19580.0,BOS_M2019_dl.xlsx
2019,3900002,North Northeastern Ohio non-metropolitan area (non-contiguous),6,,False,39-9011,Childcare Workers,920.0,32.5,21090.0,21090,10.14,2.9,19800.0,BOS_M2019_dl.xlsx
2019,3900003,Eastern Ohio nonmetropolitan area,6,,False,39-9011,Childcare Workers,270.0,29.8,24710.0,24710,11.88,5.4,22230.0,BOS_M2019_dl.xlsx
2019,3900004,Southern Ohio non-metropolitan area,6,,False,39-9011,Childcare Workers,550.0,26.2,20650.0,20650,9.93,3.5,19480.0,BOS_M2019_dl.xlsx
2019,4000001,Northeast Oklahoma nonmetropolitan area,6,,False,39-9011,Childcare Workers,370.0,32.9,21170.0,21170,10.18,3.3,19790.0,BOS_M2019_dl.xlsx
2019,4000002,Northwest Oklahoma nonmetropolitan area,6,,False,39-9011,Childcare Workers,290.0,22.1,19890.0,19890,9.56,3.0,19100.0,BOS_M2019_dl.xlsx
2019,4000003,Southwest Oklahoma nonmetropolitan area,6,,False,39-9011,Childcare Workers,270.0,27.8,19330.0,19330,9.29,5.5,18670.0,BOS_M2019_dl.xlsx
2019,4000004,Southeast Oklahoma nonmetropolitan area,6,,False,39-9011,Childcare Workers,960.0,28.2,20360.0,20360,9.79,3.4,19480.0,BOS_M2019_dl.xlsx
2019,4100006,Coast Oregon nonmetropolitan area,6,,False,39-9011,Childcare Workers,200.0,25.7,25340.0,25340,12.18,2.8,24740.0,BOS_M2019_dl.xlsx
2019,4100007,Central Oregon nonmetropolitan area,6,,False,39-9011,Childcare Workers,260.0,29.1,25800.0,25800,12.4,1.8,25060.0,BOS_M2019_dl.xlsx
2019,4100008,Eastern Oregon nonmetropolitan area,6,,False,39-9011,Childcare Workers,140.0,37.8,28410.0,28410,13.66,3.4,27600.0,BOS_M2019_dl.xlsx
2019,4200001,Western Pennsylvania nonmetropolitan area,6,,False,39-9011,Childcare Workers,710.0,32.5,21240.0,21240,10.21,3.2,20610.0,BOS_M2019_dl.xlsx
2019,4200002,Northern Pennsylvania nonmetropolitan area,6,,False,39-9011,Childcare Workers,660.0,27.4,22070.0,22070,10.61,4.1,21690.0,BOS_M2019_dl.xlsx
2019,4200003,Southern Pennsylvania nonmetropolitan area,6,,False,39-9011,Childcare Workers,500.0,36.6,19750.0,19750,9.5,4.7,19000.0,BOS_M2019_dl.xlsx
2019,4500002,Upper Savannah South Carolina nonmetropolitan area,6,,False,39-9011,Childcare Workers,320.0,23.4,22240.0,22240,10.69,7.6,20190.0,BOS_M2019_dl.xlsx
2019,4500004,Lower Savannah South Carolina nonmetropolitan area,6,,False,39-9011,Childcare Workers,160.0,16.8,18610.0,18610,8.95,3.6,18380.0,BOS_M2019_dl.xlsx
2019,4500006,Northeast South Carolina nonmetropolitan area,6,,False,39-9011,Childcare Workers,350.0,23.5,20130.0,20130,9.68,7.7,18740.0,BOS_M2019_dl.xlsx
2019,4600002,East South Dakota nonmetropolitan area,6,,False,39-9011,Childcare Workers,530.0,8.1,21910.0,21910,10.54,2.5,20760.0,BOS_M2019_dl.xlsx
2019,4600003,West South Dakota nonmetropolitan area,6,,False,39-9011,Childcare Workers,380.0,13.9,20970.0,20970,10.08,2.0,20050.0,BOS_M2019_dl.xlsx
2019,4700001,West Tennessee nonmetropolitan area,6,,False,39-9011,Childcare Workers,250.0,30.6,19480.0,19480,9.37,6.2,18420.0,BOS_M2019_dl.xlsx
2019,4700002,South Central Tennessee nonmetropolitan area,6,,False,39-9011,Childcare Workers,410.0,17.6,19060.0,19060,9.16,3.3,18540.0,BOS_M2019_dl.xlsx
2019,4700003,North Central Tennessee nonmetropolitan area,6,,False,39-9011,Childcare Workers,210.0,22.0,21000.0,21000,10.09,4.8,19280.0,BOS_M2019_dl.xlsx
2019,4700004,East Tennessee nonmetropolitan area,6,,False,39-9011,Childcare Workers,350.0,18.3,21590.0,21590,10.38,4.3,19900.0,BOS_M2019_dl.xlsx
2019,4800001,West Texas Region of Texas nonmetropolitan area,6,,False,39-9011,Childcare Workers,460.0,8.4,19510.0,19510,9.38,3.4,18940.0,BOS_M2019_dl.xlsx
2019,4800002,North Texas Region of Texas nonmetropolitan area,6,,False,39-9011,Childcare Workers,670.0,33.5,20300.0,20300,9.76,5.4,19020.0,BOS_M2019_dl.xlsx
2019,4800003,Big Thicket Region of Texas nonmetropolitan area,6,,False,39-9011,Childcare Workers,400.0,19.3,19640.0,19640,9.44,4.7,18980.0,BOS_M2019_dl.xlsx
2019,4800004,Hill Country Region of Texas nonmetropolitan area,6,,False,39-9011,Childcare Workers,890.0,16.9,21170.0,21170,10.18,6.3,19000.0,BOS_M2019_dl.xlsx
2019,4800005,Border Region of Texas nonmetropolitan area,6,,False,39-9011,Childcare Workers,230.0,39.0,23020.0,23020,11.07,12.4,19990.0,BOS_M2019_dl.xlsx
2019,4800006,Coastal Plains Region of Texas nonmetropolitan area,6,,False,39-9011,Childcare Workers,780.0,21.4,19720.0,19720,9.48,5.3,18840.0,BOS_M2019_dl.xlsx
2019,4900006,Eastern Utah nonmetropolitan area,6,,False,39-9011,Childcare Workers,430.0,17.3,28590.0,28590,13.74,8.0,26000.0,BOS_M2019_dl.xlsx
2019,4900007,Central Utah nonmetropolitan area,6,,False,39-9011,Childcare Workers,220.0,18.7,21160.0,21160,10.17,3.5,19690.0,BOS_M2019_dl.xlsx
2019,5000001,Southern Vermont nonmetropolitan area,6,,False,39-9011,Childcare Workers,610.0,20.8,30170.0,30170,14.51,4.1,27590.0,BOS_M2019_dl.xlsx
2019,5000002,Northern Vermont nonmetropolitan area,6,,False,39-9011,Childcare Workers,160.0,41.7,34280.0,34280,16.48,6.2,30300.0,BOS_M2019_dl.xlsx
2019,5100001,Southwest Virginia nonmetropolitan area,6,,False,39-9011,Childcare Workers,,,21860.0,21860,10.51,5.2,19380.0,BOS_M2019_dl.xlsx
2019,5100002,Southside Virginia nonmetropolitan area,6,,False,39-9011,Childcare Workers,230.0,30.7,20580.0,20580,9.89,7.9,18730.0,BOS_M2019_dl.xlsx
2019,5100003,Northeast Virginia nonmetropolitan area,6,,False,39-9011,Childcare Workers,240.0,8.8,22970.0,22970,11.04,9.4,20600.0,BOS_M2019_dl.xlsx
2019,5100004,Northwest Virginia nonmetropolitan area,6,,False,39-9011,Childcare Workers,100.0,29.6,22190.0,22190,10.67,3.7,20960.0,BOS_M2019_dl.xlsx
2019,5300006,Western Washington nonmetropolitan area,6,,False,39-9011,Childcare Workers,560.0,31.8,31780.0,31780,15.28,6.2,29750.0,BOS_M2019_dl.xlsx
2019,5300007,Eastern Washington nonmetropolitan area,6,,False,39-9011,Childcare Workers,120.0,48.6,29000.0,29000,13.94,5.1,27150.0,BOS_M2019_dl.xlsx
2019,5400001,Southern West Virginia nonmetropolitan area,6,,False,39-9011,Childcare Workers,360.0,31.2,23360.0,23360,11.23,2.8,22750.0,BOS_M2019_dl.xlsx
2019,5400002,Northern West Virginia nonmetropolitan area,6,,False,39-9011,Childcare Workers,,,21660.0,21660,10.41,4.5,20500.0,BOS_M2019_dl.xlsx
2019,5500002,Northeastern Wisconsin nonmetropolitan area,6,,False,39-9011,Childcare Workers,250.0,24.9,22570.0,22570,10.85,5.0,19970.0,BOS_M2019_dl.xlsx
2019,5500003,South Central Wisconsin nonmetropolitan area,6,,False,39-9011,Childcare Workers,210.0,48.4,23270.0,23270,11.19,3.1,22030.0,BOS_M2019_dl.xlsx
2019,5500004,Western Wisconsin nonmetropolitan area,6,,False,39-9011,Childcare Workers,270.0,47.5,25550.0,25550,12.28,5.6,25540.0,BOS_M2019_dl.xlsx
2019,5600006,Western Wyoming nonmetropolitan area,6,,False,39-9011,Childcare Workers,530.0,40.4,27210.0,27210,13.08,4.3,26440.0,BOS_M2019_dl.xlsx
2019,5600007,Eastern Wyoming nonmetropolitan area,6,,False,39-9011,Childcare Workers,470.0,28.7,24470.0,24470,11.77,3.7,23640.0,BOS_M2019_dl.xlsx
2019,0010180,"Abilene, TX",4,,True,39-9011,Childcare Workers,320.0,14.4,20690.0,20690,9.95,3.5,19450.0,MSA_M2019_dl.xlsx
2019,0010380,"Aguadilla-Isabela, PR",4,,True,39-9011,Childcare Workers,80.0,18.3,17730.0,17730,8.52,4.1,18030.0,MSA_M2019_dl.xlsx
2019,0010420,"Akron, OH",4,,True,39-9011,Childcare Workers,1050.0,40.7,24740.0,24740,11.89,7.9,22130.0,MSA_M2019_dl.xlsx
2019,0010500,"Albany, GA",4,,True,39-9011,Childcare Workers,410.0,14.4,19670.0,19670,9.46,3.9,19340.0,MSA_M2019_dl.xlsx
2019,0010540,"Albany, OR",4,,True,39-9011,Childcare Workers,170.0,19.6,25170.0,25170,12.1,3.5,24120.0,MSA_M2019_dl.xlsx
2019,0010580,"Albany-Schenectady-Troy, NY",4,,True,39-9011,Childcare Workers,3600.0,15.9,28180.0,28180,13.55,1.9,25280.0,MSA_M2019_dl.xlsx
2019,0010740,"Albuquerque, NM",4,,True,39-9011,Childcare Workers,810.0,30.3,25920.0,25920,12.46,7.8,22640.0,MSA_M2019_dl.xlsx
2019,0010780,"Alexandria, LA",4,,True,39-9011,Childcare Workers,440.0,20.1,20120.0,20120,9.67,6.2,18950.0,MSA_M2019_dl.xlsx
2019,0010900,"Allentown-Bethlehem-Easton, PA-NJ",4,,True,39-9011,Childcare Workers,1920.0,18.7,24010.0,24010,11.54,6.3,22960.0,MSA_M2019_dl.xlsx
2019,0011020,"Altoona, PA",4,,True,39-9011,Childcare Workers,290.0,32.7,20070.0,20070,9.65,3.3,19710.0,MSA_M2019_dl.xlsx
2019,0011100,"Amarillo, TX",4,,True,39-9011,Childcare Workers,550.0,9.8,21020.0,21020,10.11,4.7,19930.0,MSA_M2019_dl.xlsx
2019,0011180,"Ames, IA",4,,True,39-9011,Childcare Workers,280.0,37.8,18820.0,18820,9.05,3.7,18500.0,MSA_M2019_dl.xlsx
2019,0011260,"Anchorage, AK",4,,True,39-9011,Childcare Workers,820.0,10.0,28170.0,28170,13.54,1.6,26410.0,MSA_M2019_dl.xlsx
2019,0011460,"Ann Arbor, MI",4,,True,39-9011,Childcare Workers,490.0,24.7,24230.0,24230,11.65,1.8,23310.0,MSA_M2019_dl.xlsx
2019,0011500,"Anniston-Oxford-Jacksonville, AL",4,,True,39-9011,Childcare Workers,170.0,19.2,21440.0,21440,10.31,4.2,19550.0,MSA_M2019_dl.xlsx
2019,0011540,"Appleton, WI",4,,True,39-9011,Childcare Workers,230.0,16.2,21980.0,21980,10.57,6.7,19650.0,MSA_M2019_dl.xlsx
2019,0011640,"Arecibo, PR",4,,True,39-9011,Childcare Workers,40.0,26.3,17750.0,17750,8.54,5.7,18110.0,MSA_M2019_dl.xlsx
2019,0011700,"Asheville, NC",4,,True,39-9011,Childcare Workers,1120.0,15.1,25630.0,25630,12.32,3.2,25540.0,MSA_M2019_dl.xlsx
2019,0012020,"Athens-Clarke County, GA",4,,True,39-9011,Childcare Workers,270.0,22.7,20870.0,20870,10.03,5.0,19160.0,MSA_M2019_dl.xlsx
2019,0012060,"Atlanta-Sandy Springs-Roswell, GA",4,,True,39-9011,Childcare Workers,10430.0,14.3,22270.0,22270,10.71,5.2,19870.0,MSA_M2019_dl.xlsx
2019,0012100,"Atlantic City-Hammonton, NJ",4,,True,39-9011,Childcare Workers,220.0,19.5,28330.0,28330,13.62,2.3,28170.0,MSA_M2019_dl.xlsx
2019,0012220,"Auburn-Opelika, AL",4,,True,39-9011,Childcare Workers,350.0,36.0,20250.0,20250,9.73,3.8,19460.0,MSA_M2019_dl.xlsx
2019,0012260,"Augusta-Richmond County, GA-SC",4,,True,39-9011,Childcare Workers,1250.0,14.6,20430.0,20430,9.82,3.0,19850.0,MSA_M2019_dl.xlsx
2019,0012420,"Austin-Round Rock, TX",4,,True,39-9011,Childcare Workers,4270.0,17.7,24850.0,24850,11.95,3.3,23740.0,MSA_M2019_dl.xlsx
2019,0012540,"Bakersfield, CA",4,,True,39-9011,Childcare Workers,1400.0,18.0,29290.0,29290,14.08,2.9,27080.0,MSA_M2019_dl.xlsx
2019,0012580,"Baltimore-Columbia-Towson, MD",4,,True,39-9011,Childcare Workers,5330.0,15.1,25090.0,25090,12.06,1.4,23740.0,MSA_M2019_dl.xlsx
2019,0012940,"Baton Rouge, LA",4,,True,39-9011,Childcare Workers,1840.0,8.9,20930.0,20930,10.06,3.1,19790.0,MSA_M2019_dl.xlsx
2019,0012980,"Battle Creek, MI",4,,True,39-9011,Childcare Workers,360.0,24.7,23610.0,23610,11.35,2.0,23020.0,MSA_M2019_dl.xlsx
2019,0013140,"Beaumont-Port Arthur, TX",4,,True,39-9011,Childcare Workers,960.0,8.5,21900.0,21900,10.53,3.9,20890.0,MSA_M2019_dl.xlsx
2019,0013220,"Beckley, WV",4,,True,39-9011,Childcare Workers,150.0,14.5,21250.0,21250,10.22,3.5,20430.0,MSA_M2019_dl.xlsx
2019,0013380,"Bellingham, WA",4,,True,39-9011,Childcare Workers,160.0,16.9,27400.0,27400,13.17,2.8,27130.0,MSA_M2019_dl.xlsx
2019,0013460,"Bend-Redmond, OR",4,,True,39-9011,Childcare Workers,80.0,22.6,27630.0,27630,13.28,3.6,26030.0,MSA_M2019_dl.xlsx
2019,0013740,"Billings, MT",4,,True,39-9011,Childcare Workers,750.0,18.8,23270.0,23270,11.19,2.7,22790.0,MSA_M2019_dl.xlsx
2019,0013780,"Binghamton, NY",4,,True,39-9011,Childcare Workers,860.0,9.5,28190.0,28190,13.55,2.7,27310.0,MSA_M2019_dl.xlsx
2019,0013820,"Birmingham-Hoover, AL",4,,True,39-9011,Childcare Workers,1530.0,18.5,22110.0,22110,10.63,5.0,20240.0,MSA_M2019_dl.xlsx
2019,0013900,"Bismarck, ND",4,,True,39-9011,Childcare Workers,620.0,11.4,25400.0,25400,12.21,3.0,23730.0,MSA_M2019_dl.xlsx
2019,0013980,"Blacksburg-Christiansburg-Radford, VA",4,,True,39-9011,Childcare Workers,460.0,18.2,20840.0,20840,10.02,5.2,19570.0,MSA_M2019_dl.xlsx
2019,0014010,"Bloomington, IL",4,,True,39-9011,Childcare Workers,240.0,5.2,21040.0,21040,10.12,4.3,20150.0,MSA_M2019_dl.xlsx
2019,0014020,"Bloomington, IN",4,,True,39-9011,Childcare Workers,210.0,40.4,20580.0,20580,9.9,5.7,19760.0,MSA_M2019_dl.xlsx
2019,0014100,"Bloomsburg-Berwick, PA",4,,True,39-9011,Childcare Workers,180.0,26.3,20640.0,20640,9.93,4.4,19880.0,MSA_M2019_dl.xlsx
2019,0014260,"Boise City, ID",4,,True,39-9011,Childcare Workers,740.0,26.8,22110.0,22110,10.63,5.6,21000.0,MSA_M2019_dl.xlsx
2019,0014500,"Boulder, CO",4,,True,39-9011,Childcare Workers,830.0,26.0,31850.0,31850,15.31,4.7,30740.0,MSA_M2019_dl.xlsx
2019,0014540,"Bowling Green, KY",4,,True,39-9011,Childcare Workers,400.0,21.1,19300.0,19300,9.28,3.2,18970.0,MSA_M2019_dl.xlsx
2019,0014740,"Bremerton-Silverdale, WA",4,,True,39-9011,Childcare Workers,150.0,29.0,32700.0,32700,15.72,6.4,29180.0,MSA_M2019_dl.xlsx
2019,0015180,"Brownsville-Harlingen, TX",4,,True,39-9011,Childcare Workers,750.0,18.0,19570.0,19570,9.41,2.8,18860.0,MSA_M2019_dl.xlsx
2019,0015260,"Brunswick, GA",4,,True,39-9011,Childcare Workers,100.0,23.7,21770.0,21770,10.47,6.6,19990.0,MSA_M2019_dl.xlsx
2019,0015380,"Buffalo-Cheektowaga-Niagara Falls, NY",4,,True,39-9011,Childcare Workers,3010.0,14.4,26270.0,26270,12.63,1.5,24980.0,MSA_M2019_dl.xlsx
2019,0015500,"Burlington, NC",4,,True,39-9011,Childcare Workers,250.0,24.7,21650.0,21650,10.41,6.9,19240.0,MSA_M2019_dl.xlsx
2019,0015680,"California-Lexington Park, MD",4,,True,39-9011,Childcare Workers,130.0,22.1,25030.0,25030,12.03,3.6,23540.0,MSA_M2019_dl.xlsx
2019,0015940,"Canton-Massillon, OH",4,,True,39-9011,Childcare Workers,380.0,31.8,23540.0,23540,11.32,3.2,20920.0,MSA_M2019_dl.xlsx
2019,0015980,"Cape Coral-Fort Myers, FL",4,,True,39-9011,Childcare Workers,450.0,29.2,25230.0,25230,12.13,5.7,23180.0,MSA_M2019_dl.xlsx
2019,0016020,"Cape Girardeau, MO-IL",4,,True,39-9011,Childcare Workers,220.0,18.4,21290.0,21290,10.23,2.6,20060.0,MSA_M2019_dl.xlsx
2019,0016060,"Carbondale-Marion, IL",4,,True,39-9011,Childcare Workers,270.0,24.2,23250.0,23250,11.18,5.2,20930.0,MSA_M2019_dl.xlsx
2019,0016180,"Carson City, NV",4,,True,39-9011,Childcare Workers,90.0,45.7,22740.0,22740,10.93,9.3,20360.0,MSA_M2019_dl.xlsx
2019,0016220,"Casper, WY",4,,True,39-9011,Childcare Workers,130.0,11.5,21710.0,21710,10.44,4.3,21360.0,MSA_M2019_dl.xlsx
2019,0016300,"Cedar Rapids, IA",4,,True,39-9011,Childcare Workers,380.0,34.5,23190.0,23190,11.15,5.8,21710.0,MSA_M2019_dl.xlsx
2019,0016540,"Chambersburg-Waynesboro, PA",4,,True,39-9011,Childcare Workers,250.0,17.3,19110.0,19110,9.19,5.7,18620.0,MSA_M2019_dl.xlsx
2019,0016580,"Champaign-Urbana, IL",4,,True,39-9011,Childcare Workers,380.0,11.4,25430.0,25430,12.23,5.4,23860.0,MSA_M2019_dl.xlsx
2019,0016620,"Charleston, WV",4,,True,39-9011,Childcare Workers,400.0,21.9,22500.0,22500,10.82,8.0,20100.0,MSA_M2019_dl.xlsx
2019,0016700,"Charleston-North Charleston, SC",4,,True,39-9011,Childcare Workers,1490.0,29.9,21090.0,21090,10.14,4.1,19880.0,MSA_M2019_dl.xlsx
2019,0016740,"Charlotte-Concord-Gastonia, NC-SC",4,,True,39-9011,Childcare Workers,5480.0,6.7,23310.0,23310,11.21,2.3,22710.0,MSA_M2019_dl.xlsx
2019,0016820,"Charlottesville, VA",4,,True,39-9011,Childcare Workers,430.0,29.0,25440.0,25440,12.23,4.7,23430.0,MSA_M2019_dl.xlsx
2019,0016860,"Chattanooga, TN-GA",4,,True,39-9011,Childcare Workers,920.0,22.0,21180.0,21180,10.18,3.4,20290.0,MSA_M2019_dl.xlsx
2019,0016940,"Cheyenne, WY",4,,True,39-9011,Childcare Workers,,,21200.0,21200,10.19,7.3,19530.0,MSA_M2019_dl.xlsx
2019,0016980,"Chicago-Naperville-Elgin, IL-IN-WI",4,,True,39-9011,Childcare Workers,12830.0,6.5,25800.0,25800,12.4,1.9,23770.0,MSA_M2019_dl.xlsx
2019,0017020,"Chico, CA",4,,True,39-9011,Childcare Workers,310.0,24.7,29550.0,29550,14.21,4.0,25770.0,MSA_M2019_dl.xlsx
2019,0017140,"Cincinnati, OH-KY-IN",4,,True,39-9011,Childcare Workers,5190.0,12.7,24310.0,24310,11.69,2.3,23350.0,MSA_M2019_dl.xlsx
2019,0017300,"Clarksville, TN-KY",4,,True,39-9011,Childcare Workers,630.0,15.2,19890.0,19890,9.56,2.9,19170.0,MSA_M2019_dl.xlsx
2019,0017420,"Cleveland, TN",4,,True,39-9011,Childcare Workers,210.0,27.8,18480.0,18480,8.88,4.2,18250.0,MSA_M2019_dl.xlsx
2019,0017460,"Cleveland-Elyria, OH",4,,True,39-9011,Childcare Workers,3070.0,20.3,22930.0,22930,11.03,2.0,21360.0,MSA_M2019_dl.xlsx
2019,0017660,"Coeur d'Alene, ID",4,,True,39-9011,Childcare Workers,110.0,49.2,22510.0,22510,10.82,9.1,21640.0,MSA_M2019_dl.xlsx
2019,0017780,"College Station-Bryan, TX",4,,True,39-9011,Childcare Workers,600.0,30.9,20830.0,20830,10.01,5.6,19370.0,MSA_M2019_dl.xlsx
2019,0017820,"Colorado Springs, CO",4,,True,39-9011,Childcare Workers,810.0,21.2,28220.0,28220,13.57,3.7,26510.0,MSA_M2019_dl.xlsx
2019,0017860,"Columbia, MO",4,,True,39-9011,Childcare Workers,600.0,32.0,26800.0,26800,12.88,11.7,22730.0,MSA_M2019_dl.xlsx
2019,0017900,"Columbia, SC",4,,True,39-9011,Childcare Workers,520.0,44.9,21730.0,21730,10.45,8.9,19630.0,MSA_M2019_dl.xlsx
2019,0017980,"Columbus, GA-AL",4,,True,39-9011,Childcare Workers,470.0,15.1,21410.0,21410,10.29,3.6,19790.0,MSA_M2019_dl.xlsx
2019,0018020,"Columbus, IN",4,,True,39-9011,Childcare Workers,50.0,41.8,23940.0,23940,11.51,3.9,25050.0,MSA_M2019_dl.xlsx
2019,0018140,"Columbus, OH",4,,True,39-9011,Childcare Workers,4860.0,21.2,25030.0,25030,12.04,2.9,24890.0,MSA_M2019_dl.xlsx
2019,0018580,"Corpus Christi, TX",4,,True,39-9011,Childcare Workers,930.0,28.8,20290.0,20290,9.76,5.4,19560.0,MSA_M2019_dl.xlsx
2019,0018700,"Corvallis, OR",4,,True,39-9011,Childcare Workers,210.0,33.7,26190.0,26190,12.59,2.5,25310.0,MSA_M2019_dl.xlsx
2019,0018880,"Crestview-Fort Walton Beach-Destin, FL",4,,True,39-9011,Childcare Workers,,,20810.0,20810,10.0,4.8,20290.0,MSA_M2019_dl.xlsx
2019,0019060,"Cumberland, MD-WV",4,,True,39-9011,Childcare Workers,120.0,19.5,23460.0,23460,11.28,3.8,22220.0,MSA_M2019_dl.xlsx
2019,0019100,"Dallas-Fort Worth-Arlington, TX",4,,True,39-9011,Childcare Workers,14980.0,4.8,23880.0,23880,11.48,3.0,22300.0,MSA_M2019_dl.xlsx
2019,0019140,"Dalton, GA",4,,True,39-9011,Childcare Workers,130.0,38.5,21500.0,21500,10.34,8.3,20860.0,MSA_M2019_dl.xlsx
2019,0019180,"Danville, IL",4,,True,39-9011,Childcare Workers,,,23660.0,23660,11.38,4.9,22200.0,MSA_M2019_dl.xlsx
2019,0019300,"Daphne-Fairhope-Foley, AL",4,,True,39-9011,Childcare Workers,300.0,17.2,18680.0,18680,8.98,4.2,18310.0,MSA_M2019_dl.xlsx
2019,0019340,"Davenport-Moline-Rock Island, IA-IL",4,,True,39-9011,Childcare Workers,470.0,18.0,23250.0,23250,11.18,3.2,21390.0,MSA_M2019_dl.xlsx
2019,0019380,"Dayton, OH",4,,True,39-9011,Childcare Workers,800.0,26.7,25070.0,25070,12.06,5.5,21280.0,MSA_M2019_dl.xlsx
2019,0019460,"Decatur, AL",4,,True,39-9011,Childcare Workers,210.0,18.4,17970.0,17970,8.64,3.7,18210.0,MSA_M2019_dl.xlsx
2019,0019500,"Decatur, IL",4,,True,39-9011,Childcare Workers,40.0,13.2,22250.0,22250,10.7,6.2,19620.0,MSA_M2019_dl.xlsx
2019,0019660,"Deltona-Daytona Beach-Ormond Beach, FL",4,,True,39-9011,Childcare Workers,560.0,25.6,22750.0,22750,10.94,2.8,21820.0,MSA_M2019_dl.xlsx
2019,0019740,"Denver-Aurora-Lakewood, CO",4,,True,39-9011,Childcare Workers,6330.0,10.1,30530.0,30530,14.68,2.0,28900.0,MSA_M2019_dl.xlsx
2019,0019780,"Des Moines-West Des Moines, IA",4,,True,39-9011,Childcare Workers,1950.0,12.1,24480.0,24480,11.77,4.6,22630.0,MSA_M2019_dl.xlsx
2019,0019820,"Detroit-Warren-Dearborn, MI",4,,True,39-9011,Childcare Workers,7260.0,15.4,24700.0,24700,11.87,2.1,23090.0,MSA_M2019_dl.xlsx
2019,0020020,"Dothan, AL",4,,True,39-9011,Childcare Workers,190.0,19.3,18100.0,18100,8.7,3.9,18080.0,MSA_M2019_dl.xlsx
2019,0020100,"Dover, DE",4,,True,39-9011,Childcare Workers,60.0,42.2,25830.0,25830,12.42,9.0,22380.0,MSA_M2019_dl.xlsx
2019,0020220,"Dubuque, IA",4,,True,39-9011,Childcare Workers,300.0,29.9,20330.0,20330,9.77,3.8,19000.0,MSA_M2019_dl.xlsx
2019,0020260,"Duluth, MN-WI",4,,True,39-9011,Childcare Workers,380.0,24.5,27260.0,27260,13.1,3.7,26400.0,MSA_M2019_dl.xlsx
2019,0020500,"Durham-Chapel Hill, NC",4,,True,39-9011,Childcare Workers,1400.0,16.0,24500.0,24500,11.78,4.3,22140.0,MSA_M2019_dl.xlsx
2019,0020700,"East Stroudsburg, PA",4,,True,39-9011,Childcare Workers,180.0,29.3,18830.0,18830,9.06,5.9,18440.0,MSA_M2019_dl.xlsx
2019,0020740,"Eau Claire, WI",4,,True,39-9011,Childcare Workers,120.0,34.0,24370.0,24370,11.71,3.3,23990.0,MSA_M2019_dl.xlsx
2019,0020940,"El Centro, CA",4,,True,39-9011,Childcare Workers,290.0,22.5,26490.0,26490,12.73,3.4,25090.0,MSA_M2019_dl.xlsx
2019,0021060,"Elizabethtown-Fort Knox, KY",4,,True,39-9011,Childcare Workers,430.0,18.1,21510.0,21510,10.34,4.5,20680.0,MSA_M2019_dl.xlsx
2019,0021140,"Elkhart-Goshen, IN",4,,True,39-9011,Childcare Workers,,,22700.0,22700,10.91,5.1,19270.0,MSA_M2019_dl.xlsx
2019,0021300,"Elmira, NY",4,,True,39-9011,Childcare Workers,180.0,18.1,25020.0,25020,12.03,2.6,24240.0,MSA_M2019_dl.xlsx
2019,0021340,"El Paso, TX",4,,True,39-9011,Childcare Workers,1120.0,19.9,19330.0,19330,9.3,3.4,18700.0,MSA_M2019_dl.xlsx
2019,0021420,"Enid, OK",4,,True,39-9011,Childcare Workers,80.0,5.9,19310.0,19310,9.28,3.3,18990.0,MSA_M2019_dl.xlsx
2019,0021500,"Erie, PA",4,,True,39-9011,Childcare Workers,630.0,29.7,23370.0,23370,11.23,6.1,21310.0,MSA_M2019_dl.xlsx
2019,0021660,"Eugene, OR",4,,True,39-9011,Childcare Workers,,,28170.0,28170,13.54,2.4,27220.0,MSA_M2019_dl.xlsx
2019,0021780,"Evansville, IN-KY",4,,True,39-9011,Childcare Workers,570.0,15.3,20870.0,20870,10.04,2.4,20510.0,MSA_M2019_dl.xlsx
2019,0021820,"Fairbanks, AK",4,,True,39-9011,Childcare Workers,120.0,12.2,34210.0,34210,16.45,4.0,33560.0,MSA_M2019_dl.xlsx
2019,0022020,"Fargo, ND-MN",4,,True,39-9011,Childcare Workers,1530.0,10.3,25150.0,25150,12.09,3.5,23650.0,MSA_M2019_dl.xlsx
2019,0022140,"Farmington, NM",4,,True,39-9011,Childcare Workers,210.0,10.6,22510.0,22510,10.82,2.8,22050.0,MSA_M2019_dl.xlsx
2019,0022180,"Fayetteville, NC",4,,True,39-9011,Childcare Workers,750.0,28.8,21720.0,21720,10.44,2.5,20460.0,MSA_M2019_dl.xlsx
2019,0022220,"Fayetteville-Springdale-Rogers, AR-MO",4,,True,39-9011,Childcare Workers,1290.0,24.2,21890.0,21890,10.53,2.4,20080.0,MSA_M2019_dl.xlsx
2019,0022380,"Flagstaff, AZ",4,,True,39-9011,Childcare Workers,130.0,45.2,25960.0,25960,12.48,2.9,24810.0,MSA_M2019_dl.xlsx
2019,0022420,"Flint, MI",4,,True,39-9011,Childcare Workers,630.0,21.6,23430.0,23430,11.27,1.9,22240.0,MSA_M2019_dl.xlsx
2019,0022500,"Florence, SC",4,,True,39-9011,Childcare Workers,380.0,21.1,19330.0,19330,9.3,3.4,18750.0,MSA_M2019_dl.xlsx
2019,0022520,"Florence-Muscle Shoals, AL",4,,True,39-9011,Childcare Workers,210.0,34.1,19400.0,19400,9.33,5.7,18570.0,MSA_M2019_dl.xlsx
2019,0022540,"Fond du Lac, WI",4,,True,39-9011,Childcare Workers,90.0,31.3,20480.0,20480,9.85,4.5,19750.0,MSA_M2019_dl.xlsx
2019,0022660,"Fort Collins, CO",4,,True,39-9011,Childcare Workers,390.0,33.6,28640.0,28640,13.77,2.3,27820.0,MSA_M2019_dl.xlsx
2019,0022900,"Fort Smith, AR-OK",4,,True,39-9011,Childcare Workers,410.0,19.5,20370.0,20370,9.79,2.5,19800.0,MSA_M2019_dl.xlsx
2019,0023060,"Fort Wayne, IN",4,,True,39-9011,Childcare Workers,440.0,19.2,20440.0,20440,9.83,4.2,19020.0,MSA_M2019_dl.xlsx
2019,0023420,"Fresno, CA",4,,True,39-9011,Childcare Workers,1310.0,22.8,27490.0,27490,13.21,3.5,25480.0,MSA_M2019_dl.xlsx
2019,0023460,"Gadsden, AL",4,,True,39-9011,Childcare Workers,110.0,6.7,18470.0,18470,8.88,3.1,18520.0,MSA_M2019_dl.xlsx
2019,0023540,"Gainesville, FL",4,,True,39-9011,Childcare Workers,690.0,15.9,24820.0,24820,11.93,4.6,22760.0,MSA_M2019_dl.xlsx
2019,0023580,"Gainesville, GA",4,,True,39-9011,Childcare Workers,170.0,19.2,20080.0,20080,9.66,3.3,18700.0,MSA_M2019_dl.xlsx
2019,0023900,"Gettysburg, PA",4,,True,39-9011,Childcare Workers,150.0,33.6,24010.0,24010,11.54,4.9,23640.0,MSA_M2019_dl.xlsx
2019,0024020,"Glens Falls, NY",4,,True,39-9011,Childcare Workers,230.0,22.8,28310.0,28310,13.61,3.2,26490.0,MSA_M2019_dl.xlsx
2019,0024140,"Goldsboro, NC",4,,True,39-9011,Childcare Workers,140.0,41.7,23700.0,23700,11.39,7.6,19930.0,MSA_M2019_dl.xlsx
2019,0024220,"Grand Forks, ND-MN",4,,True,39-9011,Childcare Workers,300.0,13.8,22600.0,22600,10.87,2.2,22500.0,MSA_M2019_dl.xlsx
2019,0024260,"Grand Island, NE",4,,True,39-9011,Childcare Workers,210.0,16.7,24360.0,24360,11.71,4.3,22980.0,MSA_M2019_dl.xlsx
2019,0024300,"Grand Junction, CO",4,,True,39-9011,Childcare Workers,160.0,15.0,25830.0,25830,12.42,4.5,24400.0,MSA_M2019_dl.xlsx
2019,0024340,"Grand Rapids-Wyoming, MI",4,,True,39-9011,Childcare Workers,2080.0,12.6,24490.0,24490,11.77,1.4,23510.0,MSA_M2019_dl.xlsx
2019,0024420,"Grants Pass, OR",4,,True,39-9011,Childcare Workers,130.0,26.2,26360.0,26360,12.67,3.4,25270.0,MSA_M2019_dl.xlsx
2019,0024500,"Great Falls, MT",4,,True,39-9011,Childcare Workers,500.0,13.5,23100.0,23100,11.11,3.0,22450.0,MSA_M2019_dl.xlsx
2019,0024540,"Greeley, CO",4,,True,39-9011,Childcare Workers,200.0,37.2,26160.0,26160,12.58,4.6,24500.0,MSA_M2019_dl.xlsx
2019,0024580,"Green Bay, WI",4,,True,39-9011,Childcare Workers,590.0,16.8,24370.0,24370,11.71,3.8,23330.0,MSA_M2019_dl.xlsx
2019,0024660,"Greensboro-High Point, NC",4,,True,39-9011,Childcare Workers,1220.0,21.3,21350.0,21350,10.26,2.5,20050.0,MSA_M2019_dl.xlsx
2019,0024780,"Greenville, NC",4,,True,39-9011,Childcare Workers,,,23540.0,23540,11.32,3.7,23110.0,MSA_M2019_dl.xlsx
2019,0024860,"Greenville-Anderson-Mauldin, SC",4,,True,39-9011,Childcare Workers,820.0,15.1,20730.0,20730,9.97,3.0,19770.0,MSA_M2019_dl.xlsx
2019,0025060,"Gulfport-Biloxi-Pascagoula, MS",4,,True,39-9011,Childcare Workers,850.0,10.1,19980.0,19980,9.6,4.9,18920.0,MSA_M2019_dl.xlsx
2019,0025180,"Hagerstown-Martinsburg, MD-WV",4,,True,39-9011,Childcare Workers,330.0,28.4,25330.0,25330,12.18,3.2,24000.0,MSA_M2019_dl.xlsx
2019,0025220,"Hammond, LA",4,,True,39-9011,Childcare Workers,500.0,6.1,20660.0,20660,9.93,4.2,19340.0,MSA_M2019_dl.xlsx
2019,0025260,"Hanford-Corcoran, CA",4,,True,39-9011,Childcare Workers,350.0,36.1,27410.0,27410,13.18,4.1,26050.0,MSA_M2019_dl.xlsx
2019,0025420,"Harrisburg-Carlisle, PA",4,,True,39-9011,Childcare Workers,1340.0,18.1,24300.0,24300,11.68,4.5,24080.0,MSA_M2019_dl.xlsx
2019,0025500,"Harrisonburg, VA",4,,True,39-9011,Childcare Workers,150.0,29.7,21150.0,21150,10.17,4.5,19450.0,MSA_M2019_dl.xlsx
2019,0025620,"Hattiesburg, MS",4,,True,39-9011,Childcare Workers,330.0,45.6,19120.0,19120,9.19,2.8,18720.0,MSA_M2019_dl.xlsx
2019,0025860,"Hickory-Lenoir-Morganton, NC",4,,True,39-9011,Childcare Workers,340.0,15.3,23080.0,23080,11.09,8.0,20490.0,MSA_M2019_dl.xlsx
2019,0025940,"Hilton Head Island-Bluffton-Beaufort, SC",4,,True,39-9011,Childcare Workers,140.0,31.4,24160.0,24160,11.62,5.8,23020.0,MSA_M2019_dl.xlsx
2019,0025980,"Hinesville, GA",4,,True,39-9011,Childcare Workers,,,19430.0,19430,9.34,7.8,18800.0,MSA_M2019_dl.xlsx
2019,0026140,"Homosassa Springs, FL",4,,True,39-9011,Childcare Workers,110.0,28.8,21280.0,21280,10.23,6.4,20120.0,MSA_M2019_dl.xlsx
2019,0026300,"Hot Springs, AR",4,,True,39-9011,Childcare Workers,,,22160.0,22160,10.65,5.3,19970.0,MSA_M2019_dl.xlsx
2019,0026380,"Houma-Thibodaux, LA",4,,True,39-9011,Childcare Workers,290.0,12.9,21140.0,21140,10.16,5.2,19860.0,MSA_M2019_dl.xlsx
2019,0026420,"Houston-The Woodlands-Sugar Land, TX",4,,True,39-9011,Childcare Workers,11200.0,11.1,24890.0,24890,11.97,3.7,22210.0,MSA_M2019_dl.xlsx
2019,0026580,"Huntington-Ashland, WV-KY-OH",4,,True,39-9011,Childcare Workers,700.0,25.9,22460.0,22460,10.8,2.0,20380.0,MSA_M2019_dl.xlsx
2019,0026620,"Huntsville, AL",4,,True,39-9011,Childcare Workers,270.0,33.9,20290.0,20290,9.76,4.2,19380.0,MSA_M2019_dl.xlsx
2019,0026820,"Idaho Falls, ID",4,,True,39-9011,Childcare Workers,320.0,19.7,20370.0,20370,9.8,8.5,19140.0,MSA_M2019_dl.xlsx
2019,0026900,"Indianapolis-Carmel-Anderson, IN",4,,True,39-9011,Childcare Workers,2590.0,24.1,22830.0,22830,10.98,2.8,21870.0,MSA_M2019_dl.xlsx
2019,0026980,"Iowa City, IA",4,,True,39-9011,Childcare Workers,1130.0,23.5,22490.0,22490,10.81,5.2,21860.0,MSA_M2019_dl.xlsx
2019,0027060,"Ithaca, NY",4,,True,39-9011,Childcare Workers,380.0,12.9,29350.0,29350,14.11,3.2,28780.0,MSA_M2019_dl.xlsx
2019,0027100,"Jackson, MI",4,,True,39-9011,Childcare Workers,,,25140.0,25140,12.09,2.4,23800.0,MSA_M2019_dl.xlsx
2019,0027140,"Jackson, MS",4,,True,39-9011,Childcare Workers,1650.0,13.5,20020.0,20020,9.63,5.3,18730.0,MSA_M2019_dl.xlsx
2019,0027180,"Jackson, TN",4,,True,39-9011,Childcare Workers,230.0,23.2,19570.0,19570,9.41,4.8,18620.0,MSA_M2019_dl.xlsx
2019,0027260,"Jacksonville, FL",4,,True,39-9011,Childcare Workers,1740.0,19.7,26880.0,26880,12.92,4.9,24510.0,MSA_M2019_dl.xlsx
2019,0027340,"Jacksonville, NC",4,,True,39-9011,Childcare Workers,260.0,38.5,18690.0,18690,8.99,3.7,18430.0,MSA_M2019_dl.xlsx
2019,0027500,"Janesville-Beloit, WI",4,,True,39-9011,Childcare Workers,270.0,19.7,24320.0,24320,11.69,3.3,24160.0,MSA_M2019_dl.xlsx
2019,0027620,"Jefferson City, MO",4,,True,39-9011,Childcare Workers,550.0,28.0,22430.0,22430,10.78,3.8,20510.0,MSA_M2019_dl.xlsx
2019,0027740,"Johnson City, TN",4,,True,39-9011,Childcare Workers,220.0,21.9,20740.0,20740,9.97,2.8,19080.0,MSA_M2019_dl.xlsx
2019,0027780,"Johnstown, PA",4,,True,39-9011,Childcare Workers,330.0,25.8,19310.0,19310,9.28,5.0,18660.0,MSA_M2019_dl.xlsx
2019,0027860,"Jonesboro, AR",4,,True,39-9011,Childcare Workers,670.0,45.7,22260.0,22260,10.7,4.5,20710.0,MSA_M2019_dl.xlsx
2019,0027900,"Joplin, MO",4,,True,39-9011,Childcare Workers,280.0,15.4,21310.0,21310,10.25,4.3,19320.0,MSA_M2019_dl.xlsx
2019,0027980,"Kahului-Wailuku-Lahaina, HI",4,,True,39-9011,Childcare Workers,270.0,41.2,27910.0,27910,13.42,5.0,25370.0,MSA_M2019_dl.xlsx
2019,0028020,"Kalamazoo-Portage, MI",4,,True,39-9011,Childcare Workers,640.0,27.9,27530.0,27530,13.24,5.1,24020.0,MSA_M2019_dl.xlsx
2019,0028100,"Kankakee, IL",4,,True,39-9011,Childcare Workers,,,22260.0,22260,10.7,8.0,21280.0,MSA_M2019_dl.xlsx
2019,0028140,"Kansas City, MO-KS",4,,True,39-9011,Childcare Workers,5430.0,11.1,23390.0,23390,11.24,2.1,22470.0,MSA_M2019_dl.xlsx
2019,0028420,"Kennewick-Richland, WA",4,,True,39-9011,Childcare Workers,130.0,16.9,27480.0,27480,13.21,2.3,26500.0,MSA_M2019_dl.xlsx
2019,0028660,"Killeen-Temple, TX",4,,True,39-9011,Childcare Workers,550.0,32.7,20070.0,20070,9.65,6.2,18750.0,MSA_M2019_dl.xlsx
2019,0028700,"Kingsport-Bristol-Bristol, TN-VA",4,,True,39-9011,Childcare Workers,220.0,15.4,19910.0,19910,9.57,4.4,19190.0,MSA_M2019_dl.xlsx
2019,0028740,"Kingston, NY",4,,True,39-9011,Childcare Workers,440.0,26.4,27820.0,27820,13.37,2.5,26240.0,MSA_M2019_dl.xlsx
2019,0028940,"Knoxville, TN",4,,True,39-9011,Childcare Workers,1580.0,15.6,21470.0,21470,10.32,3.6,19970.0,MSA_M2019_dl.xlsx
2019,0029020,"Kokomo, IN",4,,True,39-9011,Childcare Workers,90.0,39.2,19110.0,19110,9.19,4.8,18790.0,MSA_M2019_dl.xlsx
2019,0029100,"La Crosse-Onalaska, WI-MN",4,,True,39-9011,Childcare Workers,340.0,13.9,23720.0,23720,11.4,6.1,21980.0,MSA_M2019_dl.xlsx
2019,0029180,"Lafayette, LA",4,,True,39-9011,Childcare Workers,1200.0,12.8,19390.0,19390,9.32,3.1,18630.0,MSA_M2019_dl.xlsx
2019,0029200,"Lafayette-West Lafayette, IN",4,,True,39-9011,Childcare Workers,520.0,26.9,25060.0,25060,12.05,3.7,23960.0,MSA_M2019_dl.xlsx
2019,0029340,"Lake Charles, LA",4,,True,39-9011,Childcare Workers,300.0,17.7,18190.0,18190,8.74,3.8,18270.0,MSA_M2019_dl.xlsx
2019,0029420,"Lake Havasu City-Kingman, AZ",4,,True,39-9011,Childcare Workers,130.0,16.2,26340.0,26340,12.66,2.1,24360.0,MSA_M2019_dl.xlsx
2019,0029460,"Lakeland-Winter Haven, FL",4,,True,39-9011,Childcare Workers,560.0,19.5,21880.0,21880,10.52,4.3,20230.0,MSA_M2019_dl.xlsx
2019,0029540,"Lancaster, PA",4,,True,39-9011,Childcare Workers,660.0,22.7,24610.0,24610,11.83,2.7,23370.0,MSA_M2019_dl.xlsx
2019,0029620,"Lansing-East Lansing, MI",4,,True,39-9011,Childcare Workers,930.0,24.2,23870.0,23870,11.48,2.2,22790.0,MSA_M2019_dl.xlsx
2019,0029700,"Laredo, TX",4,,True,39-9011,Childcare Workers,460.0,10.6,19670.0,19670,9.45,5.4,18720.0,MSA_M2019_dl.xlsx
2019,0029740,"Las Cruces, NM",4,,True,39-9011,Childcare Workers,,,20440.0,20440,9.83,5.7,19140.0,MSA_M2019_dl.xlsx
2019,0029820,"Las Vegas-Henderson-Paradise, NV",4,,True,39-9011,Childcare Workers,2700.0,11.4,22170.0,22170,10.66,6.5,21080.0,MSA_M2019_dl.xlsx
2019,0029940,"Lawrence, KS",4,,True,39-9011,Childcare Workers,220.0,28.7,21910.0,21910,10.53,2.9,21850.0,MSA_M2019_dl.xlsx
2019,0030020,"Lawton, OK",4,,True,39-9011,Childcare Workers,270.0,30.8,18400.0,18400,8.85,4.1,18210.0,MSA_M2019_dl.xlsx
2019,0030140,"Lebanon, PA",4,,True,39-9011,Childcare Workers,180.0,15.0,24640.0,24640,11.85,8.4,25660.0,MSA_M2019_dl.xlsx
2019,0030300,"Lewiston, ID-WA",4,,True,39-9011,Childcare Workers,100.0,34.7,23450.0,23450,11.27,5.6,25030.0,MSA_M2019_dl.xlsx
2019,0030460,"Lexington-Fayette, KY",4,,True,39-9011,Childcare Workers,1410.0,17.7,22450.0,22450,10.79,2.4,21430.0,MSA_M2019_dl.xlsx
2019,0030620,"Lima, OH",4,,True,39-9011,Childcare Workers,130.0,26.3,19720.0,19720,9.48,4.7,19090.0,MSA_M2019_dl.xlsx
2019,0030700,"Lincoln, NE",4,,True,39-9011,Childcare Workers,1470.0,32.9,24610.0,24610,11.83,4.1,23130.0,MSA_M2019_dl.xlsx
2019,0030780,"Little Rock-North Little Rock-Conway, AR",4,,True,39-9011,Childcare Workers,1560.0,23.7,23130.0,23130,11.12,3.2,21970.0,MSA_M2019_dl.xlsx
2019,0030860,"Logan, UT-ID",4,,True,39-9011,Childcare Workers,300.0,19.9,23080.0,23080,11.1,7.4,20300.0,MSA_M2019_dl.xlsx
2019,0030980,"Longview, TX",4,,True,39-9011,Childcare Workers,450.0,33.5,20640.0,20640,9.92,6.6,19260.0,MSA_M2019_dl.xlsx
2019,0031080,"Los Angeles-Long Beach-Anaheim, CA",4,,True,39-9011,Childcare Workers,18490.0,8.4,28670.0,28670,13.79,1.3,26160.0,MSA_M2019_dl.xlsx
2019,0031140,"Louisville/Jefferson County, KY-IN",4,,True,39-9011,Childcare Workers,3540.0,13.9,22350.0,22350,10.74,4.1,20330.0,MSA_M2019_dl.xlsx
2019,0031180,"Lubbock, TX",4,,True,39-9011,Childcare Workers,620.0,20.7,24170.0,24170,11.62,5.9,22730.0,MSA_M2019_dl.xlsx
2019,0031340,"Lynchburg, VA",4,,True,39-9011,Childcare Workers,340.0,36.3,18760.0,18760,9.02,3.5,18720.0,MSA_M2019_dl.xlsx
2019,0031420,"Macon, GA",4,,True,39-9011,Childcare Workers,,,21450.0,21450,10.31,4.4,21280.0,MSA_M2019_dl.xlsx
2019,0031460,"Madera, CA",4,,True,39-9011,Childcare Workers,,,28340.0,28340,13.63,3.0,28030.0,MSA_M2019_dl.xlsx
2019,0031540,"Madison, WI",4,,True,39-9011,Childcare Workers,830.0,32.1,26670.0,26670,12.82,9.7,25020.0,MSA_M2019_dl.xlsx
2019,0031740,"Manhattan, KS",4,,True,39-9011,Childcare Workers,320.0,6.3,20480.0,20480,9.85,4.5,20190.0,MSA_M2019_dl.xlsx
2019,0031860,"Mankato-North Mankato, MN",4,,True,39-9011,Childcare Workers,380.0,32.9,25250.0,25250,12.14,3.1,24430.0,MSA_M2019_dl.xlsx
2019,0031900,"Mansfield, OH",4,,True,39-9011,Childcare Workers,220.0,44.6,20230.0,20230,9.73,3.1,19200.0,MSA_M2019_dl.xlsx
2019,0032420,"Mayaguez, PR",4,,True,39-9011,Childcare Workers,,,21590.0,21590,10.38,4.6,21480.0,MSA_M2019_dl.xlsx
2019,0032580,"McAllen-Edinburg-Mission, TX",4,,True,39-9011,Childcare Workers,1490.0,16.0,20920.0,20920,10.06,3.5,19540.0,MSA_M2019_dl.xlsx
2019,0032780,"Medford, OR",4,,True,39-9011,Childcare Workers,200.0,16.4,27000.0,27000,12.98,4.4,25230.0,MSA_M2019_dl.xlsx
2019,0032820,"Memphis, TN-MS-AR",4,,True,39-9011,Childcare Workers,2820.0,17.0,21360.0,21360,10.27,3.5,19860.0,MSA_M2019_dl.xlsx
2019,0032900,"Merced, CA",4,,True,39-9011,Childcare Workers,160.0,26.4,31450.0,31450,15.12,5.1,29760.0,MSA_M2019_dl.xlsx
2019,0033100,"Miami-Fort Lauderdale-West Palm Beach, FL",4,,True,39-9011,Childcare Workers,10390.0,16.5,25200.0,25200,12.12,2.6,23620.0,MSA_M2019_dl.xlsx
2019,0033220,"Midland, MI",4,,True,39-9011,Childcare Workers,160.0,16.3,23170.0,23170,11.14,2.6,22080.0,MSA_M2019_dl.xlsx
2019,0033260,"Midland, TX",4,,True,39-9011,Childcare Workers,360.0,20.1,23500.0,23500,11.3,5.0,23650.0,MSA_M2019_dl.xlsx
2019,0033340,"Milwaukee-Waukesha-West Allis, WI",4,,True,39-9011,Childcare Workers,1670.0,20.2,22330.0,22330,10.73,3.5,21100.0,MSA_M2019_dl.xlsx
2019,0033460,"Minneapolis-St. Paul-Bloomington, MN-WI",4,,True,39-9011,Childcare Workers,8570.0,9.7,27470.0,27470,13.21,1.9,25990.0,MSA_M2019_dl.xlsx
2019,0033540,"Missoula, MT",4,,True,39-9011,Childcare Workers,570.0,25.2,21510.0,21510,10.34,3.1,20550.0,MSA_M2019_dl.xlsx
2019,0033660,"Mobile, AL",4,,True,39-9011,Childcare Workers,820.0,14.2,18670.0,18670,8.97,4.2,18230.0,MSA_M2019_dl.xlsx
2019,0033700,"Modesto, CA",4,,True,39-9011,Childcare Workers,810.0,17.4,30420.0,30420,14.62,3.4,28070.0,MSA_M2019_dl.xlsx
2019,0033740,"Monroe, LA",4,,True,39-9011,Childcare Workers,440.0,6.9,19100.0,19100,9.18,3.3,18800.0,MSA_M2019_dl.xlsx
2019,0033780,"Monroe, MI",4,,True,39-9011,Childcare Workers,160.0,17.4,23840.0,23840,11.46,2.2,23100.0,MSA_M2019_dl.xlsx
2019,0033860,"Montgomery, AL",4,,True,39-9011,Childcare Workers,550.0,21.7,22920.0,22920,11.02,3.5,20020.0,MSA_M2019_dl.xlsx
2019,0034060,"Morgantown, WV",4,,True,39-9011,Childcare Workers,390.0,31.4,21420.0,21420,10.3,2.8,20540.0,MSA_M2019_dl.xlsx
2019,0034100,"Morristown, TN",4,,True,39-9011,Childcare Workers,70.0,26.5,18510.0,18510,8.9,4.2,18120.0,MSA_M2019_dl.xlsx
2019,0034580,"Mount Vernon-Anacortes, WA",4,,True,39-9011,Childcare Workers,,,28520.0,28520,13.71,2.5,28060.0,MSA_M2019_dl.xlsx
2019,0034620,"Muncie, IN",4,,True,39-9011,Childcare Workers,430.0,5.1,26330.0,26330,12.66,3.3,26870.0,MSA_M2019_dl.xlsx
2019,0034740,"Muskegon, MI",4,,True,39-9011,Childcare Workers,300.0,18.6,23790.0,23790,11.44,2.5,23150.0,MSA_M2019_dl.xlsx
2019,0034820,"Myrtle Beach-Conway-North Myrtle Beach, SC-NC",4,,True,39-9011,Childcare Workers,600.0,22.9,24190.0,24190,11.63,4.9,23130.0,MSA_M2019_dl.xlsx
2019,0034900,"Napa, CA",4,,True,39-9011,Childcare Workers,240.0,31.2,31030.0,31030,14.92,4.1,29870.0,MSA_M2019_dl.xlsx
2019,0034940,"Naples-Immokalee-Marco Island, FL",4,,True,39-9011,Childcare Workers,680.0,13.1,23410.0,23410,11.26,2.3,22880.0,MSA_M2019_dl.xlsx
2019,0034980,"Nashville-Davidson--Murfreesboro--Franklin, TN",4,,True,39-9011,Childcare Workers,3450.0,13.1,24840.0,24840,11.94,4.3,23520.0,MSA_M2019_dl.xlsx
2019,0035100,"New Bern, NC",4,,True,39-9011,Childcare Workers,230.0,35.5,19440.0,19440,9.35,3.9,18760.0,MSA_M2019_dl.xlsx
2019,0035380,"New Orleans-Metairie, LA",4,,True,39-9011,Childcare Workers,1850.0,16.7,20470.0,20470,9.84,3.7,19100.0,MSA_M2019_dl.xlsx
2019,0035620,"New York-Newark-Jersey City, NY-NJ-PA",4,,True,39-9011,Childcare Workers,51960.0,5.6,30060.0,30060,14.45,1.7,29020.0,MSA_M2019_dl.xlsx
2019,0035660,"Niles-Benton Harbor, MI",4,,True,39-9011,Childcare Workers,190.0,17.6,23440.0,23440,11.27,3.0,22500.0,MSA_M2019_dl.xlsx
2019,0035840,"North Port-Sarasota-Bradenton, FL",4,,True,39-9011,Childcare Workers,530.0,27.5,24860.0,24860,11.95,3.2,24290.0,MSA_M2019_dl.xlsx
2019,0036100,"Ocala, FL",4,,True,39-9011,Childcare Workers,,,26170.0,26170,12.58,2.7,25640.0,MSA_M2019_dl.xlsx
2019,0036140,"Ocean City, NJ",4,,True,39-9011,Childcare Workers,130.0,15.5,25870.0,25870,12.44,2.3,25410.0,MSA_M2019_dl.xlsx
2019,0036220,"Odessa, TX",4,,True,39-9011,Childcare Workers,300.0,28.9,23320.0,23320,11.21,2.5,23130.0,MSA_M2019_dl.xlsx
2019,0036260,"Ogden-Clearfield, UT",4,,True,39-9011,Childcare Workers,1000.0,26.1,20950.0,20950,10.07,3.7,19490.0,MSA_M2019_dl.xlsx
2019,0036420,"Oklahoma City, OK",4,,True,39-9011,Childcare Workers,1420.0,18.3,20830.0,20830,10.01,3.0,19750.0,MSA_M2019_dl.xlsx
2019,0036500,"Olympia-Tumwater, WA",4,,True,39-9011,Childcare Workers,,,27800.0,27800,13.37,3.1,26120.0,MSA_M2019_dl.xlsx
2019,0036540,"Omaha-Council Bluffs, NE-IA",4,,True,39-9011,Childcare Workers,4910.0,10.8,24760.0,24760,11.9,2.1,23690.0,MSA_M2019_dl.xlsx
2019,0036740,"Orlando-Kissimmee-Sanford, FL",4,,True,39-9011,Childcare Workers,3000.0,13.9,22120.0,22120,10.64,2.5,20740.0,MSA_M2019_dl.xlsx
2019,0036780,"Oshkosh-Neenah, WI",4,,True,39-9011,Childcare Workers,170.0,18.1,22110.0,22110,10.63,8.2,18760.0,MSA_M2019_dl.xlsx
2019,0036980,"Owensboro, KY",4,,True,39-9011,Childcare Workers,420.0,15.5,20510.0,20510,9.86,4.4,19450.0,MSA_M2019_dl.xlsx
2019,0037100,"Oxnard-Thousand Oaks-Ventura, CA",4,,True,39-9011,Childcare Workers,1260.0,19.3,32180.0,32180,15.47,3.1,30860.0,MSA_M2019_dl.xlsx
2019,0037340,"Palm Bay-Melbourne-Titusville, FL",4,,True,39-9011,Childcare Workers,650.0,31.8,24990.0,24990,12.01,6.1,23470.0,MSA_M2019_dl.xlsx
2019,0037460,"Panama City, FL",4,,True,39-9011,Childcare Workers,300.0,27.2,21710.0,21710,10.44,4.4,20620.0,MSA_M2019_dl.xlsx
2019,0037620,"Parkersburg-Vienna, WV",4,,True,39-9011,Childcare Workers,170.0,8.9,22340.0,22340,10.74,3.7,21070.0,MSA_M2019_dl.xlsx
2019,0037860,"Pensacola-Ferry Pass-Brent, FL",4,,True,39-9011,Childcare Workers,810.0,31.7,22220.0,22220,10.68,2.6,21110.0,MSA_M2019_dl.xlsx
2019,0037900,"Peoria, IL",4,,True,39-9011,Childcare Workers,730.0,28.5,23050.0,23050,11.08,2.3,21570.0,MSA_M2019_dl.xlsx
2019,0037980,"Philadelphia-Camden-Wilmington, PA-NJ-DE-MD",4,,True,39-9011,Childcare Workers,11490.0,7.7,24980.0,24980,12.01,3.2,23120.0,MSA_M2019_dl.xlsx
2019,0038060,"Phoenix-Mesa-Scottsdale, AZ",4,,True,39-9011,Childcare Workers,6540.0,10.0,26570.0,26570,12.78,1.6,25060.0,MSA_M2019_dl.xlsx
2019,0038220,"Pine Bluff, AR",4,,True,39-9011,Childcare Workers,150.0,40.3,21860.0,21860,10.51,4.1,19670.0,MSA_M2019_dl.xlsx
2019,0038300,"Pittsburgh, PA",4,,True,39-9011,Childcare Workers,4760.0,14.0,24190.0,24190,11.63,4.0,22910.0,MSA_M2019_dl.xlsx
2019,0038540,"Pocatello, ID",4,,True,39-9011,Childcare Workers,140.0,34.3,21370.0,21370,10.28,5.2,19690.0,MSA_M2019_dl.xlsx
2019,0038660,"Ponce, PR",4,,True,39-9011,Childcare Workers,60.0,25.2,17620.0,17620,8.47,4.0,17970.0,MSA_M2019_dl.xlsx
2019,0038900,"Portland-Vancouver-Hillsboro, OR-WA",4,,True,39-9011,Childcare Workers,3360.0,20.4,29460.0,29460,14.16,2.4,27620.0,MSA_M2019_dl.xlsx
2019,0038940,"Port St. Lucie, FL",4,,True,39-9011,Childcare Workers,600.0,11.4,25260.0,25260,12.14,4.4,22720.0,MSA_M2019_dl.xlsx
2019,0039140,"Prescott, AZ",4,,True,39-9011,Childcare Workers,180.0,10.9,25370.0,25370,12.2,2.3,24620.0,MSA_M2019_dl.xlsx
2019,0039340,"Provo-Orem, UT",4,,True,39-9011,Childcare Workers,750.0,36.5,21270.0,21270,10.23,3.8,19860.0,MSA_M2019_dl.xlsx
2019,0039380,"Pueblo, CO",4,,True,39-9011,Childcare Workers,190.0,30.0,32850.0,32850,15.79,4.3,32160.0,MSA_M2019_dl.xlsx
2019,0039460,"Punta Gorda, FL",4,,True,39-9011,Childcare Workers,,,26170.0,26170,12.58,4.2,25270.0,MSA_M2019_dl.xlsx
2019,0039540,"Racine, WI",4,,True,39-9011,Childcare Workers,,,20220.0,20220,9.72,7.8,19610.0,MSA_M2019_dl.xlsx
2019,0039580,"Raleigh, NC",4,,True,39-9011,Childcare Workers,3320.0,15.3,24170.0,24170,11.62,4.3,22420.0,MSA_M2019_dl.xlsx
2019,0039660,"Rapid City, SD",4,,True,39-9011,Childcare Workers,390.0,34.7,22210.0,22210,10.68,2.6,21190.0,MSA_M2019_dl.xlsx
2019,0039740,"Reading, PA",4,,True,39-9011,Childcare Workers,680.0,26.0,23370.0,23370,11.24,6.3,21000.0,MSA_M2019_dl.xlsx
2019,0039820,"Redding, CA",4,,True,39-9011,Childcare Workers,180.0,37.1,28430.0,28430,13.67,3.1,27940.0,MSA_M2019_dl.xlsx
2019,0039900,"Reno, NV",4,,True,39-9011,Childcare Workers,930.0,20.5,25670.0,25670,12.34,6.0,24690.0,MSA_M2019_dl.xlsx
2019,0040060,"Richmond, VA",4,,True,39-9011,Childcare Workers,2470.0,18.8,22030.0,22030,10.59,2.7,20950.0,MSA_M2019_dl.xlsx
2019,0040140,"Riverside-San Bernardino-Ontario, CA",4,,True,39-9011,Childcare Workers,6310.0,14.6,29730.0,29730,14.29,3.5,26760.0,MSA_M2019_dl.xlsx
2019,0040220,"Roanoke, VA",4,,True,39-9011,Childcare Workers,650.0,23.6,19790.0,19790,9.51,2.7,18970.0,MSA_M2019_dl.xlsx
2019,0040340,"Rochester, MN",4,,True,39-9011,Childcare Workers,460.0,25.0,25950.0,25950,12.48,3.7,24350.0,MSA_M2019_dl.xlsx
2019,0040380,"Rochester, NY",4,,True,39-9011,Childcare Workers,2820.0,21.5,27660.0,27660,13.3,2.6,25330.0,MSA_M2019_dl.xlsx
2019,0040420,"Rockford, IL",4,,True,39-9011,Childcare Workers,500.0,13.8,21970.0,21970,10.56,4.1,19680.0,MSA_M2019_dl.xlsx
2019,0040580,"Rocky Mount, NC",4,,True,39-9011,Childcare Workers,190.0,30.4,22850.0,22850,10.98,5.2,20160.0,MSA_M2019_dl.xlsx
2019,0040660,"Rome, GA",4,,True,39-9011,Childcare Workers,,,18380.0,18380,8.83,6.1,18760.0,MSA_M2019_dl.xlsx
2019,0040900,"Sacramento--Roseville--Arden-Arcade, CA",4,,True,39-9011,Childcare Workers,2990.0,13.7,28280.0,28280,13.6,1.7,27070.0,MSA_M2019_dl.xlsx
2019,0040980,"Saginaw, MI",4,,True,39-9011,Childcare Workers,160.0,32.0,23340.0,23340,11.22,2.7,21500.0,MSA_M2019_dl.xlsx
2019,0041060,"St. Cloud, MN",4,,True,39-9011,Childcare Workers,430.0,21.4,23770.0,23770,11.43,2.4,23130.0,MSA_M2019_dl.xlsx
2019,0041100,"St. George, UT",4,,True,39-9011,Childcare Workers,300.0,16.0,22610.0,22610,10.87,3.7,21720.0,MSA_M2019_dl.xlsx
2019,0041140,"St. Joseph, MO-KS",4,,True,39-9011,Childcare Workers,260.0,22.0,19680.0,19680,9.46,4.7,19090.0,MSA_M2019_dl.xlsx
2019,0041180,"St. Louis, MO-IL",4,,True,39-9011,Childcare Workers,5440.0,9.9,24140.0,24140,11.61,2.9,22800.0,MSA_M2019_dl.xlsx
2019,0041420,"Salem, OR",4,,True,39-9011,Childcare Workers,790.0,32.2,25230.0,25230,12.13,1.6,24640.0,MSA_M2019_dl.xlsx
2019,0041500,"Salinas, CA",4,,True,39-9011,Childcare Workers,410.0,27.5,33040.0,33040,15.88,2.7,33530.0,MSA_M2019_dl.xlsx
2019,0041540,"Salisbury, MD-DE",4,,True,39-9011,Childcare Workers,430.0,26.0,23530.0,23530,11.31,2.1,22810.0,MSA_M2019_dl.xlsx
2019,0041620,"Salt Lake City, UT",4,,True,39-9011,Childcare Workers,2610.0,19.0,24110.0,24110,11.59,5.4,23020.0,MSA_M2019_dl.xlsx
2019,0041660,"San Angelo, TX",4,,True,39-9011,Childcare Workers,290.0,22.5,19950.0,19950,9.59,3.0,19740.0,MSA_M2019_dl.xlsx
2019,0041700,"San Antonio-New Braunfels, TX",4,,True,39-9011,Childcare Workers,5180.0,13.3,21740.0,21740,10.45,2.6,20740.0,MSA_M2019_dl.xlsx
2019,0041740,"San Diego-Carlsbad, CA",4,,True,39-9011,Childcare Workers,4470.0,13.9,29490.0,29490,14.18,2.6,28260.0,MSA_M2019_dl.xlsx
2019,0041860,"San Francisco-Oakland-Hayward, CA",4,,True,39-9011,Childcare Workers,7500.0,13.9,35590.0,35590,17.11,2.5,34970.0,MSA_M2019_dl.xlsx
2019,0041900,"San German, PR",4,,True,39-9011,Childcare Workers,60.0,4.9,19740.0,19740,9.49,2.9,19640.0,MSA_M2019_dl.xlsx
2019,0041940,"San Jose-Sunnyvale-Santa Clara, CA",4,,True,39-9011,Childcare Workers,2590.0,16.0,32920.0,32920,15.83,4.8,31230.0,MSA_M2019_dl.xlsx
2019,0041980,"San Juan-Carolina-Caguas, PR",4,,True,39-9011,Childcare Workers,1580.0,11.8,18660.0,18660,8.97,3.4,18230.0,MSA_M2019_dl.xlsx
2019,0042020,"San Luis Obispo-Paso Robles-Arroyo Grande, CA",4,,True,39-9011,Childcare Workers,300.0,28.0,27210.0,27210,13.08,3.1,25280.0,MSA_M2019_dl.xlsx
2019,0042100,"Santa Cruz-Watsonville, CA",4,,True,39-9011,Childcare Workers,330.0,43.0,28670.0,28670,13.78,2.3,28170.0,MSA_M2019_dl.xlsx
2019,0042140,"Santa Fe, NM",4,,True,39-9011,Childcare Workers,160.0,35.8,27170.0,27170,13.06,8.7,26730.0,MSA_M2019_dl.xlsx
2019,0042200,"Santa Maria-Santa Barbara, CA",4,,True,39-9011,Childcare Workers,500.0,26.6,32270.0,32270,15.52,3.7,32320.0,MSA_M2019_dl.xlsx
2019,0042220,"Santa Rosa, CA",4,,True,39-9011,Childcare Workers,1030.0,18.5,32850.0,32850,15.79,3.6,32160.0,MSA_M2019_dl.xlsx
2019,0042340,"Savannah, GA",4,,True,39-9011,Childcare Workers,990.0,39.6,18770.0,18770,9.02,3.8,18250.0,MSA_M2019_dl.xlsx
2019,0042540,"Scranton--Wilkes-Barre--Hazleton, PA",4,,True,39-9011,Childcare Workers,910.0,26.6,22050.0,22050,10.6,3.5,20970.0,MSA_M2019_dl.xlsx
2019,0042660,"Seattle-Tacoma-Bellevue, WA",4,,True,39-9011,Childcare Workers,4020.0,16.4,32860.0,32860,15.8,1.9,33180.0,MSA_M2019_dl.xlsx
2019,0042680,"Sebastian-Vero Beach, FL",4,,True,39-9011,Childcare Workers,180.0,20.8,23950.0,23950,11.51,2.8,22890.0,MSA_M2019_dl.xlsx
2019,0042700,"Sebring, FL",4,,True,39-9011,Childcare Workers,90.0,12.2,22690.0,22690,10.91,6.3,20790.0,MSA_M2019_dl.xlsx
2019,0043100,"Sheboygan, WI",4,,True,39-9011,Childcare Workers,220.0,29.2,21190.0,21190,10.19,5.1,20200.0,MSA_M2019_dl.xlsx
2019,0043300,"Sherman-Denison, TX",4,,True,39-9011,Childcare Workers,130.0,36.0,19550.0,19550,9.4,4.1,18830.0,MSA_M2019_dl.xlsx
2019,0043340,"Shreveport-Bossier City, LA",4,,True,39-9011,Childcare Workers,840.0,6.9,22140.0,22140,10.65,10.9,18780.0,MSA_M2019_dl.xlsx
2019,0043420,"Sierra Vista-Douglas, AZ",4,,True,39-9011,Childcare Workers,,,26410.0,26410,12.7,3.4,25620.0,MSA_M2019_dl.xlsx
2019,0043580,"Sioux City, IA-NE-SD",4,,True,39-9011,Childcare Workers,320.0,41.9,21390.0,21390,10.29,3.4,20400.0,MSA_M2019_dl.xlsx
2019,0043620,"Sioux Falls, SD",4,,True,39-9011,Childcare Workers,1140.0,13.7,22120.0,22120,10.63,2.4,21130.0,MSA_M2019_dl.xlsx
2019,0043780,"South Bend-Mishawaka, IN-MI",4,,True,39-9011,Childcare Workers,210.0,27.1,22140.0,22140,10.65,4.5,21560.0,MSA_M2019_dl.xlsx
2019,0043900,"Spartanburg, SC",4,,True,39-9011,Childcare Workers,330.0,38.9,18950.0,18950,9.11,9.9,17580.0,MSA_M2019_dl.xlsx
2019,0044060,"Spokane-Spokane Valley, WA",4,,True,39-9011,Childcare Workers,570.0,26.1,28660.0,28660,13.78,2.2,25890.0,MSA_M2019_dl.xlsx
2019,0044100,"Springfield, IL",4,,True,39-9011,Childcare Workers,200.0,12.5,22220.0,22220,10.68,2.2,21740.0,MSA_M2019_dl.xlsx
2019,0044180,"Springfield, MO",4,,True,39-9011,Childcare Workers,1120.0,20.8,20640.0,20640,9.92,3.8,19680.0,MSA_M2019_dl.xlsx
2019,0044220,"Springfield, OH",4,,True,39-9011,Childcare Workers,100.0,38.2,27940.0,27940,13.43,8.2,26240.0,MSA_M2019_dl.xlsx
2019,0044300,"State College, PA",4,,True,39-9011,Childcare Workers,240.0,29.7,25390.0,25390,12.21,5.1,24290.0,MSA_M2019_dl.xlsx
2019,0044420,"Staunton-Waynesboro, VA",4,,True,39-9011,Childcare Workers,260.0,43.8,27140.0,27140,13.05,9.6,30790.0,MSA_M2019_dl.xlsx
2019,0044700,"Stockton-Lodi, CA",4,,True,39-9011,Childcare Workers,1080.0,14.6,29120.0,29120,14.0,8.4,25740.0,MSA_M2019_dl.xlsx
2019,0044940,"Sumter, SC",4,,True,39-9011,Childcare Workers,210.0,22.7,20100.0,20100,9.66,5.2,19440.0,MSA_M2019_dl.xlsx
2019,0045060,"Syracuse, NY",4,,True,39-9011,Childcare Workers,1570.0,18.7,27810.0,27810,13.37,1.9,25520.0,MSA_M2019_dl.xlsx
2019,0045220,"Tallahassee, FL",4,,True,39-9011,Childcare Workers,440.0,42.2,24160.0,24160,11.62,4.3,21580.0,MSA_M2019_dl.xlsx
2019,0045300,"Tampa-St. Petersburg-Clearwater, FL",4,,True,39-9011,Childcare Workers,3900.0,29.5,24360.0,24360,11.71,3.8,22230.0,MSA_M2019_dl.xlsx
2019,0045460,"Terre Haute, IN",4,,True,39-9011,Childcare Workers,410.0,17.5,20000.0,20000,9.61,4.3,19070.0,MSA_M2019_dl.xlsx
2019,0045500,"Texarkana, TX-AR",4,,True,39-9011,Childcare Workers,220.0,43.3,20100.0,20100,9.67,5.0,19850.0,MSA_M2019_dl.xlsx
2019,0045540,"The Villages, FL",4,,True,39-9011,Childcare Workers,60.0,11.0,23880.0,23880,11.48,9.1,20400.0,MSA_M2019_dl.xlsx
2019,0045780,"Toledo, OH",4,,True,39-9011,Childcare Workers,1320.0,28.1,25600.0,25600,12.31,4.2,23000.0,MSA_M2019_dl.xlsx
2019,0045820,"Topeka, KS",4,,True,39-9011,Childcare Workers,370.0,24.6,22810.0,22810,10.97,3.6,22610.0,MSA_M2019_dl.xlsx
2019,0045940,"Trenton, NJ",4,,True,39-9011,Childcare Workers,900.0,30.5,26730.0,26730,12.85,2.8,25600.0,MSA_M2019_dl.xlsx
2019,0046060,"Tucson, AZ",4,,True,39-9011,Childcare Workers,2050.0,23.1,26460.0,26460,12.72,3.3,24560.0,MSA_M2019_dl.xlsx
2019,0046140,"Tulsa, OK",4,,True,39-9011,Childcare Workers,1800.0,19.9,20620.0,20620,9.92,3.8,19170.0,MSA_M2019_dl.xlsx
2019,0046220,"Tuscaloosa, AL",4,,True,39-9011,Childcare Workers,300.0,15.5,20570.0,20570,9.89,7.6,18990.0,MSA_M2019_dl.xlsx
2019,0046300,"Twin Falls, ID",4,,True,39-9011,Childcare Workers,,,23870.0,23870,11.47,5.0,23350.0,MSA_M2019_dl.xlsx
2019,0046340,"Tyler, TX",4,,True,39-9011,Childcare Workers,320.0,24.2,22740.0,22740,10.93,5.5,22500.0,MSA_M2019_dl.xlsx
2019,0046520,"Urban Honolulu, HI",4,,True,39-9011,Childcare Workers,1020.0,6.4,28390.0,28390,13.65,2.3,27550.0,MSA_M2019_dl.xlsx
2019,0046540,"Utica-Rome, NY",4,,True,39-9011,Childcare Workers,580.0,13.0,29520.0,29520,14.19,2.1,28790.0,MSA_M2019_dl.xlsx
2019,0046660,"Valdosta, GA",4,,True,39-9011,Childcare Workers,190.0,23.8,19150.0,19150,9.21,5.1,18240.0,MSA_M2019_dl.xlsx
2019,0046700,"Vallejo-Fairfield, CA",4,,True,39-9011,Childcare Workers,520.0,33.3,29070.0,29070,13.98,3.4,28160.0,MSA_M2019_dl.xlsx
2019,0047020,"Victoria, TX",4,,True,39-9011,Childcare Workers,150.0,49.8,19180.0,19180,9.22,3.9,18590.0,MSA_M2019_dl.xlsx
2019,0047220,"Vineland-Bridgeton, NJ",4,,True,39-9011,Childcare Workers,,,21140.0,21140,10.16,3.8,20400.0,MSA_M2019_dl.xlsx
2019,0047260,"Virginia Beach-Norfolk-Newport News, VA-NC",4,,True,39-9011,Childcare Workers,2340.0,17.3,22550.0,22550,10.84,2.3,21740.0,MSA_M2019_dl.xlsx
2019,0047300,"Visalia-Porterville, CA",4,,True,39-9011,Childcare Workers,970.0,19.1,27590.0,27590,13.27,2.6,25990.0,MSA_M2019_dl.xlsx
2019,0047380,"Waco, TX",4,,True,39-9011,Childcare Workers,520.0,28.6,22230.0,22230,10.69,4.6,20390.0,MSA_M2019_dl.xlsx
2019,0047460,"Walla Walla, WA",4,,True,39-9011,Childcare Workers,80.0,41.2,28530.0,28530,13.72,5.6,25950.0,MSA_M2019_dl.xlsx
2019,0047580,"Warner Robins, GA",4,,True,39-9011,Childcare Workers,400.0,32.6,20570.0,20570,9.89,11.9,18350.0,MSA_M2019_dl.xlsx
2019,0047900,"Washington-Arlington-Alexandria, DC-VA-MD-WV",4,,True,39-9011,Childcare Workers,10910.0,9.9,29530.0,29530,14.2,2.8,29040.0,MSA_M2019_dl.xlsx
2019,0047940,"Waterloo-Cedar Falls, IA",4,,True,39-9011,Childcare Workers,670.0,27.4,19160.0,19160,9.21,4.3,18480.0,MSA_M2019_dl.xlsx
2019,0048060,"Watertown-Fort Drum, NY",4,,True,39-9011,Childcare Workers,250.0,32.9,25400.0,25400,12.21,2.8,24310.0,MSA_M2019_dl.xlsx
2019,0048140,"Wausau, WI",4,,True,39-9011,Childcare Workers,110.0,30.4,24360.0,24360,11.71,3.8,23950.0,MSA_M2019_dl.xlsx
2019,0048260,"Weirton-Steubenville, WV-OH",4,,True,39-9011,Childcare Workers,70.0,6.0,22920.0,22920,11.02,3.0,22250.0,MSA_M2019_dl.xlsx
2019,0048300,"Wenatchee, WA",4,,True,39-9011,Childcare Workers,,,27110.0,27110,13.03,3.2,25530.0,MSA_M2019_dl.xlsx
2019,0048540,"Wheeling, WV-OH",4,,True,39-9011,Childcare Workers,140.0,35.0,22240.0,22240,10.69,2.5,21580.0,MSA_M2019_dl.xlsx
2019,0048620,"Wichita, KS",4,,True,39-9011,Childcare Workers,830.0,34.0,21960.0,21960,10.56,5.1,20260.0,MSA_M2019_dl.xlsx
2019,0048660,"Wichita Falls, TX",4,,True,39-9011,Childcare Workers,310.0,12.7,19540.0,19540,9.4,2.9,18900.0,MSA_M2019_dl.xlsx
2019,0048700,"Williamsport, PA",4,,True,39-9011,Childcare Workers,290.0,13.4,20740.0,20740,9.97,4.2,19820.0,MSA_M2019_dl.xlsx
2019,0048900,"Wilmington, NC",4,,True,39-9011,Childcare Workers,200.0,14.4,22910.0,22910,11.01,5.5,21780.0,MSA_M2019_dl.xlsx
2019,0049020,"Winchester, VA-WV",4,,True,39-9011,Childcare Workers,100.0,17.3,24390.0,24390,11.73,4.8,24650.0,MSA_M2019_dl.xlsx
2019,0049180,"Winston-Salem, NC",4,,True,39-9011,Childcare Workers,1130.0,18.7,23450.0,23450,11.27,3.8,21350.0,MSA_M2019_dl.xlsx
2019,0049420,"Yakima, WA",4,,True,39-9011,Childcare Workers,350.0,28.7,28010.0,28010,13.47,3.3,25450.0,MSA_M2019_dl.xlsx
2019,0049620,"York-Hanover, PA",4,,True,39-9011,Childcare Workers,700.0,27.1,20950.0,20950,10.07,4.3,20500.0,MSA_M2019_dl.xlsx
2019,0049660,"Youngstown-Warren-Boardman, OH-PA",4,,True,39-9011,Childcare Workers,950.0,22.3,22660.0,22660,10.9,5.2,20320.0,MSA_M2019_dl.xlsx
2019,0049700,"Yuba City, CA",4,,True,39-9011,Childcare Workers,290.0,19.4,27430.0,27430,13.19,4.2,25120.0,MSA_M2019_dl.xlsx
2019,0049740,"Yuma, AZ",4,,True,39-9011,Childcare Workers,,,24800.0,24800,11.93,4.4,24070.0,MSA_M2019_dl.xlsx
2019,0070750,"Bangor, ME",4,,True,39-9011,Childcare Workers,380.0,25.0,25830.0,25830,12.42,3.4,24310.0,MSA_M2019_dl.xlsx
2019,0070900,"Barnstable Town, MA",4,,True,39-9011,Childcare Workers,360.0,30.4,31040.0,31040,14.92,5.9,28020.0,MSA_M2019_dl.xlsx
2019,0071650,"Boston-Cambridge-Nashua, MA-NH",4,,True,39-9011,Childcare Workers,10250.0,7.9,31180.0,31180,14.99,1.3,29520.0,MSA_M2019_dl.xlsx
2019,0071950,"Bridgeport-Stamford-Norwalk, CT",4,,True,39-9011,Childcare Workers,1950.0,21.5,29370.0,29370,14.12,1.5,28080.0,MSA_M2019_dl.xlsx
2019,0072400,"Burlington-South Burlington, VT",4,,True,39-9011,Childcare Workers,,,30700.0,30700,14.76,4.1,28950.0,MSA_M2019_dl.xlsx
2019,0072850,"Danbury, CT",4,,True,39-9011,Childcare Workers,450.0,32.6,27450.0,27450,13.2,3.5,26090.0,MSA_M2019_dl.xlsx
2019,0073050,"Dover-Durham, NH-ME",4,,True,39-9011,Childcare Workers,260.0,24.3,26850.0,26850,12.91,4.5,25110.0,MSA_M2019_dl.xlsx
2019,0073450,"Hartford-West Hartford-East Hartford, CT",4,,True,39-9011,Childcare Workers,3170.0,14.4,27260.0,27260,13.11,2.2,25500.0,MSA_M2019_dl.xlsx
2019,0074500,"Leominster-Gardner, MA",4,,True,39-9011,Childcare Workers,180.0,7.8,30220.0,30220,14.53,2.0,29700.0,MSA_M2019_dl.xlsx
2019,0074650,"Lewiston-Auburn, ME",4,,True,39-9011,Childcare Workers,300.0,21.8,26180.0,26180,12.59,3.8,25200.0,MSA_M2019_dl.xlsx
2019,0074950,"Manchester, NH",4,,True,39-9011,Childcare Workers,220.0,41.0,22820.0,22820,10.97,8.4,19450.0,MSA_M2019_dl.xlsx
2019,0075550,"New Bedford, MA",4,,True,39-9011,Childcare Workers,440.0,36.4,30280.0,30280,14.56,2.2,28980.0,MSA_M2019_dl.xlsx
2019,0075700,"New Haven, CT",4,,True,39-9011,Childcare Workers,1400.0,18.4,29080.0,29080,13.98,3.0,27980.0,MSA_M2019_dl.xlsx
2019,0076450,"Norwich-New London-Westerly, CT-RI",4,,True,39-9011,Childcare Workers,770.0,12.0,27590.0,27590,13.27,3.2,25780.0,MSA_M2019_dl.xlsx
2019,0076600,"Pittsfield, MA",4,,True,39-9011,Childcare Workers,120.0,20.7,28840.0,28840,13.87,1.9,27600.0,MSA_M2019_dl.xlsx
2019,0076750,"Portland-South Portland, ME",4,,True,39-9011,Childcare Workers,640.0,35.9,28650.0,28650,13.77,4.7,27690.0,MSA_M2019_dl.xlsx
2019,0076900,"Portsmouth, NH-ME",4,,True,39-9011,Childcare Workers,180.0,30.8,24240.0,24240,11.66,4.9,23950.0,MSA_M2019_dl.xlsx
2019,0077200,"Providence-Warwick, RI-MA",4,,True,39-9011,Childcare Workers,3320.0,11.4,28330.0,28330,13.62,2.7,25970.0,MSA_M2019_dl.xlsx
2019,0078100,"Springfield, MA-CT",4,,True,39-9011,Childcare Workers,1310.0,16.0,30820.0,30820,14.82,3.5,27310.0,MSA_M2019_dl.xlsx
2019,0078700,"Waterbury, CT",4,,True,39-9011,Childcare Workers,520.0,10.6,26020.0,26020,12.51,2.5,25000.0,MSA_M2019_dl.xlsx
2019,0079600,"Worcester, MA-CT",4,,True,39-9011,Childcare Workers,1340.0,23.6,30770.0,30770,14.79,3.0,26850.0,MSA_M2019_dl.xlsx
2020,0100001,Northwest Alabama nonmetropolitan area,6,AL,False,39-9011,Childcare Workers,140.0,32.5,19200.0,19200,9.23,5.5,18760.0,BOS_M2020_dl.xlsx
2020,0100002,Northeast Alabama nonmetropolitan area,6,AL,False,39-9011,Childcare Workers,,,22640.0,22640,10.88,3.4,22590.0,BOS_M2020_dl.xlsx
2020,0100003,Southwest Alabama nonmetropolitan area,6,AL,False,39-9011,Childcare Workers,200.0,38.2,20320.0,20320,9.77,6.7,20180.0,BOS_M2020_dl.xlsx
2020,0100004,Southeast Alabama nonmetropolitan area,6,AL,False,39-9011,Childcare Workers,340.0,36.9,18700.0,18700,8.99,3.4,18600.0,BOS_M2020_dl.xlsx
2020,0200006,Alaska nonmetropolitan area,6,AK,False,39-9011,Childcare Workers,540.0,44.4,30150.0,30150,14.5,3.7,29470.0,BOS_M2020_dl.xlsx
2020,0400001,Arizona nonmetropolitan area,6,AZ,False,39-9011,Childcare Workers,140.0,21.1,26770.0,26770,12.87,3.1,25440.0,BOS_M2020_dl.xlsx
2020,0500001,North Arkansas nonmetropolitan area,6,AR,False,39-9011,Childcare Workers,330.0,31.7,21510.0,21510,10.34,3.5,20940.0,BOS_M2020_dl.xlsx
2020,0500002,East Arkansas nonmetropolitan area,6,AR,False,39-9011,Childcare Workers,630.0,36.3,22090.0,22090,10.62,2.6,21090.0,BOS_M2020_dl.xlsx
2020,0500003,West Arkansas nonmetropolitan area,6,AR,False,39-9011,Childcare Workers,210.0,49.8,22500.0,22500,10.82,3.1,21230.0,BOS_M2020_dl.xlsx
2020,0500004,South Arkansas nonmetropolitan area,6,AR,False,39-9011,Childcare Workers,410.0,46.4,24090.0,24090,11.58,2.5,23150.0,BOS_M2020_dl.xlsx
2020,0600003,North Coast Region of California nonmetropolitan area,6,CA,False,39-9011,Childcare Workers,230.0,32.5,32550.0,32550,15.65,3.6,31250.0,BOS_M2020_dl.xlsx
2020,0600006,Eastern Sierra-Mother Lode Region of California nonmetropolitan area,6,CA,False,39-9011,Childcare Workers,350.0,44.6,31350.0,31350,15.07,4.6,30610.0,BOS_M2020_dl.xlsx
2020,0600007,North Valley-Northern Mountains Region of California nonmetropolitan area,6,CA,False,39-9011,Childcare Workers,420.0,19.2,32060.0,32060,15.41,4.0,31140.0,BOS_M2020_dl.xlsx
2020,0800001,Eastern and Southern Colorado nonmetropolitan area,6,CO,False,39-9011,Childcare Workers,270.0,45.7,29250.0,29250,14.06,3.7,26420.0,BOS_M2020_dl.xlsx
2020,0800002,Southwest Colorado nonmetropolitan area,6,CO,False,39-9011,Childcare Workers,390.0,24.8,29000.0,29000,13.94,2.5,27320.0,BOS_M2020_dl.xlsx
2020,0800003,Northwest Colorado nonmetropolitan area,6,CO,False,39-9011,Childcare Workers,580.0,18.4,34770.0,34770,16.72,5.1,33190.0,BOS_M2020_dl.xlsx
2020,0900001,Connecticut nonmetropolitan area,6,CT,False,39-9011,Childcare Workers,100.0,23.2,31620.0,31620,15.2,4.4,30450.0,BOS_M2020_dl.xlsx
2020,1200003,South Florida nonmetropolitan area,6,FL,False,39-9011,Childcare Workers,,,21940.0,21940,10.55,5.1,19690.0,BOS_M2020_dl.xlsx
2020,1200006,North Florida nonmetropolitan area,6,FL,False,39-9011,Childcare Workers,320.0,46.8,20810.0,20810,10.0,5.2,19970.0,BOS_M2020_dl.xlsx
2020,1300001,North Georgia nonmetropolitan area,6,GA,False,39-9011,Childcare Workers,560.0,24.3,23530.0,23530,11.31,3.0,23330.0,BOS_M2020_dl.xlsx
2020,1300002,Middle Georgia nonmetropolitan area,6,GA,False,39-9011,Childcare Workers,330.0,38.6,18470.0,18470,8.88,3.5,18590.0,BOS_M2020_dl.xlsx
2020,1300003,East Georgia nonmetropolitan area,6,GA,False,39-9011,Childcare Workers,120.0,37.6,25950.0,25950,12.48,5.7,24110.0,BOS_M2020_dl.xlsx
2020,1300004,South Georgia nonmetropolitan area,6,GA,False,39-9011,Childcare Workers,590.0,33.9,20670.0,20670,9.94,3.7,19410.0,BOS_M2020_dl.xlsx
2020,1500001,Hawaii / Kauai nonmetropolitan area,6,HI,False,39-9011,Childcare Workers,380.0,30.1,26010.0,26010,12.51,6.9,24110.0,BOS_M2020_dl.xlsx
2020,1600006,Northwestern Idaho nonmetropolitan area,6,ID,False,39-9011,Childcare Workers,160.0,30.3,25260.0,25260,12.14,8.9,23910.0,BOS_M2020_dl.xlsx
2020,1600007,Southeast-Central Idaho nonmetropolitan area,6,ID,False,39-9011,Childcare Workers,210.0,22.8,22040.0,22040,10.6,10.8,19810.0,BOS_M2020_dl.xlsx
2020,1700001,Northwest Illinois nonmetropolitan area,6,IL,False,39-9011,Childcare Workers,230.0,25.4,26290.0,26290,12.64,6.3,23350.0,BOS_M2020_dl.xlsx
2020,1700002,West Central Illinois nonmetropolitan area,6,IL,False,39-9011,Childcare Workers,320.0,25.0,25960.0,25960,12.48,4.8,23110.0,BOS_M2020_dl.xlsx
2020,1700003,East Central Illinois nonmetropolitan area,6,IL,False,39-9011,Childcare Workers,470.0,11.1,22720.0,22720,10.92,3.6,21350.0,BOS_M2020_dl.xlsx
2020,1700004,South Illinois nonmetropolitan area,6,IL,False,39-9011,Childcare Workers,270.0,43.7,24210.0,24210,11.64,3.7,23380.0,BOS_M2020_dl.xlsx
2020,1800001,Northern Indiana nonmetropolitan area,6,IN,False,39-9011,Childcare Workers,430.0,30.2,21010.0,21010,10.1,2.8,19600.0,BOS_M2020_dl.xlsx
2020,1800002,Central Indiana nonmetropolitan area,6,IN,False,39-9011,Childcare Workers,440.0,26.4,22880.0,22880,11.0,3.9,21010.0,BOS_M2020_dl.xlsx
2020,1800003,Southern Indiana nonmetropolitan area,6,IN,False,39-9011,Childcare Workers,,,19020.0,19020,9.14,4.8,18300.0,BOS_M2020_dl.xlsx
2020,1900001,Northeast Iowa nonmetropolitan area,6,IA,False,39-9011,Childcare Workers,590.0,29.2,19210.0,19210,9.24,3.4,18850.0,BOS_M2020_dl.xlsx
2020,1900002,Northwest Iowa nonmetropolitan area,6,IA,False,39-9011,Childcare Workers,600.0,22.1,21240.0,21240,10.21,4.2,20010.0,BOS_M2020_dl.xlsx
2020,1900003,Southwest Iowa nonmetropolitan area,6,IA,False,39-9011,Childcare Workers,330.0,34.8,19970.0,19970,9.6,4.3,19330.0,BOS_M2020_dl.xlsx
2020,1900004,Southeast Iowa nonmetropolitan area,6,IA,False,39-9011,Childcare Workers,860.0,17.0,20060.0,20060,9.64,3.8,19320.0,BOS_M2020_dl.xlsx
2020,2000006,Kansas nonmetropolitan area,6,KS,False,39-9011,Childcare Workers,1110.0,15.9,22650.0,22650,10.89,5.2,20810.0,BOS_M2020_dl.xlsx
2020,2100001,West Kentucky nonmetropolitan area,6,KY,False,39-9011,Childcare Workers,700.0,21.0,22180.0,22180,10.66,3.2,21810.0,BOS_M2020_dl.xlsx
2020,2100002,South Central Kentucky nonmetropolitan area,6,KY,False,39-9011,Childcare Workers,880.0,7.7,20460.0,20460,9.84,2.3,19620.0,BOS_M2020_dl.xlsx
2020,2100003,Central Kentucky nonmetropolitan area,6,KY,False,39-9011,Childcare Workers,1040.0,9.2,23740.0,23740,11.41,4.9,23440.0,BOS_M2020_dl.xlsx
2020,2100004,East Kentucky nonmetropolitan area,6,KY,False,39-9011,Childcare Workers,300.0,14.3,20570.0,20570,9.89,2.2,19290.0,BOS_M2020_dl.xlsx
2020,2200002,Central Louisiana nonmetropolitan area,6,LA,False,39-9011,Childcare Workers,290.0,21.0,21640.0,21640,10.4,6.5,19690.0,BOS_M2020_dl.xlsx
2020,2200003,Northeast Louisiana nonmetropolitan area,6,LA,False,39-9011,Childcare Workers,280.0,15.5,20040.0,20040,9.64,7.9,18990.0,BOS_M2020_dl.xlsx
2020,2200006,Southwest Louisiana nonmetropolitan area,6,LA,False,39-9011,Childcare Workers,260.0,12.3,18780.0,18780,9.03,5.1,18660.0,BOS_M2020_dl.xlsx
2020,2300001,Northeast Maine nonmetropolitan area,6,ME,False,39-9011,Childcare Workers,,,32700.0,32700,15.72,5.6,33760.0,BOS_M2020_dl.xlsx
2020,2300002,Southwest Maine nonmetropolitan area,6,ME,False,39-9011,Childcare Workers,750.0,32.3,30570.0,30570,14.69,2.0,29450.0,BOS_M2020_dl.xlsx
2020,2400006,Maryland nonmetropolitan area,6,MD,False,39-9011,Childcare Workers,140.0,25.2,26920.0,26920,12.94,5.1,24660.0,BOS_M2020_dl.xlsx
2020,2500006,Massachusetts nonmetropolitan area,6,MA,False,39-9011,Childcare Workers,90.0,35.9,32110.0,32110,15.44,2.9,29770.0,BOS_M2020_dl.xlsx
2020,2600001,Upper Peninsula of Michigan nonmetropolitan area,6,MI,False,39-9011,Childcare Workers,310.0,10.5,24330.0,24330,11.7,2.5,23510.0,BOS_M2020_dl.xlsx
2020,2600002,Northeast Lower Peninsula of Michigan nonmetropolitan area,6,MI,False,39-9011,Childcare Workers,320.0,7.1,23870.0,23870,11.47,4.5,23640.0,BOS_M2020_dl.xlsx
2020,2600003,Northwest Lower Peninsula of Michigan nonmetropolitan area,6,MI,False,39-9011,Childcare Workers,310.0,35.5,27450.0,27450,13.2,3.6,27420.0,BOS_M2020_dl.xlsx
2020,2600004,Balance of Lower Peninsula of Michigan nonmetropolitan area,6,MI,False,39-9011,Childcare Workers,770.0,17.0,24930.0,24930,11.99,3.0,23700.0,BOS_M2020_dl.xlsx
2020,2700001,Northwest Minnesota nonmetropolitan area,6,MN,False,39-9011,Childcare Workers,270.0,17.3,27140.0,27140,13.05,2.9,25120.0,BOS_M2020_dl.xlsx
2020,2700002,Northeast Minnesota nonmetropolitan area,6,MN,False,39-9011,Childcare Workers,70.0,18.1,25490.0,25490,12.25,3.9,24720.0,BOS_M2020_dl.xlsx
2020,2700003,Southwest Minnesota nonmetropolitan area,6,MN,False,39-9011,Childcare Workers,420.0,23.1,27970.0,27970,13.45,2.8,26370.0,BOS_M2020_dl.xlsx
2020,2700004,Southeast Minnesota nonmetropolitan area,6,MN,False,39-9011,Childcare Workers,620.0,20.7,26030.0,26030,12.51,3.8,23970.0,BOS_M2020_dl.xlsx
2020,2800001,Northeast Mississippi nonmetropolitan area,6,MS,False,39-9011,Childcare Workers,930.0,44.4,20670.0,20670,9.94,5.9,19430.0,BOS_M2020_dl.xlsx
2020,2800002,Northwest Mississippi nonmetropolitan area,6,MS,False,39-9011,Childcare Workers,700.0,23.6,18550.0,18550,8.92,3.6,18330.0,BOS_M2020_dl.xlsx
2020,2800003,Southeast Mississippi nonmetropolitan area,6,MS,False,39-9011,Childcare Workers,490.0,29.8,20230.0,20230,9.73,5.4,18540.0,BOS_M2020_dl.xlsx
2020,2800004,Southwest Mississippi nonmetropolitan area,6,MS,False,39-9011,Childcare Workers,350.0,39.1,19090.0,19090,9.18,6.1,18850.0,BOS_M2020_dl.xlsx
2020,2900001,Central Missouri nonmetropolitan area,6,MO,False,39-9011,Childcare Workers,760.0,12.1,23310.0,23310,11.21,3.9,20640.0,BOS_M2020_dl.xlsx
2020,2900002,North Missouri nonmetropolitan area,6,MO,False,39-9011,Childcare Workers,520.0,30.0,25730.0,25730,12.37,5.0,24240.0,BOS_M2020_dl.xlsx
2020,2900003,Southeast Missouri nonmetropolitan area,6,MO,False,39-9011,Childcare Workers,,,24610.0,24610,11.83,3.5,21070.0,BOS_M2020_dl.xlsx
2020,2900004,Southwest Missouri nonmetropolitan area,6,MO,False,39-9011,Childcare Workers,240.0,27.7,25550.0,25550,12.29,3.1,24200.0,BOS_M2020_dl.xlsx
2020,3000003,Southwest Montana nonmetropolitan area,6,MT,False,39-9011,Childcare Workers,550.0,12.2,24420.0,24420,11.74,4.3,22830.0,BOS_M2020_dl.xlsx
2020,3000004,West Montana nonmetropolitan area,6,MT,False,39-9011,Childcare Workers,460.0,32.6,24310.0,24310,11.69,3.5,23100.0,BOS_M2020_dl.xlsx
2020,3000006,East-Central Montana nonmetropolitan area,6,MT,False,39-9011,Childcare Workers,130.0,44.0,24170.0,24170,11.62,4.1,23760.0,BOS_M2020_dl.xlsx
2020,3100001,Northwest Nebraska nonmetropolitan area,6,NE,False,39-9011,Childcare Workers,140.0,13.9,24570.0,24570,11.81,5.1,22360.0,BOS_M2020_dl.xlsx
2020,3100003,Northeast Nebraska nonmetropolitan area,6,NE,False,39-9011,Childcare Workers,520.0,24.5,22840.0,22840,10.98,2.3,21920.0,BOS_M2020_dl.xlsx
2020,3100006,South Nebraska nonmetropolitan area,6,NE,False,39-9011,Childcare Workers,1190.0,7.5,23900.0,23900,11.49,2.8,22860.0,BOS_M2020_dl.xlsx
2020,3200006,Nevada nonmetropolitan area,6,NV,False,39-9011,Childcare Workers,280.0,16.9,22720.0,22720,10.92,3.6,22280.0,BOS_M2020_dl.xlsx
2020,3300001,Northern New Hampshire nonmetropolitan area,6,NH,False,39-9011,Childcare Workers,,,21770.0,21770,10.46,5.6,19500.0,BOS_M2020_dl.xlsx
2020,3300002,Central New Hampshire nonmetropolitan area,6,NH,False,39-9011,Childcare Workers,270.0,17.8,25930.0,25930,12.47,2.2,25670.0,BOS_M2020_dl.xlsx
2020,3300006,West Central-Southwest New Hampshire nonmetropolitan area,6,NH,False,39-9011,Childcare Workers,280.0,25.4,29060.0,29060,13.97,2.1,29000.0,BOS_M2020_dl.xlsx
2020,3500006,Northern New Mexico nonmetropolitan area,6,NM,False,39-9011,Childcare Workers,160.0,36.5,26010.0,26010,12.5,4.8,23830.0,BOS_M2020_dl.xlsx
2020,3500007,Eastern New Mexico nonmetropolitan area,6,NM,False,39-9011,Childcare Workers,430.0,47.0,21890.0,21890,10.52,4.4,20170.0,BOS_M2020_dl.xlsx
2020,3600001,Capital/Northern New York nonmetropolitan area,6,NY,False,39-9011,Childcare Workers,680.0,16.1,28480.0,28480,13.69,2.1,26780.0,BOS_M2020_dl.xlsx
2020,3600004,Southwest New York nonmetropolitan area,6,NY,False,39-9011,Childcare Workers,1070.0,25.9,28020.0,28020,13.47,2.3,25480.0,BOS_M2020_dl.xlsx
2020,3600006,Central East New York nonmetropolitan area,6,NY,False,39-9011,Childcare Workers,750.0,17.3,28690.0,28690,13.79,2.3,26240.0,BOS_M2020_dl.xlsx
2020,3700001,Southeast Coastal North Carolina nonmetropolitan area,6,NC,False,39-9011,Childcare Workers,1310.0,19.0,20610.0,20610,9.91,2.7,19940.0,BOS_M2020_dl.xlsx
2020,3700002,Northeast Coastal North Carolina nonmetropolitan area,6,NC,False,39-9011,Childcare Workers,100.0,20.5,24090.0,24090,11.58,6.4,23490.0,BOS_M2020_dl.xlsx
2020,3700003,Piedmont North Carolina nonmetropolitan area,6,NC,False,39-9011,Childcare Workers,1330.0,19.6,24530.0,24530,11.79,10.0,20730.0,BOS_M2020_dl.xlsx
2020,3700004,Mountain North Carolina nonmetropolitan area,6,NC,False,39-9011,Childcare Workers,530.0,15.0,28870.0,28870,13.88,7.9,24430.0,BOS_M2020_dl.xlsx
2020,3800006,West North Dakota nonmetropolitan area,6,ND,False,39-9011,Childcare Workers,690.0,26.5,27340.0,27340,13.14,4.1,26640.0,BOS_M2020_dl.xlsx
2020,3800007,East North Dakota nonmetropolitan area,6,ND,False,39-9011,Childcare Workers,540.0,2.6,25890.0,25890,12.45,10.9,23710.0,BOS_M2020_dl.xlsx
2020,3900001,West Northwestern Ohio nonmetropolitan area,6,OH,False,39-9011,Childcare Workers,630.0,17.9,21220.0,21220,10.2,2.4,19880.0,BOS_M2020_dl.xlsx
2020,3900002,North Northeastern Ohio nonmetropolitan area (noncontiguous),6,OH,False,39-9011,Childcare Workers,650.0,25.9,21560.0,21560,10.36,2.6,19830.0,BOS_M2020_dl.xlsx
2020,3900003,Eastern Ohio nonmetropolitan area,6,OH,False,39-9011,Childcare Workers,160.0,36.7,27750.0,27750,13.34,3.7,26460.0,BOS_M2020_dl.xlsx
2020,3900004,Southern Ohio nonmetropolitan area,6,OH,False,39-9011,Childcare Workers,460.0,22.5,21110.0,21110,10.15,2.9,19610.0,BOS_M2020_dl.xlsx
2020,4000001,Northeast Oklahoma nonmetropolitan area,6,OK,False,39-9011,Childcare Workers,300.0,28.0,23320.0,23320,11.21,3.8,21200.0,BOS_M2020_dl.xlsx
2020,4000002,Northwest Oklahoma nonmetropolitan area,6,OK,False,39-9011,Childcare Workers,310.0,41.8,19940.0,19940,9.59,4.7,18630.0,BOS_M2020_dl.xlsx
2020,4000003,Southwest Oklahoma nonmetropolitan area,6,OK,False,39-9011,Childcare Workers,170.0,45.4,19310.0,19310,9.28,4.2,19000.0,BOS_M2020_dl.xlsx
2020,4000004,Southeast Oklahoma nonmetropolitan area,6,OK,False,39-9011,Childcare Workers,870.0,31.6,21420.0,21420,10.3,3.4,20450.0,BOS_M2020_dl.xlsx
2020,4100006,Coast Oregon nonmetropolitan area,6,OR,False,39-9011,Childcare Workers,190.0,30.0,26280.0,26280,12.64,3.2,25610.0,BOS_M2020_dl.xlsx
2020,4100007,Central Oregon nonmetropolitan area,6,OR,False,39-9011,Childcare Workers,390.0,38.6,30230.0,30230,14.53,8.1,27510.0,BOS_M2020_dl.xlsx
2020,4100008,Eastern Oregon nonmetropolitan area,6,OR,False,39-9011,Childcare Workers,100.0,34.5,30060.0,30060,14.45,7.0,27810.0,BOS_M2020_dl.xlsx
2020,4200001,Western Pennsylvania nonmetropolitan area,6,PA,False,39-9011,Childcare Workers,500.0,26.3,22720.0,22720,10.92,3.4,21970.0,BOS_M2020_dl.xlsx
2020,4200002,Northern Pennsylvania nonmetropolitan area,6,PA,False,39-9011,Childcare Workers,630.0,23.0,22880.0,22880,11.0,3.8,22540.0,BOS_M2020_dl.xlsx
2020,4200003,Southern Pennsylvania nonmetropolitan area,6,PA,False,39-9011,Childcare Workers,280.0,47.8,19780.0,19780,9.51,3.1,19010.0,BOS_M2020_dl.xlsx
2020,4500002,Upper Savannah South Carolina nonmetropolitan area,6,SC,False,39-9011,Childcare Workers,240.0,26.4,23220.0,23220,11.16,9.5,20690.0,BOS_M2020_dl.xlsx
2020,4500004,Lower Savannah South Carolina nonmetropolitan area,6,SC,False,39-9011,Childcare Workers,,,19240.0,19240,9.25,5.0,18640.0,BOS_M2020_dl.xlsx
2020,4500006,Northeast South Carolina nonmetropolitan area,6,SC,False,39-9011,Childcare Workers,440.0,18.8,20060.0,20060,9.65,4.5,18650.0,BOS_M2020_dl.xlsx
2020,4600002,East South Dakota nonmetropolitan area,6,SD,False,39-9011,Childcare Workers,460.0,23.0,23390.0,23390,11.25,2.4,22650.0,BOS_M2020_dl.xlsx
2020,4600003,West South Dakota nonmetropolitan area,6,SD,False,39-9011,Childcare Workers,430.0,17.8,21570.0,21570,10.37,1.8,20690.0,BOS_M2020_dl.xlsx
2020,4700001,West Tennessee nonmetropolitan area,6,TN,False,39-9011,Childcare Workers,370.0,6.7,20470.0,20470,9.84,5.0,19560.0,BOS_M2020_dl.xlsx
2020,4700002,South Central Tennessee nonmetropolitan area,6,TN,False,39-9011,Childcare Workers,480.0,4.2,19590.0,19590,9.42,3.9,19040.0,BOS_M2020_dl.xlsx
2020,4700003,North Central Tennessee nonmetropolitan area,6,TN,False,39-9011,Childcare Workers,250.0,19.2,20480.0,20480,9.85,4.7,19080.0,BOS_M2020_dl.xlsx
2020,4700004,East Tennessee nonmetropolitan area,6,TN,False,39-9011,Childcare Workers,260.0,29.7,21230.0,21230,10.21,6.2,19330.0,BOS_M2020_dl.xlsx
2020,4800001,West Texas Region of Texas nonmetropolitan area,6,TX,False,39-9011,Childcare Workers,450.0,34.7,21010.0,21010,10.1,4.6,19600.0,BOS_M2020_dl.xlsx
2020,4800002,North Texas Region of Texas nonmetropolitan area,6,TX,False,39-9011,Childcare Workers,850.0,42.5,20140.0,20140,9.68,3.8,19010.0,BOS_M2020_dl.xlsx
2020,4800003,Big Thicket Region of Texas nonmetropolitan area,6,TX,False,39-9011,Childcare Workers,430.0,9.4,20580.0,20580,9.89,4.4,19680.0,BOS_M2020_dl.xlsx
2020,4800004,Hill Country Region of Texas nonmetropolitan area,6,TX,False,39-9011,Childcare Workers,880.0,13.2,20770.0,20770,9.99,6.6,19100.0,BOS_M2020_dl.xlsx
2020,4800005,Border Region of Texas nonmetropolitan area,6,TX,False,39-9011,Childcare Workers,260.0,44.8,19050.0,19050,9.16,4.3,18560.0,BOS_M2020_dl.xlsx
2020,4800006,Coastal Plains Region of Texas nonmetropolitan area,6,TX,False,39-9011,Childcare Workers,650.0,24.0,20590.0,20590,9.9,7.1,18660.0,BOS_M2020_dl.xlsx
2020,4900006,Eastern Utah nonmetropolitan area,6,UT,False,39-9011,Childcare Workers,310.0,40.4,31660.0,31660,15.22,9.5,29180.0,BOS_M2020_dl.xlsx
2020,4900007,Central Utah nonmetropolitan area,6,UT,False,39-9011,Childcare Workers,190.0,15.6,22440.0,22440,10.79,2.6,20790.0,BOS_M2020_dl.xlsx
2020,5000001,Southern Vermont nonmetropolitan area,6,VT,False,39-9011,Childcare Workers,700.0,25.6,35100.0,35100,16.87,6.3,32150.0,BOS_M2020_dl.xlsx
2020,5000002,Northern Vermont nonmetropolitan area,6,VT,False,39-9011,Childcare Workers,140.0,38.7,36640.0,36640,17.61,8.0,31890.0,BOS_M2020_dl.xlsx
2020,5100001,Southwest Virginia nonmetropolitan area,6,VA,False,39-9011,Childcare Workers,70.0,18.2,25730.0,25730,12.37,5.8,22590.0,BOS_M2020_dl.xlsx
2020,5100002,Southside Virginia nonmetropolitan area,6,VA,False,39-9011,Childcare Workers,150.0,34.4,23030.0,23030,11.07,9.3,19600.0,BOS_M2020_dl.xlsx
2020,5100003,Northeast Virginia nonmetropolitan area,6,VA,False,39-9011,Childcare Workers,160.0,24.8,23320.0,23320,11.21,7.6,21290.0,BOS_M2020_dl.xlsx
2020,5100004,Northwest Virginia nonmetropolitan area,6,VA,False,39-9011,Childcare Workers,80.0,14.6,22900.0,22900,11.01,4.3,22090.0,BOS_M2020_dl.xlsx
2020,5300006,Western Washington nonmetropolitan area,6,WA,False,39-9011,Childcare Workers,420.0,34.1,34190.0,34190,16.44,6.4,31160.0,BOS_M2020_dl.xlsx
2020,5300007,Eastern Washington nonmetropolitan area,6,WA,False,39-9011,Childcare Workers,120.0,42.8,31230.0,31230,15.01,4.5,29460.0,BOS_M2020_dl.xlsx
2020,5400001,Southern West Virginia nonmetropolitan area,6,WV,False,39-9011,Childcare Workers,120.0,39.3,24640.0,24640,11.85,7.2,20690.0,BOS_M2020_dl.xlsx
2020,5400002,Northern West Virginia nonmetropolitan area,6,WV,False,39-9011,Childcare Workers,400.0,40.6,22540.0,22540,10.84,4.4,21430.0,BOS_M2020_dl.xlsx
2020,5500001,Northwestern Wisconsin nonmetropolitan area,6,WI,False,39-9011,Childcare Workers,90.0,48.5,23550.0,23550,11.32,3.4,23280.0,BOS_M2020_dl.xlsx
2020,5500002,Northeastern Wisconsin nonmetropolitan area,6,WI,False,39-9011,Childcare Workers,210.0,21.7,24850.0,24850,11.95,7.2,21960.0,BOS_M2020_dl.xlsx
2020,5500003,South Central Wisconsin nonmetropolitan area,6,WI,False,39-9011,Childcare Workers,170.0,32.4,25320.0,25320,12.17,3.4,25050.0,BOS_M2020_dl.xlsx
2020,5500004,Western Wisconsin nonmetropolitan area,6,WI,False,39-9011,Childcare Workers,,,25520.0,25520,12.27,5.9,24720.0,BOS_M2020_dl.xlsx
2020,5600006,Western Wyoming nonmetropolitan area,6,WY,False,39-9011,Childcare Workers,610.0,42.4,29820.0,29820,14.34,8.1,28530.0,BOS_M2020_dl.xlsx
2020,5600007,Eastern Wyoming nonmetropolitan area,6,WY,False,39-9011,Childcare Workers,380.0,37.0,23860.0,23860,11.47,5.7,23240.0,BOS_M2020_dl.xlsx
2020,0010180,"Abilene, TX",4,TX,True,39-9011,Childcare Workers,360.0,14.5,21080.0,21080,10.13,3.9,19780.0,MSA_M2020_dl.xlsx
2020,0010380,"Aguadilla-Isabela, PR",4,PR,True,39-9011,Childcare Workers,70.0,8.3,17950.0,17950,8.63,3.9,18090.0,MSA_M2020_dl.xlsx
2020,0010420,"Akron, OH",4,OH,True,39-9011,Childcare Workers,920.0,24.5,23130.0,23130,11.12,3.1,20590.0,MSA_M2020_dl.xlsx
2020,0010500,"Albany, GA",4,GA,True,39-9011,Childcare Workers,210.0,33.7,20810.0,20810,10.0,5.8,20160.0,MSA_M2020_dl.xlsx
2020,0010540,"Albany, OR",4,OR,True,39-9011,Childcare Workers,140.0,25.6,26220.0,26220,12.61,3.4,24990.0,MSA_M2020_dl.xlsx
2020,0010580,"Albany-Schenectady-Troy, NY",4,NY,True,39-9011,Childcare Workers,2660.0,20.6,29560.0,29560,14.21,2.0,26410.0,MSA_M2020_dl.xlsx
2020,0010740,"Albuquerque, NM",4,NM,True,39-9011,Childcare Workers,610.0,11.4,23830.0,23830,11.45,2.4,22580.0,MSA_M2020_dl.xlsx
2020,0010780,"Alexandria, LA",4,LA,True,39-9011,Childcare Workers,360.0,14.2,20240.0,20240,9.73,6.6,18790.0,MSA_M2020_dl.xlsx
2020,0010900,"Allentown-Bethlehem-Easton, PA-NJ",4,PA,True,39-9011,Childcare Workers,1570.0,20.7,24960.0,24960,12.0,6.6,24020.0,MSA_M2020_dl.xlsx
2020,0011020,"Altoona, PA",4,PA,True,39-9011,Childcare Workers,200.0,42.1,20800.0,20800,10.0,3.6,20500.0,MSA_M2020_dl.xlsx
2020,0011100,"Amarillo, TX",4,TX,True,39-9011,Childcare Workers,630.0,13.5,21570.0,21570,10.37,5.3,20460.0,MSA_M2020_dl.xlsx
2020,0011180,"Ames, IA",4,IA,True,39-9011,Childcare Workers,350.0,42.5,19710.0,19710,9.48,3.8,19220.0,MSA_M2020_dl.xlsx
2020,0011260,"Anchorage, AK",4,AK,True,39-9011,Childcare Workers,850.0,11.6,29040.0,29040,13.96,1.7,26930.0,MSA_M2020_dl.xlsx
2020,0011460,"Ann Arbor, MI",4,MI,True,39-9011,Childcare Workers,340.0,45.6,25220.0,25220,12.13,2.1,24030.0,MSA_M2020_dl.xlsx
2020,0011500,"Anniston-Oxford-Jacksonville, AL",4,AL,True,39-9011,Childcare Workers,,,21480.0,21480,10.33,6.5,19680.0,MSA_M2020_dl.xlsx
2020,0011540,"Appleton, WI",4,WI,True,39-9011,Childcare Workers,,,22940.0,22940,11.03,4.7,20920.0,MSA_M2020_dl.xlsx
2020,0011700,"Asheville, NC",4,NC,True,39-9011,Childcare Workers,990.0,18.5,27430.0,27430,13.19,3.2,27720.0,MSA_M2020_dl.xlsx
2020,0012020,"Athens-Clarke County, GA",4,GA,True,39-9011,Childcare Workers,330.0,26.2,20440.0,20440,9.83,3.1,19590.0,MSA_M2020_dl.xlsx
2020,0012060,"Atlanta-Sandy Springs-Roswell, GA",4,GA,True,39-9011,Childcare Workers,8700.0,11.9,21270.0,21270,10.23,2.1,19870.0,MSA_M2020_dl.xlsx
2020,0012100,"Atlantic City-Hammonton, NJ",4,NJ,True,39-9011,Childcare Workers,200.0,25.8,29430.0,29430,14.15,2.6,28650.0,MSA_M2020_dl.xlsx
2020,0012220,"Auburn-Opelika, AL",4,AL,True,39-9011,Childcare Workers,340.0,32.5,22610.0,22610,10.87,5.5,21860.0,MSA_M2020_dl.xlsx
2020,0012260,"Augusta-Richmond County, GA-SC",4,GA,True,39-9011,Childcare Workers,1340.0,20.1,22850.0,22850,10.98,4.0,22220.0,MSA_M2020_dl.xlsx
2020,0012420,"Austin-Round Rock, TX",4,TX,True,39-9011,Childcare Workers,3670.0,12.2,25880.0,25880,12.44,3.3,24780.0,MSA_M2020_dl.xlsx
2020,0012540,"Bakersfield, CA",4,CA,True,39-9011,Childcare Workers,1210.0,16.3,31980.0,31980,15.38,3.4,29470.0,MSA_M2020_dl.xlsx
2020,0012580,"Baltimore-Columbia-Towson, MD",4,MD,True,39-9011,Childcare Workers,4180.0,15.8,25900.0,25900,12.45,1.6,24630.0,MSA_M2020_dl.xlsx
2020,0012940,"Baton Rouge, LA",4,LA,True,39-9011,Childcare Workers,1680.0,15.6,22350.0,22350,10.74,2.8,21140.0,MSA_M2020_dl.xlsx
2020,0012980,"Battle Creek, MI",4,MI,True,39-9011,Childcare Workers,310.0,32.1,24230.0,24230,11.65,2.2,23720.0,MSA_M2020_dl.xlsx
2020,0013140,"Beaumont-Port Arthur, TX",4,TX,True,39-9011,Childcare Workers,790.0,11.6,21340.0,21340,10.26,4.7,20130.0,MSA_M2020_dl.xlsx
2020,0013220,"Beckley, WV",4,WV,True,39-9011,Childcare Workers,130.0,24.6,21310.0,21310,10.25,2.8,20650.0,MSA_M2020_dl.xlsx
2020,0013380,"Bellingham, WA",4,WA,True,39-9011,Childcare Workers,160.0,10.4,29740.0,29740,14.3,3.2,29170.0,MSA_M2020_dl.xlsx
2020,0013460,"Bend-Redmond, OR",4,OR,True,39-9011,Childcare Workers,170.0,42.3,29570.0,29570,14.22,2.6,28360.0,MSA_M2020_dl.xlsx
2020,0013740,"Billings, MT",4,MT,True,39-9011,Childcare Workers,630.0,10.9,23370.0,23370,11.23,2.5,22870.0,MSA_M2020_dl.xlsx
2020,0013780,"Binghamton, NY",4,NY,True,39-9011,Childcare Workers,810.0,6.6,27530.0,27530,13.24,3.3,25710.0,MSA_M2020_dl.xlsx
2020,0013820,"Birmingham-Hoover, AL",4,AL,True,39-9011,Childcare Workers,1460.0,26.2,21850.0,21850,10.5,3.6,21080.0,MSA_M2020_dl.xlsx
2020,0013900,"Bismarck, ND",4,ND,True,39-9011,Childcare Workers,570.0,19.5,25620.0,25620,12.32,2.4,24110.0,MSA_M2020_dl.xlsx
2020,0013980,"Blacksburg-Christiansburg-Radford, VA",4,VA,True,39-9011,Childcare Workers,320.0,13.2,23630.0,23630,11.36,5.1,22260.0,MSA_M2020_dl.xlsx
2020,0014010,"Bloomington, IL",4,IL,True,39-9011,Childcare Workers,290.0,34.6,23720.0,23720,11.4,3.2,22850.0,MSA_M2020_dl.xlsx
2020,0014020,"Bloomington, IN",4,IN,True,39-9011,Childcare Workers,280.0,34.1,21730.0,21730,10.45,5.5,21280.0,MSA_M2020_dl.xlsx
2020,0014100,"Bloomsburg-Berwick, PA",4,PA,True,39-9011,Childcare Workers,110.0,29.2,21410.0,21410,10.29,5.2,20580.0,MSA_M2020_dl.xlsx
2020,0014260,"Boise City, ID",4,ID,True,39-9011,Childcare Workers,1050.0,40.4,26930.0,26930,12.95,4.6,26850.0,MSA_M2020_dl.xlsx
2020,0014500,"Boulder, CO",4,CO,True,39-9011,Childcare Workers,940.0,14.3,33900.0,33900,16.3,3.6,33110.0,MSA_M2020_dl.xlsx
2020,0014540,"Bowling Green, KY",4,KY,True,39-9011,Childcare Workers,260.0,19.5,20730.0,20730,9.97,3.1,20270.0,MSA_M2020_dl.xlsx
2020,0014740,"Bremerton-Silverdale, WA",4,WA,True,39-9011,Childcare Workers,110.0,25.3,31460.0,31460,15.13,2.9,30270.0,MSA_M2020_dl.xlsx
2020,0015180,"Brownsville-Harlingen, TX",4,TX,True,39-9011,Childcare Workers,870.0,48.4,21480.0,21480,10.33,3.3,19470.0,MSA_M2020_dl.xlsx
2020,0015260,"Brunswick, GA",4,GA,True,39-9011,Childcare Workers,100.0,33.6,24050.0,24050,11.56,3.9,23470.0,MSA_M2020_dl.xlsx
2020,0015380,"Buffalo-Cheektowaga-Niagara Falls, NY",4,NY,True,39-9011,Childcare Workers,2770.0,12.6,27960.0,27960,13.44,1.7,26040.0,MSA_M2020_dl.xlsx
2020,0015500,"Burlington, NC",4,NC,True,39-9011,Childcare Workers,210.0,24.4,22030.0,22030,10.59,10.1,18870.0,MSA_M2020_dl.xlsx
2020,0015680,"California-Lexington Park, MD",4,MD,True,39-9011,Childcare Workers,110.0,38.5,26000.0,26000,12.5,4.7,24200.0,MSA_M2020_dl.xlsx
2020,0015940,"Canton-Massillon, OH",4,OH,True,39-9011,Childcare Workers,230.0,28.6,22080.0,22080,10.62,4.0,20580.0,MSA_M2020_dl.xlsx
2020,0015980,"Cape Coral-Fort Myers, FL",4,FL,True,39-9011,Childcare Workers,690.0,36.3,28550.0,28550,13.73,6.7,27860.0,MSA_M2020_dl.xlsx
2020,0016020,"Cape Girardeau, MO-IL",4,MO,True,39-9011,Childcare Workers,190.0,25.0,21750.0,21750,10.45,2.4,20270.0,MSA_M2020_dl.xlsx
2020,0016060,"Carbondale-Marion, IL",4,IL,True,39-9011,Childcare Workers,290.0,13.3,23830.0,23830,11.46,3.3,22070.0,MSA_M2020_dl.xlsx
2020,0016180,"Carson City, NV",4,NV,True,39-9011,Childcare Workers,90.0,5.3,24010.0,24010,11.54,8.4,22460.0,MSA_M2020_dl.xlsx
2020,0016220,"Casper, WY",4,WY,True,39-9011,Childcare Workers,200.0,18.6,23580.0,23580,11.34,6.9,23280.0,MSA_M2020_dl.xlsx
2020,0016300,"Cedar Rapids, IA",4,IA,True,39-9011,Childcare Workers,430.0,24.5,25770.0,25770,12.39,4.6,25880.0,MSA_M2020_dl.xlsx
2020,0016540,"Chambersburg-Waynesboro, PA",4,PA,True,39-9011,Childcare Workers,,,19110.0,19110,9.19,4.7,18900.0,MSA_M2020_dl.xlsx
2020,0016580,"Champaign-Urbana, IL",4,IL,True,39-9011,Childcare Workers,480.0,38.5,25860.0,25860,12.44,3.0,25600.0,MSA_M2020_dl.xlsx
2020,0016620,"Charleston, WV",4,WV,True,39-9011,Childcare Workers,280.0,33.4,23120.0,23120,11.11,11.2,20200.0,MSA_M2020_dl.xlsx
2020,0016700,"Charleston-North Charleston, SC",4,SC,True,39-9011,Childcare Workers,710.0,27.3,21520.0,21520,10.35,7.0,19480.0,MSA_M2020_dl.xlsx
2020,0016740,"Charlotte-Concord-Gastonia, NC-SC",4,NC,True,39-9011,Childcare Workers,4370.0,11.2,24080.0,24080,11.58,2.8,23320.0,MSA_M2020_dl.xlsx
2020,0016820,"Charlottesville, VA",4,VA,True,39-9011,Childcare Workers,250.0,48.1,26470.0,26470,12.73,4.4,24740.0,MSA_M2020_dl.xlsx
2020,0016860,"Chattanooga, TN-GA",4,TN,True,39-9011,Childcare Workers,870.0,24.5,22500.0,22500,10.82,2.8,21510.0,MSA_M2020_dl.xlsx
2020,0016940,"Cheyenne, WY",4,WY,True,39-9011,Childcare Workers,150.0,20.8,22360.0,22360,10.75,7.6,20820.0,MSA_M2020_dl.xlsx
2020,0016980,"Chicago-Naperville-Elgin, IL-IN-WI",4,IL,True,39-9011,Childcare Workers,11630.0,9.6,27820.0,27820,13.37,1.9,25810.0,MSA_M2020_dl.xlsx
2020,0017020,"Chico, CA",4,CA,True,39-9011,Childcare Workers,130.0,33.8,31660.0,31660,15.22,4.8,27080.0,MSA_M2020_dl.xlsx
2020,0017140,"Cincinnati, OH-KY-IN",4,OH,True,39-9011,Childcare Workers,3680.0,14.9,25010.0,25010,12.03,3.1,23880.0,MSA_M2020_dl.xlsx
2020,0017300,"Clarksville, TN-KY",4,TN,True,39-9011,Childcare Workers,560.0,14.2,20610.0,20610,9.91,3.1,19570.0,MSA_M2020_dl.xlsx
2020,0017420,"Cleveland, TN",4,TN,True,39-9011,Childcare Workers,180.0,30.2,19400.0,19400,9.33,5.0,18910.0,MSA_M2020_dl.xlsx
2020,0017460,"Cleveland-Elyria, OH",4,OH,True,39-9011,Childcare Workers,2410.0,20.0,23300.0,23300,11.2,2.1,22130.0,MSA_M2020_dl.xlsx
2020,0017660,"Coeur d'Alene, ID",4,ID,True,39-9011,Childcare Workers,130.0,43.7,24580.0,24580,11.82,8.1,24000.0,MSA_M2020_dl.xlsx
2020,0017780,"College Station-Bryan, TX",4,TX,True,39-9011,Childcare Workers,670.0,9.0,20370.0,20370,9.8,6.8,19270.0,MSA_M2020_dl.xlsx
2020,0017820,"Colorado Springs, CO",4,CO,True,39-9011,Childcare Workers,640.0,18.4,28950.0,28950,13.92,2.1,27220.0,MSA_M2020_dl.xlsx
2020,0017860,"Columbia, MO",4,MO,True,39-9011,Childcare Workers,630.0,27.8,28350.0,28350,13.63,8.2,25910.0,MSA_M2020_dl.xlsx
2020,0017900,"Columbia, SC",4,SC,True,39-9011,Childcare Workers,560.0,42.3,21980.0,21980,10.57,7.5,19440.0,MSA_M2020_dl.xlsx
2020,0017980,"Columbus, GA-AL",4,GA,True,39-9011,Childcare Workers,290.0,34.1,19800.0,19800,9.52,3.8,18990.0,MSA_M2020_dl.xlsx
2020,0018020,"Columbus, IN",4,IN,True,39-9011,Childcare Workers,,,23640.0,23640,11.36,4.4,23270.0,MSA_M2020_dl.xlsx
2020,0018140,"Columbus, OH",4,OH,True,39-9011,Childcare Workers,3400.0,21.0,25960.0,25960,12.48,2.8,25930.0,MSA_M2020_dl.xlsx
2020,0018580,"Corpus Christi, TX",4,TX,True,39-9011,Childcare Workers,910.0,27.4,20710.0,20710,9.96,5.6,19790.0,MSA_M2020_dl.xlsx
2020,0018700,"Corvallis, OR",4,OR,True,39-9011,Childcare Workers,,,26970.0,26970,12.97,2.5,25770.0,MSA_M2020_dl.xlsx
2020,0018880,"Crestview-Fort Walton Beach-Destin, FL",4,FL,True,39-9011,Childcare Workers,70.0,21.3,26690.0,26690,12.83,13.5,21180.0,MSA_M2020_dl.xlsx
2020,0019060,"Cumberland, MD-WV",4,MD,True,39-9011,Childcare Workers,90.0,24.9,24000.0,24000,11.54,5.2,23300.0,MSA_M2020_dl.xlsx
2020,0019100,"Dallas-Fort Worth-Arlington, TX",4,TX,True,39-9011,Childcare Workers,14960.0,8.4,24910.0,24910,11.97,2.6,24460.0,MSA_M2020_dl.xlsx
2020,0019140,"Dalton, GA",4,GA,True,39-9011,Childcare Workers,90.0,17.6,22600.0,22600,10.87,8.3,22070.0,MSA_M2020_dl.xlsx
2020,0019300,"Daphne-Fairhope-Foley, AL",4,AL,True,39-9011,Childcare Workers,290.0,29.8,19560.0,19560,9.4,4.3,18920.0,MSA_M2020_dl.xlsx
2020,0019340,"Davenport-Moline-Rock Island, IA-IL",4,IA,True,39-9011,Childcare Workers,370.0,32.3,24170.0,24170,11.62,2.6,22810.0,MSA_M2020_dl.xlsx
2020,0019380,"Dayton, OH",4,OH,True,39-9011,Childcare Workers,610.0,23.4,22900.0,22900,11.01,5.6,20400.0,MSA_M2020_dl.xlsx
2020,0019460,"Decatur, AL",4,AL,True,39-9011,Childcare Workers,170.0,31.4,18850.0,18850,9.06,5.1,18720.0,MSA_M2020_dl.xlsx
2020,0019500,"Decatur, IL",4,IL,True,39-9011,Childcare Workers,40.0,10.0,24950.0,24950,12.0,7.6,20630.0,MSA_M2020_dl.xlsx
2020,0019660,"Deltona-Daytona Beach-Ormond Beach, FL",4,FL,True,39-9011,Childcare Workers,510.0,23.4,24310.0,24310,11.69,3.0,23100.0,MSA_M2020_dl.xlsx
2020,0019740,"Denver-Aurora-Lakewood, CO",4,CO,True,39-9011,Childcare Workers,6580.0,10.1,31790.0,31790,15.28,1.9,29870.0,MSA_M2020_dl.xlsx
2020,0019780,"Des Moines-West Des Moines, IA",4,IA,True,39-9011,Childcare Workers,1470.0,23.9,26560.0,26560,12.77,5.2,26820.0,MSA_M2020_dl.xlsx
2020,0019820,"Detroit-Warren-Dearborn, MI",4,MI,True,39-9011,Childcare Workers,6720.0,8.5,26150.0,26150,12.57,2.4,24460.0,MSA_M2020_dl.xlsx
2020,0020020,"Dothan, AL",4,AL,True,39-9011,Childcare Workers,220.0,24.5,18370.0,18370,8.83,3.7,18270.0,MSA_M2020_dl.xlsx
2020,0020100,"Dover, DE",4,DE,True,39-9011,Childcare Workers,,,24810.0,24810,11.93,5.2,22880.0,MSA_M2020_dl.xlsx
2020,0020220,"Dubuque, IA",4,IA,True,39-9011,Childcare Workers,410.0,12.4,21390.0,21390,10.28,3.4,19910.0,MSA_M2020_dl.xlsx
2020,0020260,"Duluth, MN-WI",4,MN,True,39-9011,Childcare Workers,280.0,30.0,27350.0,27350,13.15,4.5,25780.0,MSA_M2020_dl.xlsx
2020,0020500,"Durham-Chapel Hill, NC",4,NC,True,39-9011,Childcare Workers,1200.0,28.5,26530.0,26530,12.75,6.2,25500.0,MSA_M2020_dl.xlsx
2020,0020700,"East Stroudsburg, PA",4,PA,True,39-9011,Childcare Workers,,,18850.0,18850,9.06,7.4,18300.0,MSA_M2020_dl.xlsx
2020,0020740,"Eau Claire, WI",4,WI,True,39-9011,Childcare Workers,140.0,29.1,25190.0,25190,12.11,3.3,24620.0,MSA_M2020_dl.xlsx
2020,0020940,"El Centro, CA",4,CA,True,39-9011,Childcare Workers,240.0,35.0,30630.0,30630,14.73,4.0,27080.0,MSA_M2020_dl.xlsx
2020,0021060,"Elizabethtown-Fort Knox, KY",4,KY,True,39-9011,Childcare Workers,290.0,12.7,23900.0,23900,11.49,4.4,23600.0,MSA_M2020_dl.xlsx
2020,0021140,"Elkhart-Goshen, IN",4,IN,True,39-9011,Childcare Workers,,,23510.0,23510,11.3,17.0,19610.0,MSA_M2020_dl.xlsx
2020,0021300,"Elmira, NY",4,NY,True,39-9011,Childcare Workers,190.0,20.9,26110.0,26110,12.56,2.4,25190.0,MSA_M2020_dl.xlsx
2020,0021340,"El Paso, TX",4,TX,True,39-9011,Childcare Workers,1030.0,21.5,18950.0,18950,9.11,3.5,18480.0,MSA_M2020_dl.xlsx
2020,0021420,"Enid, OK",4,OK,True,39-9011,Childcare Workers,60.0,11.0,19070.0,19070,9.17,3.0,18440.0,MSA_M2020_dl.xlsx
2020,0021500,"Erie, PA",4,PA,True,39-9011,Childcare Workers,490.0,23.8,22290.0,22290,10.72,8.5,19580.0,MSA_M2020_dl.xlsx
2020,0021660,"Eugene, OR",4,OR,True,39-9011,Childcare Workers,,,29730.0,29730,14.3,2.6,28990.0,MSA_M2020_dl.xlsx
2020,0021780,"Evansville, IN-KY",4,IN,True,39-9011,Childcare Workers,570.0,31.2,22250.0,22250,10.7,2.6,21970.0,MSA_M2020_dl.xlsx
2020,0021820,"Fairbanks, AK",4,AK,True,39-9011,Childcare Workers,80.0,4.2,38590.0,38590,18.56,3.2,38550.0,MSA_M2020_dl.xlsx
2020,0022020,"Fargo, ND-MN",4,ND,True,39-9011,Childcare Workers,1180.0,18.6,24430.0,24430,11.74,1.8,23610.0,MSA_M2020_dl.xlsx
2020,0022140,"Farmington, NM",4,NM,True,39-9011,Childcare Workers,130.0,11.4,23040.0,23040,11.08,2.7,20660.0,MSA_M2020_dl.xlsx
2020,0022180,"Fayetteville, NC",4,NC,True,39-9011,Childcare Workers,,,22950.0,22950,11.03,3.1,21680.0,MSA_M2020_dl.xlsx
2020,0022220,"Fayetteville-Springdale-Rogers, AR-MO",4,AR,True,39-9011,Childcare Workers,1400.0,23.6,23270.0,23270,11.19,2.1,22040.0,MSA_M2020_dl.xlsx
2020,0022380,"Flagstaff, AZ",4,AZ,True,39-9011,Childcare Workers,100.0,39.5,27220.0,27220,13.09,2.9,26200.0,MSA_M2020_dl.xlsx
2020,0022420,"Flint, MI",4,MI,True,39-9011,Childcare Workers,540.0,21.1,24280.0,24280,11.67,2.6,23510.0,MSA_M2020_dl.xlsx
2020,0022500,"Florence, SC",4,SC,True,39-9011,Childcare Workers,220.0,43.5,19820.0,19820,9.53,4.0,19250.0,MSA_M2020_dl.xlsx
2020,0022520,"Florence-Muscle Shoals, AL",4,AL,True,39-9011,Childcare Workers,190.0,39.6,20460.0,20460,9.84,5.6,19220.0,MSA_M2020_dl.xlsx
2020,0022660,"Fort Collins, CO",4,CO,True,39-9011,Childcare Workers,410.0,33.0,30650.0,30650,14.74,2.5,29960.0,MSA_M2020_dl.xlsx
2020,0022900,"Fort Smith, AR-OK",4,AR,True,39-9011,Childcare Workers,370.0,18.3,21330.0,21330,10.25,2.5,20890.0,MSA_M2020_dl.xlsx
2020,0023060,"Fort Wayne, IN",4,IN,True,39-9011,Childcare Workers,370.0,17.9,21070.0,21070,10.13,3.3,19850.0,MSA_M2020_dl.xlsx
2020,0023420,"Fresno, CA",4,CA,True,39-9011,Childcare Workers,1060.0,22.0,30060.0,30060,14.45,3.8,27240.0,MSA_M2020_dl.xlsx
2020,0023540,"Gainesville, FL",4,FL,True,39-9011,Childcare Workers,510.0,24.9,25920.0,25920,12.46,4.0,23390.0,MSA_M2020_dl.xlsx
2020,0023580,"Gainesville, GA",4,GA,True,39-9011,Childcare Workers,200.0,26.2,20150.0,20150,9.69,2.8,19190.0,MSA_M2020_dl.xlsx
2020,0023900,"Gettysburg, PA",4,PA,True,39-9011,Childcare Workers,90.0,49.8,23370.0,23370,11.23,3.5,23210.0,MSA_M2020_dl.xlsx
2020,0024020,"Glens Falls, NY",4,NY,True,39-9011,Childcare Workers,230.0,18.6,29660.0,29660,14.26,3.0,28810.0,MSA_M2020_dl.xlsx
2020,0024140,"Goldsboro, NC",4,NC,True,39-9011,Childcare Workers,120.0,46.3,25320.0,25320,12.17,7.1,21430.0,MSA_M2020_dl.xlsx
2020,0024220,"Grand Forks, ND-MN",4,ND,True,39-9011,Childcare Workers,290.0,14.7,24800.0,24800,11.92,3.1,24210.0,MSA_M2020_dl.xlsx
2020,0024260,"Grand Island, NE",4,NE,True,39-9011,Childcare Workers,150.0,18.2,25320.0,25320,12.17,6.3,23110.0,MSA_M2020_dl.xlsx
2020,0024300,"Grand Junction, CO",4,CO,True,39-9011,Childcare Workers,260.0,10.4,28010.0,28010,13.47,3.7,26040.0,MSA_M2020_dl.xlsx
2020,0024340,"Grand Rapids-Wyoming, MI",4,MI,True,39-9011,Childcare Workers,1940.0,19.7,25060.0,25060,12.05,1.4,24210.0,MSA_M2020_dl.xlsx
2020,0024420,"Grants Pass, OR",4,OR,True,39-9011,Childcare Workers,,,28070.0,28070,13.49,3.7,26970.0,MSA_M2020_dl.xlsx
2020,0024500,"Great Falls, MT",4,MT,True,39-9011,Childcare Workers,320.0,39.7,24100.0,24100,11.59,3.7,23270.0,MSA_M2020_dl.xlsx
2020,0024540,"Greeley, CO",4,CO,True,39-9011,Childcare Workers,320.0,46.6,28700.0,28700,13.8,2.8,27910.0,MSA_M2020_dl.xlsx
2020,0024580,"Green Bay, WI",4,WI,True,39-9011,Childcare Workers,370.0,25.8,26120.0,26120,12.56,3.5,25440.0,MSA_M2020_dl.xlsx
2020,0024660,"Greensboro-High Point, NC",4,NC,True,39-9011,Childcare Workers,1470.0,13.9,22770.0,22770,10.95,2.7,21650.0,MSA_M2020_dl.xlsx
2020,0024780,"Greenville, NC",4,NC,True,39-9011,Childcare Workers,240.0,37.3,24110.0,24110,11.59,3.4,23600.0,MSA_M2020_dl.xlsx
2020,0024860,"Greenville-Anderson-Mauldin, SC",4,SC,True,39-9011,Childcare Workers,640.0,16.8,21770.0,21770,10.47,2.9,21130.0,MSA_M2020_dl.xlsx
2020,0025060,"Gulfport-Biloxi-Pascagoula, MS",4,MS,True,39-9011,Childcare Workers,650.0,20.5,21130.0,21130,10.16,6.5,19700.0,MSA_M2020_dl.xlsx
2020,0025180,"Hagerstown-Martinsburg, MD-WV",4,MD,True,39-9011,Childcare Workers,240.0,34.2,28100.0,28100,13.51,3.1,26020.0,MSA_M2020_dl.xlsx
2020,0025220,"Hammond, LA",4,LA,True,39-9011,Childcare Workers,450.0,15.6,22140.0,22140,10.65,4.7,20170.0,MSA_M2020_dl.xlsx
2020,0025260,"Hanford-Corcoran, CA",4,CA,True,39-9011,Childcare Workers,210.0,35.8,30250.0,30250,14.54,3.1,28840.0,MSA_M2020_dl.xlsx
2020,0025420,"Harrisburg-Carlisle, PA",4,PA,True,39-9011,Childcare Workers,1260.0,21.5,25480.0,25480,12.25,5.5,25260.0,MSA_M2020_dl.xlsx
2020,0025500,"Harrisonburg, VA",4,VA,True,39-9011,Childcare Workers,220.0,30.2,21790.0,21790,10.48,4.0,20170.0,MSA_M2020_dl.xlsx
2020,0025620,"Hattiesburg, MS",4,MS,True,39-9011,Childcare Workers,220.0,42.3,19520.0,19520,9.38,3.7,19080.0,MSA_M2020_dl.xlsx
2020,0025860,"Hickory-Lenoir-Morganton, NC",4,NC,True,39-9011,Childcare Workers,350.0,22.5,24090.0,24090,11.58,9.1,21690.0,MSA_M2020_dl.xlsx
2020,0025940,"Hilton Head Island-Bluffton-Beaufort, SC",4,SC,True,39-9011,Childcare Workers,160.0,35.6,22730.0,22730,10.93,3.9,22060.0,MSA_M2020_dl.xlsx
2020,0025980,"Hinesville, GA",4,GA,True,39-9011,Childcare Workers,,,19150.0,19150,9.21,6.7,18880.0,MSA_M2020_dl.xlsx
2020,0026300,"Hot Springs, AR",4,AR,True,39-9011,Childcare Workers,,,23330.0,23330,11.22,8.6,21160.0,MSA_M2020_dl.xlsx
2020,0026380,"Houma-Thibodaux, LA",4,LA,True,39-9011,Childcare Workers,280.0,11.0,20500.0,20500,9.86,4.2,19470.0,MSA_M2020_dl.xlsx
2020,0026420,"Houston-The Woodlands-Sugar Land, TX",4,TX,True,39-9011,Childcare Workers,12150.0,10.9,23370.0,23370,11.23,3.2,20710.0,MSA_M2020_dl.xlsx
2020,0026580,"Huntington-Ashland, WV-KY-OH",4,WV,True,39-9011,Childcare Workers,440.0,27.9,23250.0,23250,11.18,2.4,21450.0,MSA_M2020_dl.xlsx
2020,0026620,"Huntsville, AL",4,AL,True,39-9011,Childcare Workers,480.0,37.8,22770.0,22770,10.95,3.3,22440.0,MSA_M2020_dl.xlsx
2020,0026820,"Idaho Falls, ID",4,ID,True,39-9011,Childcare Workers,270.0,11.8,19120.0,19120,9.19,4.6,18560.0,MSA_M2020_dl.xlsx
2020,0026900,"Indianapolis-Carmel-Anderson, IN",4,IN,True,39-9011,Childcare Workers,1750.0,19.4,24310.0,24310,11.69,2.1,23320.0,MSA_M2020_dl.xlsx
2020,0026980,"Iowa City, IA",4,IA,True,39-9011,Childcare Workers,980.0,22.7,22270.0,22270,10.71,3.2,21520.0,MSA_M2020_dl.xlsx
2020,0027060,"Ithaca, NY",4,NY,True,39-9011,Childcare Workers,420.0,11.4,30540.0,30540,14.68,3.5,30020.0,MSA_M2020_dl.xlsx
2020,0027100,"Jackson, MI",4,MI,True,39-9011,Childcare Workers,,,24150.0,24150,11.61,3.0,23380.0,MSA_M2020_dl.xlsx
2020,0027140,"Jackson, MS",4,MS,True,39-9011,Childcare Workers,1350.0,13.9,20330.0,20330,9.77,5.6,18860.0,MSA_M2020_dl.xlsx
2020,0027180,"Jackson, TN",4,TN,True,39-9011,Childcare Workers,220.0,24.9,19810.0,19810,9.52,4.9,18870.0,MSA_M2020_dl.xlsx
2020,0027260,"Jacksonville, FL",4,FL,True,39-9011,Childcare Workers,1780.0,14.5,26280.0,26280,12.63,6.2,23920.0,MSA_M2020_dl.xlsx
2020,0027340,"Jacksonville, NC",4,NC,True,39-9011,Childcare Workers,230.0,40.2,21040.0,21040,10.12,6.5,19360.0,MSA_M2020_dl.xlsx
2020,0027500,"Janesville-Beloit, WI",4,WI,True,39-9011,Childcare Workers,300.0,18.3,24370.0,24370,11.72,2.7,24350.0,MSA_M2020_dl.xlsx
2020,0027620,"Jefferson City, MO",4,MO,True,39-9011,Childcare Workers,570.0,30.2,25100.0,25100,12.07,6.4,21570.0,MSA_M2020_dl.xlsx
2020,0027740,"Johnson City, TN",4,TN,True,39-9011,Childcare Workers,200.0,23.1,19780.0,19780,9.51,3.0,19100.0,MSA_M2020_dl.xlsx
2020,0027780,"Johnstown, PA",4,PA,True,39-9011,Childcare Workers,260.0,47.7,19280.0,19280,9.27,4.3,18890.0,MSA_M2020_dl.xlsx
2020,0027860,"Jonesboro, AR",4,AR,True,39-9011,Childcare Workers,,,23180.0,23180,11.14,2.8,22290.0,MSA_M2020_dl.xlsx
2020,0027900,"Joplin, MO",4,MO,True,39-9011,Childcare Workers,310.0,33.8,22800.0,22800,10.96,3.5,20540.0,MSA_M2020_dl.xlsx
2020,0027980,"Kahului-Wailuku-Lahaina, HI",4,HI,True,39-9011,Childcare Workers,250.0,37.3,26350.0,26350,12.67,7.0,24350.0,MSA_M2020_dl.xlsx
2020,0028020,"Kalamazoo-Portage, MI",4,MI,True,39-9011,Childcare Workers,790.0,26.8,27420.0,27420,13.18,3.8,23770.0,MSA_M2020_dl.xlsx
2020,0028140,"Kansas City, MO-KS",4,MO,True,39-9011,Childcare Workers,5290.0,11.8,23640.0,23640,11.37,2.3,22200.0,MSA_M2020_dl.xlsx
2020,0028420,"Kennewick-Richland, WA",4,WA,True,39-9011,Childcare Workers,90.0,29.1,31840.0,31840,15.31,3.2,30670.0,MSA_M2020_dl.xlsx
2020,0028660,"Killeen-Temple, TX",4,TX,True,39-9011,Childcare Workers,460.0,16.7,21230.0,21230,10.21,6.3,19540.0,MSA_M2020_dl.xlsx
2020,0028700,"Kingsport-Bristol-Bristol, TN-VA",4,TN,True,39-9011,Childcare Workers,190.0,32.2,20640.0,20640,9.92,3.6,19560.0,MSA_M2020_dl.xlsx
2020,0028740,"Kingston, NY",4,NY,True,39-9011,Childcare Workers,520.0,24.8,28400.0,28400,13.65,2.7,26490.0,MSA_M2020_dl.xlsx
2020,0028940,"Knoxville, TN",4,TN,True,39-9011,Childcare Workers,1740.0,15.6,22380.0,22380,10.76,3.9,21000.0,MSA_M2020_dl.xlsx
2020,0029020,"Kokomo, IN",4,IN,True,39-9011,Childcare Workers,60.0,35.7,22750.0,22750,10.94,4.8,21470.0,MSA_M2020_dl.xlsx
2020,0029100,"La Crosse-Onalaska, WI-MN",4,WI,True,39-9011,Childcare Workers,310.0,13.3,,*,,,,MSA_M2020_dl.xlsx
2020,0029180,"Lafayette, LA",4,LA,True,39-9011,Childcare Workers,1230.0,11.1,20430.0,20430,9.82,3.1,19190.0,MSA_M2020_dl.xlsx
2020,0029200,"Lafayette-West Lafayette, IN",4,IN,True,39-9011,Childcare Workers,310.0,16.0,24660.0,24660,11.85,3.9,23520.0,MSA_M2020_dl.xlsx
2020,0029340,"Lake Charles, LA",4,LA,True,39-9011,Childcare Workers,200.0,17.4,19310.0,19310,9.28,4.9,18760.0,MSA_M2020_dl.xlsx
2020,0029420,"Lake Havasu City-Kingman, AZ",4,AZ,True,39-9011,Childcare Workers,150.0,26.5,26960.0,26960,12.96,2.2,25290.0,MSA_M2020_dl.xlsx
2020,0029460,"Lakeland-Winter Haven, FL",4,FL,True,39-9011,Childcare Workers,470.0,35.3,23140.0,23140,11.13,4.7,20940.0,MSA_M2020_dl.xlsx
2020,0029540,"Lancaster, PA",4,PA,True,39-9011,Childcare Workers,560.0,37.3,25390.0,25390,12.21,3.4,24090.0,MSA_M2020_dl.xlsx
2020,0029620,"Lansing-East Lansing, MI",4,MI,True,39-9011,Childcare Workers,960.0,17.4,24430.0,24430,11.74,2.0,23500.0,MSA_M2020_dl.xlsx
2020,0029700,"Laredo, TX",4,TX,True,39-9011,Childcare Workers,390.0,12.1,19300.0,19300,9.28,4.7,18520.0,MSA_M2020_dl.xlsx
2020,0029740,"Las Cruces, NM",4,NM,True,39-9011,Childcare Workers,230.0,21.7,22410.0,22410,10.77,4.0,20780.0,MSA_M2020_dl.xlsx
2020,0029820,"Las Vegas-Henderson-Paradise, NV",4,NV,True,39-9011,Childcare Workers,2090.0,8.9,22980.0,22980,11.05,6.5,21700.0,MSA_M2020_dl.xlsx
2020,0029940,"Lawrence, KS",4,KS,True,39-9011,Childcare Workers,250.0,22.4,21450.0,21450,10.31,3.8,20550.0,MSA_M2020_dl.xlsx
2020,0030020,"Lawton, OK",4,OK,True,39-9011,Childcare Workers,210.0,27.8,19420.0,19420,9.34,3.4,19000.0,MSA_M2020_dl.xlsx
2020,0030140,"Lebanon, PA",4,PA,True,39-9011,Childcare Workers,120.0,42.7,26110.0,26110,12.56,9.5,27570.0,MSA_M2020_dl.xlsx
2020,0030300,"Lewiston, ID-WA",4,ID,True,39-9011,Childcare Workers,,,24660.0,24660,11.86,10.0,27120.0,MSA_M2020_dl.xlsx
2020,0030460,"Lexington-Fayette, KY",4,KY,True,39-9011,Childcare Workers,950.0,22.6,23610.0,23610,11.35,3.7,22920.0,MSA_M2020_dl.xlsx
2020,0030620,"Lima, OH",4,OH,True,39-9011,Childcare Workers,120.0,19.7,21000.0,21000,10.1,4.8,19500.0,MSA_M2020_dl.xlsx
2020,0030700,"Lincoln, NE",4,NE,True,39-9011,Childcare Workers,1250.0,25.3,24930.0,24930,11.99,4.2,23170.0,MSA_M2020_dl.xlsx
2020,0030780,"Little Rock-North Little Rock-Conway, AR",4,AR,True,39-9011,Childcare Workers,1240.0,20.5,23710.0,23710,11.4,1.9,23240.0,MSA_M2020_dl.xlsx
2020,0030860,"Logan, UT-ID",4,UT,True,39-9011,Childcare Workers,200.0,23.4,26610.0,26610,12.79,7.2,24270.0,MSA_M2020_dl.xlsx
2020,0030980,"Longview, TX",4,TX,True,39-9011,Childcare Workers,430.0,28.5,20640.0,20640,9.92,5.6,19760.0,MSA_M2020_dl.xlsx
2020,0031080,"Los Angeles-Long Beach-Anaheim, CA",4,CA,True,39-9011,Childcare Workers,16050.0,8.1,34290.0,34290,16.49,3.6,30560.0,MSA_M2020_dl.xlsx
2020,0031140,"Louisville/Jefferson County, KY-IN",4,KY,True,39-9011,Childcare Workers,2480.0,12.8,23550.0,23550,11.32,4.6,21330.0,MSA_M2020_dl.xlsx
2020,0031180,"Lubbock, TX",4,TX,True,39-9011,Childcare Workers,720.0,20.6,23160.0,23160,11.13,2.8,22110.0,MSA_M2020_dl.xlsx
2020,0031340,"Lynchburg, VA",4,VA,True,39-9011,Childcare Workers,260.0,29.3,19000.0,19000,9.14,3.2,18540.0,MSA_M2020_dl.xlsx
2020,0031420,"Macon, GA",4,GA,True,39-9011,Childcare Workers,430.0,25.8,22210.0,22210,10.68,2.9,21960.0,MSA_M2020_dl.xlsx
2020,0031540,"Madison, WI",4,WI,True,39-9011,Childcare Workers,560.0,46.6,21940.0,21940,10.55,11.0,18890.0,MSA_M2020_dl.xlsx
2020,0031740,"Manhattan, KS",4,KS,True,39-9011,Childcare Workers,220.0,7.1,20790.0,20790,9.99,4.0,20210.0,MSA_M2020_dl.xlsx
2020,0031860,"Mankato-North Mankato, MN",4,MN,True,39-9011,Childcare Workers,150.0,28.7,26090.0,26090,12.55,3.1,25170.0,MSA_M2020_dl.xlsx
2020,0031900,"Mansfield, OH",4,OH,True,39-9011,Childcare Workers,,,21240.0,21240,10.21,3.2,19960.0,MSA_M2020_dl.xlsx
2020,0032420,"Mayaguez, PR",4,PR,True,39-9011,Childcare Workers,,,22160.0,22160,10.65,4.6,22080.0,MSA_M2020_dl.xlsx
2020,0032580,"McAllen-Edinburg-Mission, TX",4,TX,True,39-9011,Childcare Workers,1370.0,36.8,21830.0,21830,10.5,3.4,20320.0,MSA_M2020_dl.xlsx
2020,0032780,"Medford, OR",4,OR,True,39-9011,Childcare Workers,150.0,13.7,29510.0,29510,14.19,5.1,27710.0,MSA_M2020_dl.xlsx
2020,0032820,"Memphis, TN-MS-AR",4,TN,True,39-9011,Childcare Workers,2580.0,15.1,21700.0,21700,10.43,2.7,20750.0,MSA_M2020_dl.xlsx
2020,0032900,"Merced, CA",4,CA,True,39-9011,Childcare Workers,140.0,27.5,34740.0,34740,16.7,5.7,31550.0,MSA_M2020_dl.xlsx
2020,0033100,"Miami-Fort Lauderdale-West Palm Beach, FL",4,FL,True,39-9011,Childcare Workers,8560.0,8.4,27020.0,27020,12.99,2.9,23990.0,MSA_M2020_dl.xlsx
2020,0033140,"Michigan City-La Porte, IN",4,IN,True,39-9011,Childcare Workers,,,20680.0,20680,9.94,4.7,18630.0,MSA_M2020_dl.xlsx
2020,0033220,"Midland, MI",4,MI,True,39-9011,Childcare Workers,,,24610.0,24610,11.83,3.3,23840.0,MSA_M2020_dl.xlsx
2020,0033260,"Midland, TX",4,TX,True,39-9011,Childcare Workers,380.0,10.3,24520.0,24520,11.79,3.2,24540.0,MSA_M2020_dl.xlsx
2020,0033340,"Milwaukee-Waukesha-West Allis, WI",4,WI,True,39-9011,Childcare Workers,1000.0,17.3,25730.0,25730,12.37,2.6,25500.0,MSA_M2020_dl.xlsx
2020,0033460,"Minneapolis-St. Paul-Bloomington, MN-WI",4,MN,True,39-9011,Childcare Workers,6160.0,9.6,29720.0,29720,14.29,1.5,28760.0,MSA_M2020_dl.xlsx
2020,0033540,"Missoula, MT",4,MT,True,39-9011,Childcare Workers,440.0,11.4,22850.0,22850,10.99,3.3,21950.0,MSA_M2020_dl.xlsx
2020,0033660,"Mobile, AL",4,AL,True,39-9011,Childcare Workers,770.0,11.6,18830.0,18830,9.05,3.2,18420.0,MSA_M2020_dl.xlsx
2020,0033700,"Modesto, CA",4,CA,True,39-9011,Childcare Workers,500.0,18.4,33070.0,33070,15.9,3.3,30550.0,MSA_M2020_dl.xlsx
2020,0033740,"Monroe, LA",4,LA,True,39-9011,Childcare Workers,410.0,16.1,19150.0,19150,9.21,2.9,18860.0,MSA_M2020_dl.xlsx
2020,0033780,"Monroe, MI",4,MI,True,39-9011,Childcare Workers,130.0,21.5,24560.0,24560,11.81,2.2,23840.0,MSA_M2020_dl.xlsx
2020,0033860,"Montgomery, AL",4,AL,True,39-9011,Childcare Workers,500.0,13.8,23170.0,23170,11.14,4.8,19980.0,MSA_M2020_dl.xlsx
2020,0034060,"Morgantown, WV",4,WV,True,39-9011,Childcare Workers,360.0,15.6,21220.0,21220,10.2,2.8,20320.0,MSA_M2020_dl.xlsx
2020,0034100,"Morristown, TN",4,TN,True,39-9011,Childcare Workers,90.0,32.7,18940.0,18940,9.11,3.9,18660.0,MSA_M2020_dl.xlsx
2020,0034580,"Mount Vernon-Anacortes, WA",4,WA,True,39-9011,Childcare Workers,,,30970.0,30970,14.89,2.3,30200.0,MSA_M2020_dl.xlsx
2020,0034620,"Muncie, IN",4,IN,True,39-9011,Childcare Workers,450.0,6.8,26300.0,26300,12.64,3.5,27240.0,MSA_M2020_dl.xlsx
2020,0034740,"Muskegon, MI",4,MI,True,39-9011,Childcare Workers,320.0,29.4,23880.0,23880,11.48,2.1,23570.0,MSA_M2020_dl.xlsx
2020,0034820,"Myrtle Beach-Conway-North Myrtle Beach, SC-NC",4,SC,True,39-9011,Childcare Workers,900.0,11.8,26360.0,26360,12.67,4.7,26360.0,MSA_M2020_dl.xlsx
2020,0034900,"Napa, CA",4,CA,True,39-9011,Childcare Workers,190.0,37.6,33680.0,33680,16.19,3.2,33610.0,MSA_M2020_dl.xlsx
2020,0034940,"Naples-Immokalee-Marco Island, FL",4,FL,True,39-9011,Childcare Workers,640.0,20.0,23980.0,23980,11.53,2.5,23440.0,MSA_M2020_dl.xlsx
2020,0034980,"Nashville-Davidson--Murfreesboro--Franklin, TN",4,TN,True,39-9011,Childcare Workers,4240.0,11.0,25270.0,25270,12.15,3.9,23990.0,MSA_M2020_dl.xlsx
2020,0035100,"New Bern, NC",4,NC,True,39-9011,Childcare Workers,260.0,22.1,21790.0,21790,10.48,5.3,19890.0,MSA_M2020_dl.xlsx
2020,0035380,"New Orleans-Metairie, LA",4,LA,True,39-9011,Childcare Workers,1490.0,15.0,20890.0,20890,10.05,2.9,19530.0,MSA_M2020_dl.xlsx
2020,0035620,"New York-Newark-Jersey City, NY-NJ-PA",4,NY,True,39-9011,Childcare Workers,51860.0,7.2,31810.0,31810,15.29,1.3,30400.0,MSA_M2020_dl.xlsx
2020,0035660,"Niles-Benton Harbor, MI",4,MI,True,39-9011,Childcare Workers,200.0,14.7,24330.0,24330,11.7,2.7,23250.0,MSA_M2020_dl.xlsx
2020,0035840,"North Port-Sarasota-Bradenton, FL",4,FL,True,39-9011,Childcare Workers,1340.0,18.1,34760.0,34760,16.71,13.6,28620.0,MSA_M2020_dl.xlsx
2020,0036100,"Ocala, FL",4,FL,True,39-9011,Childcare Workers,,,27570.0,27570,13.25,2.7,23990.0,MSA_M2020_dl.xlsx
2020,0036140,"Ocean City, NJ",4,NJ,True,39-9011,Childcare Workers,100.0,15.7,29230.0,29230,14.05,4.3,27610.0,MSA_M2020_dl.xlsx
2020,0036220,"Odessa, TX",4,TX,True,39-9011,Childcare Workers,440.0,9.5,25990.0,25990,12.5,4.0,24700.0,MSA_M2020_dl.xlsx
2020,0036260,"Ogden-Clearfield, UT",4,UT,True,39-9011,Childcare Workers,820.0,37.4,21760.0,21760,10.46,4.4,20050.0,MSA_M2020_dl.xlsx
2020,0036420,"Oklahoma City, OK",4,OK,True,39-9011,Childcare Workers,1970.0,17.9,22050.0,22050,10.6,2.6,20890.0,MSA_M2020_dl.xlsx
2020,0036500,"Olympia-Tumwater, WA",4,WA,True,39-9011,Childcare Workers,290.0,18.1,31550.0,31550,15.17,2.6,30490.0,MSA_M2020_dl.xlsx
2020,0036540,"Omaha-Council Bluffs, NE-IA",4,NE,True,39-9011,Childcare Workers,3750.0,11.8,25670.0,25670,12.34,2.6,24500.0,MSA_M2020_dl.xlsx
2020,0036740,"Orlando-Kissimmee-Sanford, FL",4,FL,True,39-9011,Childcare Workers,2750.0,15.6,22320.0,22320,10.73,2.1,21190.0,MSA_M2020_dl.xlsx
2020,0036980,"Owensboro, KY",4,KY,True,39-9011,Childcare Workers,250.0,5.7,22320.0,22320,10.73,4.1,21050.0,MSA_M2020_dl.xlsx
2020,0037100,"Oxnard-Thousand Oaks-Ventura, CA",4,CA,True,39-9011,Childcare Workers,1050.0,29.1,35930.0,35930,17.28,3.5,33940.0,MSA_M2020_dl.xlsx
2020,0037340,"Palm Bay-Melbourne-Titusville, FL",4,FL,True,39-9011,Childcare Workers,600.0,15.7,25810.0,25810,12.41,5.8,24160.0,MSA_M2020_dl.xlsx
2020,0037460,"Panama City, FL",4,FL,True,39-9011,Childcare Workers,200.0,13.2,23270.0,23270,11.19,2.7,22640.0,MSA_M2020_dl.xlsx
2020,0037620,"Parkersburg-Vienna, WV",4,WV,True,39-9011,Childcare Workers,80.0,31.4,22830.0,22830,10.97,5.1,21830.0,MSA_M2020_dl.xlsx
2020,0037860,"Pensacola-Ferry Pass-Brent, FL",4,FL,True,39-9011,Childcare Workers,800.0,45.1,22800.0,22800,10.96,3.2,21920.0,MSA_M2020_dl.xlsx
2020,0037900,"Peoria, IL",4,IL,True,39-9011,Childcare Workers,680.0,20.4,23540.0,23540,11.32,2.0,22140.0,MSA_M2020_dl.xlsx
2020,0037980,"Philadelphia-Camden-Wilmington, PA-NJ-DE-MD",4,PA,True,39-9011,Childcare Workers,8100.0,12.2,25410.0,25410,12.22,2.4,24090.0,MSA_M2020_dl.xlsx
2020,0038060,"Phoenix-Mesa-Scottsdale, AZ",4,AZ,True,39-9011,Childcare Workers,5900.0,10.3,29210.0,29210,14.04,3.6,26710.0,MSA_M2020_dl.xlsx
2020,0038220,"Pine Bluff, AR",4,AR,True,39-9011,Childcare Workers,,,22050.0,22050,10.6,3.3,20880.0,MSA_M2020_dl.xlsx
2020,0038300,"Pittsburgh, PA",4,PA,True,39-9011,Childcare Workers,3680.0,12.8,24340.0,24340,11.7,3.7,23060.0,MSA_M2020_dl.xlsx
2020,0038540,"Pocatello, ID",4,ID,True,39-9011,Childcare Workers,170.0,39.7,21140.0,21140,10.16,4.3,19180.0,MSA_M2020_dl.xlsx
2020,0038660,"Ponce, PR",4,PR,True,39-9011,Childcare Workers,,,19250.0,19250,9.25,5.7,19060.0,MSA_M2020_dl.xlsx
2020,0038900,"Portland-Vancouver-Hillsboro, OR-WA",4,OR,True,39-9011,Childcare Workers,2720.0,18.8,31580.0,31580,15.18,2.4,30120.0,MSA_M2020_dl.xlsx
2020,0038940,"Port St. Lucie, FL",4,FL,True,39-9011,Childcare Workers,370.0,48.4,22840.0,22840,10.98,4.5,21200.0,MSA_M2020_dl.xlsx
2020,0039140,"Prescott, AZ",4,AZ,True,39-9011,Childcare Workers,140.0,24.4,26730.0,26730,12.85,2.3,25930.0,MSA_M2020_dl.xlsx
2020,0039340,"Provo-Orem, UT",4,UT,True,39-9011,Childcare Workers,810.0,32.5,22030.0,22030,10.59,4.0,20120.0,MSA_M2020_dl.xlsx
2020,0039380,"Pueblo, CO",4,CO,True,39-9011,Childcare Workers,160.0,29.8,33340.0,33340,16.03,5.6,32770.0,MSA_M2020_dl.xlsx
2020,0039460,"Punta Gorda, FL",4,FL,True,39-9011,Childcare Workers,80.0,30.8,27320.0,27320,13.13,4.1,27780.0,MSA_M2020_dl.xlsx
2020,0039540,"Racine, WI",4,WI,True,39-9011,Childcare Workers,40.0,40.0,29530.0,29530,14.2,23.5,18710.0,MSA_M2020_dl.xlsx
2020,0039580,"Raleigh, NC",4,NC,True,39-9011,Childcare Workers,2500.0,18.2,25710.0,25710,12.36,4.7,24360.0,MSA_M2020_dl.xlsx
2020,0039660,"Rapid City, SD",4,SD,True,39-9011,Childcare Workers,370.0,22.0,23320.0,23320,11.21,2.5,22290.0,MSA_M2020_dl.xlsx
2020,0039740,"Reading, PA",4,PA,True,39-9011,Childcare Workers,460.0,17.1,24110.0,24110,11.59,8.0,21360.0,MSA_M2020_dl.xlsx
2020,0039820,"Redding, CA",4,CA,True,39-9011,Childcare Workers,150.0,36.6,29570.0,29570,14.22,2.8,28460.0,MSA_M2020_dl.xlsx
2020,0039900,"Reno, NV",4,NV,True,39-9011,Childcare Workers,670.0,23.3,27450.0,27450,13.2,5.0,26000.0,MSA_M2020_dl.xlsx
2020,0040060,"Richmond, VA",4,VA,True,39-9011,Childcare Workers,1940.0,15.6,21970.0,21970,10.56,3.6,20150.0,MSA_M2020_dl.xlsx
2020,0040140,"Riverside-San Bernardino-Ontario, CA",4,CA,True,39-9011,Childcare Workers,4690.0,12.9,32270.0,32270,15.51,2.2,30310.0,MSA_M2020_dl.xlsx
2020,0040220,"Roanoke, VA",4,VA,True,39-9011,Childcare Workers,510.0,20.6,19110.0,19110,9.19,3.3,18490.0,MSA_M2020_dl.xlsx
2020,0040340,"Rochester, MN",4,MN,True,39-9011,Childcare Workers,390.0,36.7,25860.0,25860,12.43,3.1,24720.0,MSA_M2020_dl.xlsx
2020,0040380,"Rochester, NY",4,NY,True,39-9011,Childcare Workers,2120.0,11.4,28920.0,28920,13.9,2.8,26160.0,MSA_M2020_dl.xlsx
2020,0040420,"Rockford, IL",4,IL,True,39-9011,Childcare Workers,360.0,15.4,22120.0,22120,10.64,2.7,20390.0,MSA_M2020_dl.xlsx
2020,0040580,"Rocky Mount, NC",4,NC,True,39-9011,Childcare Workers,110.0,23.6,23900.0,23900,11.49,6.3,22230.0,MSA_M2020_dl.xlsx
2020,0040660,"Rome, GA",4,GA,True,39-9011,Childcare Workers,40.0,5.3,17330.0,17330,8.33,4.9,17370.0,MSA_M2020_dl.xlsx
2020,0040900,"Sacramento--Roseville--Arden-Arcade, CA",4,CA,True,39-9011,Childcare Workers,2080.0,20.2,30670.0,30670,14.75,2.0,29350.0,MSA_M2020_dl.xlsx
2020,0040980,"Saginaw, MI",4,MI,True,39-9011,Childcare Workers,210.0,22.3,24790.0,24790,11.92,2.7,24050.0,MSA_M2020_dl.xlsx
2020,0041060,"St. Cloud, MN",4,MN,True,39-9011,Childcare Workers,340.0,22.7,25510.0,25510,12.26,2.6,24850.0,MSA_M2020_dl.xlsx
2020,0041100,"St. George, UT",4,UT,True,39-9011,Childcare Workers,300.0,15.2,25970.0,25970,12.49,6.8,23390.0,MSA_M2020_dl.xlsx
2020,0041140,"St. Joseph, MO-KS",4,MO,True,39-9011,Childcare Workers,220.0,22.9,23140.0,23140,11.13,9.5,20210.0,MSA_M2020_dl.xlsx
2020,0041180,"St. Louis, MO-IL",4,MO,True,39-9011,Childcare Workers,5590.0,17.6,26310.0,26310,12.65,2.8,24770.0,MSA_M2020_dl.xlsx
2020,0041420,"Salem, OR",4,OR,True,39-9011,Childcare Workers,710.0,27.2,25770.0,25770,12.39,2.2,25000.0,MSA_M2020_dl.xlsx
2020,0041500,"Salinas, CA",4,CA,True,39-9011,Childcare Workers,330.0,18.4,33700.0,33700,16.2,3.1,32520.0,MSA_M2020_dl.xlsx
2020,0041540,"Salisbury, MD-DE",4,MD,True,39-9011,Childcare Workers,360.0,13.2,25580.0,25580,12.3,2.2,24790.0,MSA_M2020_dl.xlsx
2020,0041620,"Salt Lake City, UT",4,UT,True,39-9011,Childcare Workers,2340.0,16.3,24540.0,24540,11.8,4.1,23900.0,MSA_M2020_dl.xlsx
2020,0041660,"San Angelo, TX",4,TX,True,39-9011,Childcare Workers,240.0,30.0,19760.0,19760,9.5,3.3,18870.0,MSA_M2020_dl.xlsx
2020,0041700,"San Antonio-New Braunfels, TX",4,TX,True,39-9011,Childcare Workers,5320.0,29.2,23070.0,23070,11.09,3.5,21520.0,MSA_M2020_dl.xlsx
2020,0041740,"San Diego-Carlsbad, CA",4,CA,True,39-9011,Childcare Workers,3550.0,13.4,31240.0,31240,15.02,2.7,29280.0,MSA_M2020_dl.xlsx
2020,0041860,"San Francisco-Oakland-Hayward, CA",4,CA,True,39-9011,Childcare Workers,6580.0,15.3,38090.0,38090,18.31,2.7,37360.0,MSA_M2020_dl.xlsx
2020,0041900,"San German, PR",4,PR,True,39-9011,Childcare Workers,70.0,14.0,20800.0,20800,10.0,2.7,20780.0,MSA_M2020_dl.xlsx
2020,0041940,"San Jose-Sunnyvale-Santa Clara, CA",4,CA,True,39-9011,Childcare Workers,1580.0,24.4,34690.0,34690,16.68,5.9,30780.0,MSA_M2020_dl.xlsx
2020,0041980,"San Juan-Carolina-Caguas, PR",4,PR,True,39-9011,Childcare Workers,1510.0,15.4,18970.0,18970,9.12,3.8,18410.0,MSA_M2020_dl.xlsx
2020,0042020,"San Luis Obispo-Paso Robles-Arroyo Grande, CA",4,CA,True,39-9011,Childcare Workers,230.0,31.8,30730.0,30730,14.78,2.8,29490.0,MSA_M2020_dl.xlsx
2020,0042100,"Santa Cruz-Watsonville, CA",4,CA,True,39-9011,Childcare Workers,200.0,45.4,30710.0,30710,14.76,2.7,30060.0,MSA_M2020_dl.xlsx
2020,0042140,"Santa Fe, NM",4,NM,True,39-9011,Childcare Workers,120.0,21.4,31290.0,31290,15.04,4.1,31010.0,MSA_M2020_dl.xlsx
2020,0042200,"Santa Maria-Santa Barbara, CA",4,CA,True,39-9011,Childcare Workers,430.0,31.1,34810.0,34810,16.73,3.6,34990.0,MSA_M2020_dl.xlsx
2020,0042220,"Santa Rosa, CA",4,CA,True,39-9011,Childcare Workers,680.0,34.5,36220.0,36220,17.41,4.9,35070.0,MSA_M2020_dl.xlsx
2020,0042340,"Savannah, GA",4,GA,True,39-9011,Childcare Workers,810.0,17.8,19830.0,19830,9.53,4.8,19260.0,MSA_M2020_dl.xlsx
2020,0042540,"Scranton--Wilkes-Barre--Hazleton, PA",4,PA,True,39-9011,Childcare Workers,840.0,43.6,23520.0,23520,11.31,3.3,22500.0,MSA_M2020_dl.xlsx
2020,0042660,"Seattle-Tacoma-Bellevue, WA",4,WA,True,39-9011,Childcare Workers,2660.0,21.5,35120.0,35120,16.88,1.8,35240.0,MSA_M2020_dl.xlsx
2020,0042680,"Sebastian-Vero Beach, FL",4,FL,True,39-9011,Childcare Workers,190.0,17.7,26720.0,26720,12.85,5.6,25010.0,MSA_M2020_dl.xlsx
2020,0042700,"Sebring, FL",4,FL,True,39-9011,Childcare Workers,80.0,21.3,23500.0,23500,11.3,7.2,21720.0,MSA_M2020_dl.xlsx
2020,0043100,"Sheboygan, WI",4,WI,True,39-9011,Childcare Workers,190.0,28.0,22520.0,22520,10.83,3.8,21960.0,MSA_M2020_dl.xlsx
2020,0043300,"Sherman-Denison, TX",4,TX,True,39-9011,Childcare Workers,190.0,28.9,19500.0,19500,9.38,3.2,18860.0,MSA_M2020_dl.xlsx
2020,0043340,"Shreveport-Bossier City, LA",4,LA,True,39-9011,Childcare Workers,780.0,6.3,21650.0,21650,10.41,13.1,18720.0,MSA_M2020_dl.xlsx
2020,0043420,"Sierra Vista-Douglas, AZ",4,AZ,True,39-9011,Childcare Workers,,,27780.0,27780,13.36,3.1,26880.0,MSA_M2020_dl.xlsx
2020,0043580,"Sioux City, IA-NE-SD",4,IA,True,39-9011,Childcare Workers,230.0,45.7,22770.0,22770,10.95,2.5,22000.0,MSA_M2020_dl.xlsx
2020,0043620,"Sioux Falls, SD",4,SD,True,39-9011,Childcare Workers,1150.0,13.4,22670.0,22670,10.9,2.9,21580.0,MSA_M2020_dl.xlsx
2020,0043780,"South Bend-Mishawaka, IN-MI",4,IN,True,39-9011,Childcare Workers,230.0,22.6,23850.0,23850,11.47,3.0,23600.0,MSA_M2020_dl.xlsx
2020,0043900,"Spartanburg, SC",4,SC,True,39-9011,Childcare Workers,400.0,43.0,25310.0,25310,12.17,20.1,18680.0,MSA_M2020_dl.xlsx
2020,0044060,"Spokane-Spokane Valley, WA",4,WA,True,39-9011,Childcare Workers,430.0,46.5,31200.0,31200,15.0,3.6,28120.0,MSA_M2020_dl.xlsx
2020,0044100,"Springfield, IL",4,IL,True,39-9011,Childcare Workers,190.0,16.5,23770.0,23770,11.43,2.3,22390.0,MSA_M2020_dl.xlsx
2020,0044180,"Springfield, MO",4,MO,True,39-9011,Childcare Workers,910.0,25.4,21650.0,21650,10.41,3.1,20450.0,MSA_M2020_dl.xlsx
2020,0044220,"Springfield, OH",4,OH,True,39-9011,Childcare Workers,110.0,32.6,26120.0,26120,12.56,10.1,22430.0,MSA_M2020_dl.xlsx
2020,0044300,"State College, PA",4,PA,True,39-9011,Childcare Workers,250.0,45.7,23650.0,23650,11.37,5.6,22930.0,MSA_M2020_dl.xlsx
2020,0044420,"Staunton-Waynesboro, VA",4,VA,True,39-9011,Childcare Workers,150.0,46.1,26490.0,26490,12.73,13.2,24970.0,MSA_M2020_dl.xlsx
2020,0044700,"Stockton-Lodi, CA",4,CA,True,39-9011,Childcare Workers,610.0,37.4,34900.0,34900,16.78,6.1,31800.0,MSA_M2020_dl.xlsx
2020,0044940,"Sumter, SC",4,SC,True,39-9011,Childcare Workers,200.0,38.2,20150.0,20150,9.69,6.0,19280.0,MSA_M2020_dl.xlsx
2020,0045060,"Syracuse, NY",4,NY,True,39-9011,Childcare Workers,1510.0,19.8,29060.0,29060,13.97,2.1,26290.0,MSA_M2020_dl.xlsx
2020,0045220,"Tallahassee, FL",4,FL,True,39-9011,Childcare Workers,590.0,44.4,24680.0,24680,11.86,3.2,22970.0,MSA_M2020_dl.xlsx
2020,0045300,"Tampa-St. Petersburg-Clearwater, FL",4,FL,True,39-9011,Childcare Workers,3510.0,16.1,25550.0,25550,12.28,4.0,23210.0,MSA_M2020_dl.xlsx
2020,0045460,"Terre Haute, IN",4,IN,True,39-9011,Childcare Workers,320.0,12.7,19650.0,19650,9.45,4.0,18870.0,MSA_M2020_dl.xlsx
2020,0045500,"Texarkana, TX-AR",4,TX,True,39-9011,Childcare Workers,170.0,47.8,21310.0,21310,10.24,5.6,20890.0,MSA_M2020_dl.xlsx
2020,0045540,"The Villages, FL",4,FL,True,39-9011,Childcare Workers,40.0,30.7,25760.0,25760,12.38,9.9,22590.0,MSA_M2020_dl.xlsx
2020,0045780,"Toledo, OH",4,OH,True,39-9011,Childcare Workers,1000.0,21.7,26130.0,26130,12.56,4.9,23830.0,MSA_M2020_dl.xlsx
2020,0045820,"Topeka, KS",4,KS,True,39-9011,Childcare Workers,460.0,34.3,23530.0,23530,11.31,3.0,23220.0,MSA_M2020_dl.xlsx
2020,0045940,"Trenton, NJ",4,NJ,True,39-9011,Childcare Workers,710.0,28.7,30330.0,30330,14.58,3.5,28870.0,MSA_M2020_dl.xlsx
2020,0046060,"Tucson, AZ",4,AZ,True,39-9011,Childcare Workers,1690.0,30.0,27170.0,27170,13.06,1.7,25950.0,MSA_M2020_dl.xlsx
2020,0046140,"Tulsa, OK",4,OK,True,39-9011,Childcare Workers,1690.0,16.6,21430.0,21430,10.3,4.0,20000.0,MSA_M2020_dl.xlsx
2020,0046220,"Tuscaloosa, AL",4,AL,True,39-9011,Childcare Workers,270.0,14.6,21170.0,21170,10.18,5.1,19820.0,MSA_M2020_dl.xlsx
2020,0046300,"Twin Falls, ID",4,ID,True,39-9011,Childcare Workers,120.0,25.0,24410.0,24410,11.74,3.9,23990.0,MSA_M2020_dl.xlsx
2020,0046340,"Tyler, TX",4,TX,True,39-9011,Childcare Workers,310.0,38.5,23120.0,23120,11.11,6.1,22990.0,MSA_M2020_dl.xlsx
2020,0046520,"Urban Honolulu, HI",4,HI,True,39-9011,Childcare Workers,1140.0,27.4,28760.0,28760,13.83,3.0,26330.0,MSA_M2020_dl.xlsx
2020,0046540,"Utica-Rome, NY",4,NY,True,39-9011,Childcare Workers,480.0,16.1,31260.0,31260,15.03,2.1,30420.0,MSA_M2020_dl.xlsx
2020,0046660,"Valdosta, GA",4,GA,True,39-9011,Childcare Workers,200.0,34.8,18940.0,18940,9.11,3.7,18660.0,MSA_M2020_dl.xlsx
2020,0046700,"Vallejo-Fairfield, CA",4,CA,True,39-9011,Childcare Workers,480.0,43.9,31560.0,31560,15.17,3.4,29880.0,MSA_M2020_dl.xlsx
2020,0047020,"Victoria, TX",4,TX,True,39-9011,Childcare Workers,200.0,29.7,20000.0,20000,9.61,3.5,19330.0,MSA_M2020_dl.xlsx
2020,0047220,"Vineland-Bridgeton, NJ",4,NJ,True,39-9011,Childcare Workers,,,24350.0,24350,11.71,3.1,23740.0,MSA_M2020_dl.xlsx
2020,0047260,"Virginia Beach-Norfolk-Newport News, VA-NC",4,VA,True,39-9011,Childcare Workers,2290.0,19.9,22050.0,22050,10.6,3.0,21250.0,MSA_M2020_dl.xlsx
2020,0047300,"Visalia-Porterville, CA",4,CA,True,39-9011,Childcare Workers,830.0,21.0,30080.0,30080,14.46,2.3,28330.0,MSA_M2020_dl.xlsx
2020,0047380,"Waco, TX",4,TX,True,39-9011,Childcare Workers,510.0,18.0,22120.0,22120,10.63,5.0,19820.0,MSA_M2020_dl.xlsx
2020,0047460,"Walla Walla, WA",4,WA,True,39-9011,Childcare Workers,,,30170.0,30170,14.51,4.4,28870.0,MSA_M2020_dl.xlsx
2020,0047580,"Warner Robins, GA",4,GA,True,39-9011,Childcare Workers,270.0,47.0,18440.0,18440,8.87,5.2,18340.0,MSA_M2020_dl.xlsx
2020,0047900,"Washington-Arlington-Alexandria, DC-VA-MD-WV",4,DC,True,39-9011,Childcare Workers,10010.0,9.8,31880.0,31880,15.33,3.1,31540.0,MSA_M2020_dl.xlsx
2020,0047940,"Waterloo-Cedar Falls, IA",4,IA,True,39-9011,Childcare Workers,520.0,42.2,19430.0,19430,9.34,4.0,18810.0,MSA_M2020_dl.xlsx
2020,0048060,"Watertown-Fort Drum, NY",4,NY,True,39-9011,Childcare Workers,200.0,34.3,26400.0,26400,12.69,2.3,25410.0,MSA_M2020_dl.xlsx
2020,0048140,"Wausau, WI",4,WI,True,39-9011,Childcare Workers,140.0,38.8,26710.0,26710,12.84,2.8,26900.0,MSA_M2020_dl.xlsx
2020,0048260,"Weirton-Steubenville, WV-OH",4,WV,True,39-9011,Childcare Workers,60.0,29.8,24890.0,24890,11.96,5.9,23020.0,MSA_M2020_dl.xlsx
2020,0048540,"Wheeling, WV-OH",4,WV,True,39-9011,Childcare Workers,70.0,44.1,21950.0,21950,10.56,3.3,20650.0,MSA_M2020_dl.xlsx
2020,0048620,"Wichita, KS",4,KS,True,39-9011,Childcare Workers,1050.0,29.7,23590.0,23590,11.34,4.0,22430.0,MSA_M2020_dl.xlsx
2020,0048660,"Wichita Falls, TX",4,TX,True,39-9011,Childcare Workers,290.0,40.9,20580.0,20580,9.89,3.3,19530.0,MSA_M2020_dl.xlsx
2020,0048700,"Williamsport, PA",4,PA,True,39-9011,Childcare Workers,310.0,29.7,21560.0,21560,10.36,4.3,20590.0,MSA_M2020_dl.xlsx
2020,0048900,"Wilmington, NC",4,NC,True,39-9011,Childcare Workers,230.0,15.1,24230.0,24230,11.65,5.0,22920.0,MSA_M2020_dl.xlsx
2020,0049020,"Winchester, VA-WV",4,VA,True,39-9011,Childcare Workers,100.0,15.1,24940.0,24940,11.99,4.6,24700.0,MSA_M2020_dl.xlsx
2020,0049180,"Winston-Salem, NC",4,NC,True,39-9011,Childcare Workers,920.0,19.6,25130.0,25130,12.08,4.7,23270.0,MSA_M2020_dl.xlsx
2020,0049420,"Yakima, WA",4,WA,True,39-9011,Childcare Workers,250.0,36.3,29550.0,29550,14.21,2.7,28110.0,MSA_M2020_dl.xlsx
2020,0049620,"York-Hanover, PA",4,PA,True,39-9011,Childcare Workers,650.0,26.7,22130.0,22130,10.64,5.7,21160.0,MSA_M2020_dl.xlsx
2020,0049660,"Youngstown-Warren-Boardman, OH-PA",4,OH,True,39-9011,Childcare Workers,910.0,27.1,23940.0,23940,11.51,5.7,21990.0,MSA_M2020_dl.xlsx
2020,0049700,"Yuba City, CA",4,CA,True,39-9011,Childcare Workers,220.0,29.0,28830.0,28830,13.86,2.3,27080.0,MSA_M2020_dl.xlsx
2020,0049740,"Yuma, AZ",4,AZ,True,39-9011,Childcare Workers,,,25370.0,25370,12.2,3.3,25320.0,MSA_M2020_dl.xlsx
2020,0070750,"Bangor, ME",4,ME,True,39-9011,Childcare Workers,350.0,20.1,27730.0,27730,13.33,3.3,26070.0,MSA_M2020_dl.xlsx
2020,0070900,"Barnstable Town, MA",4,MA,True,39-9011,Childcare Workers,220.0,34.3,29900.0,29900,14.38,2.9,27970.0,MSA_M2020_dl.xlsx
2020,0071650,"Boston-Cambridge-Nashua, MA-NH",4,MA,True,39-9011,Childcare Workers,8640.0,12.7,33160.0,33160,15.94,1.1,31280.0,MSA_M2020_dl.xlsx
2020,0071950,"Bridgeport-Stamford-Norwalk, CT",4,CT,True,39-9011,Childcare Workers,1250.0,14.0,30500.0,30500,14.66,2.1,29090.0,MSA_M2020_dl.xlsx
2020,0072400,"Burlington-South Burlington, VT",4,VT,True,39-9011,Childcare Workers,480.0,20.7,31600.0,31600,15.19,2.9,29440.0,MSA_M2020_dl.xlsx
2020,0072850,"Danbury, CT",4,CT,True,39-9011,Childcare Workers,240.0,42.3,27880.0,27880,13.4,3.9,26200.0,MSA_M2020_dl.xlsx
2020,0073050,"Dover-Durham, NH-ME",4,NH,True,39-9011,Childcare Workers,200.0,31.3,27750.0,27750,13.34,5.2,26200.0,MSA_M2020_dl.xlsx
2020,0073450,"Hartford-West Hartford-East Hartford, CT",4,CT,True,39-9011,Childcare Workers,2330.0,17.9,27520.0,27520,13.23,1.9,25820.0,MSA_M2020_dl.xlsx
2020,0074500,"Leominster-Gardner, MA",4,MA,True,39-9011,Childcare Workers,110.0,22.9,31600.0,31600,15.19,2.5,30780.0,MSA_M2020_dl.xlsx
2020,0074650,"Lewiston-Auburn, ME",4,ME,True,39-9011,Childcare Workers,210.0,42.1,28220.0,28220,13.57,4.3,27030.0,MSA_M2020_dl.xlsx
2020,0074950,"Manchester, NH",4,NH,True,39-9011,Childcare Workers,250.0,17.3,25140.0,25140,12.09,7.5,23650.0,MSA_M2020_dl.xlsx
2020,0075550,"New Bedford, MA",4,MA,True,39-9011,Childcare Workers,200.0,34.3,33130.0,33130,15.93,3.3,30720.0,MSA_M2020_dl.xlsx
2020,0075700,"New Haven, CT",4,CT,True,39-9011,Childcare Workers,720.0,23.2,29660.0,29660,14.26,2.0,28660.0,MSA_M2020_dl.xlsx
2020,0076450,"Norwich-New London-Westerly, CT-RI",4,CT,True,39-9011,Childcare Workers,520.0,14.5,27380.0,27380,13.16,2.1,25530.0,MSA_M2020_dl.xlsx
2020,0076600,"Pittsfield, MA",4,MA,True,39-9011,Childcare Workers,100.0,21.2,30100.0,30100,14.47,2.4,29450.0,MSA_M2020_dl.xlsx
2020,0076750,"Portland-South Portland, ME",4,ME,True,39-9011,Childcare Workers,740.0,47.1,30050.0,30050,14.45,3.5,29380.0,MSA_M2020_dl.xlsx
2020,0076900,"Portsmouth, NH-ME",4,NH,True,39-9011,Childcare Workers,240.0,21.0,25780.0,25780,12.39,3.2,26110.0,MSA_M2020_dl.xlsx
2020,0077200,"Providence-Warwick, RI-MA",4,RI,True,39-9011,Childcare Workers,2170.0,14.1,29580.0,29580,14.22,2.9,26630.0,MSA_M2020_dl.xlsx
2020,0078100,"Springfield, MA-CT",4,MA,True,39-9011,Childcare Workers,1230.0,19.6,33500.0,33500,16.1,3.6,30500.0,MSA_M2020_dl.xlsx
2020,0078700,"Waterbury, CT",4,CT,True,39-9011,Childcare Workers,440.0,12.1,27270.0,27270,13.11,2.5,25780.0,MSA_M2020_dl.xlsx
2020,0079600,"Worcester, MA-CT",4,MA,True,39-9011,Childcare Workers,800.0,27.6,30890.0,30890,14.85,3.6,29310.0,MSA_M2020_dl.xlsx
2021,0100001,Northwest Alabama nonmetropolitan area,6,AL,False,39-9011,Childcare Workers,110.0,14.0,19520.0,19520,9.39,1.7,17690.0,BOS_M2021_dl.xlsx
2021,0100002,Northeast Alabama nonmetropolitan area,6,AL,False,39-9011,Childcare Workers,280.0,20.9,19380.0,19380,9.32,1.6,17490.0,BOS_M2021_dl.xlsx
2021,0100003,Southwest Alabama nonmetropolitan area,6,AL,False,39-9011,Childcare Workers,200.0,9.7,19390.0,19390,9.32,2.5,17730.0,BOS_M2021_dl.xlsx
2021,0100004,Southeast Alabama nonmetropolitan area,6,AL,False,39-9011,Childcare Workers,190.0,14.2,19340.0,19340,9.3,1.8,17470.0,BOS_M2021_dl.xlsx
2021,0200006,Alaska nonmetropolitan area,6,AK,False,39-9011,Childcare Workers,190.0,21.6,33000.0,33000,15.86,4.1,29180.0,BOS_M2021_dl.xlsx
2021,0400001,Arizona nonmetropolitan area,6,AZ,False,39-9011,Childcare Workers,130.0,18.8,27950.0,27950,13.44,2.2,26490.0,BOS_M2021_dl.xlsx
2021,0500001,North Arkansas nonmetropolitan area,6,AR,False,39-9011,Childcare Workers,380.0,11.8,23500.0,23500,11.3,1.0,22880.0,BOS_M2021_dl.xlsx
2021,0500002,East Arkansas nonmetropolitan area,6,AR,False,39-9011,Childcare Workers,370.0,9.6,23920.0,23920,11.5,1.0,22880.0,BOS_M2021_dl.xlsx
2021,0500003,West Arkansas nonmetropolitan area,6,AR,False,39-9011,Childcare Workers,330.0,8.9,23920.0,23920,11.5,0.7,22880.0,BOS_M2021_dl.xlsx
2021,0500004,South Arkansas nonmetropolitan area,6,AR,False,39-9011,Childcare Workers,280.0,11.8,23960.0,23960,11.52,0.9,22880.0,BOS_M2021_dl.xlsx
2021,0600003,North Coast Region of California nonmetropolitan area,6,CA,False,39-9011,Childcare Workers,210.0,20.2,34420.0,34420,16.55,1.6,31080.0,BOS_M2021_dl.xlsx
2021,0600006,Eastern Sierra-Mother Lode Region of California nonmetropolitan area,6,CA,False,39-9011,Childcare Workers,210.0,7.3,34790.0,34790,16.73,0.9,36770.0,BOS_M2021_dl.xlsx
2021,0600007,North Valley-Northern Mountains Region of California nonmetropolitan area,6,CA,False,39-9011,Childcare Workers,280.0,18.5,34000.0,34000,16.35,2.1,30090.0,BOS_M2021_dl.xlsx
2021,0800001,Eastern and Southern Colorado nonmetropolitan area,6,CO,False,39-9011,Childcare Workers,190.0,11.7,31880.0,31880,15.33,1.8,29130.0,BOS_M2021_dl.xlsx
2021,0800002,Southwest Colorado nonmetropolitan area,6,CO,False,39-9011,Childcare Workers,290.0,7.5,31180.0,31180,14.99,1.1,29660.0,BOS_M2021_dl.xlsx
2021,0800003,Northwest Colorado nonmetropolitan area,6,CO,False,39-9011,Childcare Workers,380.0,6.6,35390.0,35390,17.01,1.1,35670.0,BOS_M2021_dl.xlsx
2021,0900001,Connecticut nonmetropolitan area,6,CT,False,39-9011,Childcare Workers,120.0,11.2,30040.0,30040,14.44,2.1,28530.0,BOS_M2021_dl.xlsx
2021,1200003,South Florida nonmetropolitan area,6,FL,False,39-9011,Childcare Workers,270.0,9.5,25650.0,25650,12.33,1.9,23330.0,BOS_M2021_dl.xlsx
2021,1200006,North Florida nonmetropolitan area,6,FL,False,39-9011,Childcare Workers,420.0,17.6,25600.0,25600,12.31,3.6,22870.0,BOS_M2021_dl.xlsx
2021,1300001,North Georgia nonmetropolitan area,6,GA,False,39-9011,Childcare Workers,720.0,6.3,21500.0,21500,10.34,1.6,21450.0,BOS_M2021_dl.xlsx
2021,1300002,Middle Georgia nonmetropolitan area,6,GA,False,39-9011,Childcare Workers,520.0,3.5,20940.0,20940,10.07,1.8,17440.0,BOS_M2021_dl.xlsx
2021,1300003,East Georgia nonmetropolitan area,6,GA,False,39-9011,Childcare Workers,450.0,4.6,21350.0,21350,10.27,2.6,18040.0,BOS_M2021_dl.xlsx
2021,1300004,South Georgia nonmetropolitan area,6,GA,False,39-9011,Childcare Workers,800.0,3.8,21350.0,21350,10.26,1.9,18610.0,BOS_M2021_dl.xlsx
2021,1500001,Hawaii / Kauai nonmetropolitan area,6,HI,False,39-9011,Childcare Workers,300.0,8.0,29270.0,29270,14.07,3.1,28480.0,BOS_M2021_dl.xlsx
2021,1600006,Northwestern Idaho nonmetropolitan area,6,ID,False,39-9011,Childcare Workers,290.0,9.2,22890.0,22890,11.0,3.0,19100.0,BOS_M2021_dl.xlsx
2021,1600007,Southeast-Central Idaho nonmetropolitan area,6,ID,False,39-9011,Childcare Workers,200.0,15.6,22670.0,22670,10.9,5.2,18530.0,BOS_M2021_dl.xlsx
2021,1700001,Northwest Illinois nonmetropolitan area,6,IL,False,39-9011,Childcare Workers,320.0,13.0,25280.0,25280,12.15,2.0,23160.0,BOS_M2021_dl.xlsx
2021,1700002,West Central Illinois nonmetropolitan area,6,IL,False,39-9011,Childcare Workers,460.0,13.3,25670.0,25670,12.34,1.6,23240.0,BOS_M2021_dl.xlsx
2021,1700003,East Central Illinois nonmetropolitan area,6,IL,False,39-9011,Childcare Workers,440.0,8.0,25930.0,25930,12.47,1.3,23300.0,BOS_M2021_dl.xlsx
2021,1700004,South Illinois nonmetropolitan area,6,IL,False,39-9011,Childcare Workers,310.0,13.1,27270.0,27270,13.11,3.1,24040.0,BOS_M2021_dl.xlsx
2021,1800001,Northern Indiana nonmetropolitan area,6,IN,False,39-9011,Childcare Workers,420.0,6.6,24260.0,24260,11.67,3.5,22400.0,BOS_M2021_dl.xlsx
2021,1800002,Central Indiana nonmetropolitan area,6,IN,False,39-9011,Childcare Workers,320.0,9.8,22810.0,22810,10.97,3.0,22250.0,BOS_M2021_dl.xlsx
2021,1800003,Southern Indiana nonmetropolitan area,6,IN,False,39-9011,Childcare Workers,490.0,7.6,23280.0,23280,11.19,2.5,22200.0,BOS_M2021_dl.xlsx
2021,1900001,Northeast Iowa nonmetropolitan area,6,IA,False,39-9011,Childcare Workers,480.0,10.2,21180.0,21180,10.18,1.1,21730.0,BOS_M2021_dl.xlsx
2021,1900002,Northwest Iowa nonmetropolitan area,6,IA,False,39-9011,Childcare Workers,610.0,9.7,21080.0,21080,10.14,1.5,18780.0,BOS_M2021_dl.xlsx
2021,1900003,Southwest Iowa nonmetropolitan area,6,IA,False,39-9011,Childcare Workers,300.0,12.4,21410.0,21410,10.29,1.9,22120.0,BOS_M2021_dl.xlsx
2021,1900004,Southeast Iowa nonmetropolitan area,6,IA,False,39-9011,Childcare Workers,620.0,9.6,21220.0,21220,10.2,2.2,21720.0,BOS_M2021_dl.xlsx
2021,2000006,Kansas nonmetropolitan area,6,KS,False,39-9011,Childcare Workers,1240.0,9.6,21830.0,21830,10.49,1.8,21310.0,BOS_M2021_dl.xlsx
2021,2100001,West Kentucky nonmetropolitan area,6,KY,False,39-9011,Childcare Workers,880.0,5.5,22640.0,22640,10.89,1.4,22310.0,BOS_M2021_dl.xlsx
2021,2100002,South Central Kentucky nonmetropolitan area,6,KY,False,39-9011,Childcare Workers,1120.0,4.8,21490.0,21490,10.33,1.9,21900.0,BOS_M2021_dl.xlsx
2021,2100003,Central Kentucky nonmetropolitan area,6,KY,False,39-9011,Childcare Workers,1150.0,3.8,23150.0,23150,11.13,1.1,22410.0,BOS_M2021_dl.xlsx
2021,2100004,East Kentucky nonmetropolitan area,6,KY,False,39-9011,Childcare Workers,630.0,6.2,21610.0,21610,10.39,1.8,21870.0,BOS_M2021_dl.xlsx
2021,2200002,Central Louisiana nonmetropolitan area,6,LA,False,39-9011,Childcare Workers,290.0,5.9,19300.0,19300,9.28,1.3,17120.0,BOS_M2021_dl.xlsx
2021,2200003,Northeast Louisiana nonmetropolitan area,6,LA,False,39-9011,Childcare Workers,260.0,6.8,19000.0,19000,9.14,1.2,16960.0,BOS_M2021_dl.xlsx
2021,2200006,Southwest Louisiana nonmetropolitan area,6,LA,False,39-9011,Childcare Workers,280.0,4.9,18990.0,18990,9.13,1.3,17010.0,BOS_M2021_dl.xlsx
2021,2300001,Northeast Maine nonmetropolitan area,6,ME,False,39-9011,Childcare Workers,330.0,13.7,30680.0,30680,14.75,1.0,28650.0,BOS_M2021_dl.xlsx
2021,2300002,Southwest Maine nonmetropolitan area,6,ME,False,39-9011,Childcare Workers,1330.0,8.3,30390.0,30390,14.61,0.8,28990.0,BOS_M2021_dl.xlsx
2021,2400006,Maryland nonmetropolitan area,6,MD,False,39-9011,Childcare Workers,150.0,14.4,29280.0,29280,14.08,2.4,28280.0,BOS_M2021_dl.xlsx
2021,2500006,Massachusetts nonmetropolitan area,6,MA,False,39-9011,Childcare Workers,170.0,11.2,35500.0,35500,17.07,1.3,35950.0,BOS_M2021_dl.xlsx
2021,2600001,Upper Peninsula of Michigan nonmetropolitan area,6,MI,False,39-9011,Childcare Workers,400.0,9.1,25480.0,25480,12.25,1.2,23070.0,BOS_M2021_dl.xlsx
2021,2600002,Northeast Lower Peninsula of Michigan nonmetropolitan area,6,MI,False,39-9011,Childcare Workers,380.0,15.6,28540.0,28540,13.72,2.1,27860.0,BOS_M2021_dl.xlsx
2021,2600003,Northwest Lower Peninsula of Michigan nonmetropolitan area,6,MI,False,39-9011,Childcare Workers,440.0,7.6,25770.0,25770,12.39,1.2,23030.0,BOS_M2021_dl.xlsx
2021,2600004,Balance of Lower Peninsula of Michigan nonmetropolitan area,6,MI,False,39-9011,Childcare Workers,770.0,10.2,25500.0,25500,12.26,1.3,23290.0,BOS_M2021_dl.xlsx
2021,2700001,Northwest Minnesota nonmetropolitan area,6,MN,False,39-9011,Childcare Workers,390.0,17.1,27680.0,27680,13.31,1.7,28150.0,BOS_M2021_dl.xlsx
2021,2700002,Northeast Minnesota nonmetropolitan area,6,MN,False,39-9011,Childcare Workers,100.0,17.0,25870.0,25870,12.44,2.3,24360.0,BOS_M2021_dl.xlsx
2021,2700003,Southwest Minnesota nonmetropolitan area,6,MN,False,39-9011,Childcare Workers,420.0,23.3,26060.0,26060,12.53,3.9,23420.0,BOS_M2021_dl.xlsx
2021,2700004,Southeast Minnesota nonmetropolitan area,6,MN,False,39-9011,Childcare Workers,370.0,9.0,27700.0,27700,13.32,1.4,26510.0,BOS_M2021_dl.xlsx
2021,2800001,Northeast Mississippi nonmetropolitan area,6,MS,False,39-9011,Childcare Workers,730.0,14.0,19190.0,19190,9.22,1.2,17130.0,BOS_M2021_dl.xlsx
2021,2800002,Northwest Mississippi nonmetropolitan area,6,MS,False,39-9011,Childcare Workers,560.0,11.0,19150.0,19150,9.21,1.1,17190.0,BOS_M2021_dl.xlsx
2021,2800003,Southeast Mississippi nonmetropolitan area,6,MS,False,39-9011,Childcare Workers,520.0,12.8,19640.0,19640,9.44,1.7,17390.0,BOS_M2021_dl.xlsx
2021,2800004,Southwest Mississippi nonmetropolitan area,6,MS,False,39-9011,Childcare Workers,330.0,9.4,18860.0,18860,9.07,1.7,17070.0,BOS_M2021_dl.xlsx
2021,2900001,Central Missouri nonmetropolitan area,6,MO,False,39-9011,Childcare Workers,580.0,17.4,24050.0,24050,11.56,3.6,22160.0,BOS_M2021_dl.xlsx
2021,2900002,North Missouri nonmetropolitan area,6,MO,False,39-9011,Childcare Workers,390.0,6.1,23480.0,23480,11.29,1.8,22180.0,BOS_M2021_dl.xlsx
2021,2900003,Southeast Missouri nonmetropolitan area,6,MO,False,39-9011,Childcare Workers,590.0,7.3,23870.0,23870,11.48,1.7,22200.0,BOS_M2021_dl.xlsx
2021,2900004,Southwest Missouri nonmetropolitan area,6,MO,False,39-9011,Childcare Workers,210.0,11.0,24390.0,24390,11.73,1.8,22500.0,BOS_M2021_dl.xlsx
2021,3000003,Southwest Montana nonmetropolitan area,6,MT,False,39-9011,Childcare Workers,540.0,8.8,25190.0,25190,12.11,1.8,23410.0,BOS_M2021_dl.xlsx
2021,3000004,West Montana nonmetropolitan area,6,MT,False,39-9011,Childcare Workers,280.0,9.1,25410.0,25410,12.22,1.3,23560.0,BOS_M2021_dl.xlsx
2021,3000006,East-Central Montana nonmetropolitan area,6,MT,False,39-9011,Childcare Workers,170.0,11.1,23890.0,23890,11.49,3.3,22980.0,BOS_M2021_dl.xlsx
2021,3100001,Northwest Nebraska nonmetropolitan area,6,NE,False,39-9011,Childcare Workers,140.0,12.6,25510.0,25510,12.26,5.0,22280.0,BOS_M2021_dl.xlsx
2021,3100003,Northeast Nebraska nonmetropolitan area,6,NE,False,39-9011,Childcare Workers,610.0,9.1,24580.0,24580,11.82,2.2,23010.0,BOS_M2021_dl.xlsx
2021,3100006,South Nebraska nonmetropolitan area,6,NE,False,39-9011,Childcare Workers,1200.0,4.6,24030.0,24030,11.55,1.9,22090.0,BOS_M2021_dl.xlsx
2021,3200006,Nevada nonmetropolitan area,6,NV,False,39-9011,Childcare Workers,200.0,11.6,25180.0,25180,12.11,3.1,23430.0,BOS_M2021_dl.xlsx
2021,3300001,Northern New Hampshire nonmetropolitan area,6,NH,False,39-9011,Childcare Workers,90.0,13.0,23200.0,23200,11.16,4.9,22460.0,BOS_M2021_dl.xlsx
2021,3300002,Central New Hampshire nonmetropolitan area,6,NH,False,39-9011,Childcare Workers,260.0,11.4,22820.0,22820,10.97,3.5,22330.0,BOS_M2021_dl.xlsx
2021,3300006,West Central-Southwest New Hampshire nonmetropolitan area,6,NH,False,39-9011,Childcare Workers,280.0,9.2,24450.0,24450,11.76,3.0,23260.0,BOS_M2021_dl.xlsx
2021,3500006,Northern New Mexico nonmetropolitan area,6,NM,False,39-9011,Childcare Workers,140.0,9.6,24490.0,24490,11.77,1.6,22430.0,BOS_M2021_dl.xlsx
2021,3500007,Eastern New Mexico nonmetropolitan area,6,NM,False,39-9011,Childcare Workers,380.0,12.0,24940.0,24940,11.99,2.3,22470.0,BOS_M2021_dl.xlsx
2021,3600001,Capital/Northern New York nonmetropolitan area,6,NY,False,39-9011,Childcare Workers,530.0,10.9,28900.0,28900,13.89,1.1,27940.0,BOS_M2021_dl.xlsx
2021,3600004,Southwest New York nonmetropolitan area,6,NY,False,39-9011,Childcare Workers,810.0,9.9,29810.0,29810,14.33,1.9,28000.0,BOS_M2021_dl.xlsx
2021,3600006,Central East New York nonmetropolitan area,6,NY,False,39-9011,Childcare Workers,680.0,8.0,29280.0,29280,14.08,1.2,28460.0,BOS_M2021_dl.xlsx
2021,3700001,Southeast Coastal North Carolina nonmetropolitan area,6,NC,False,39-9011,Childcare Workers,600.0,34.1,22370.0,22370,10.76,2.4,22370.0,BOS_M2021_dl.xlsx
2021,3700002,Northeast Coastal North Carolina nonmetropolitan area,6,NC,False,39-9011,Childcare Workers,160.0,10.2,23230.0,23230,11.17,1.9,22140.0,BOS_M2021_dl.xlsx
2021,3700003,Piedmont North Carolina nonmetropolitan area,6,NC,False,39-9011,Childcare Workers,560.0,9.0,23500.0,23500,11.3,7.7,22490.0,BOS_M2021_dl.xlsx
2021,3700004,Mountain North Carolina nonmetropolitan area,6,NC,False,39-9011,Childcare Workers,290.0,11.6,24510.0,24510,11.79,3.6,23550.0,BOS_M2021_dl.xlsx
2021,3800006,West North Dakota nonmetropolitan area,6,ND,False,39-9011,Childcare Workers,790.0,6.7,26250.0,26250,12.62,1.5,23390.0,BOS_M2021_dl.xlsx
2021,3800007,East North Dakota nonmetropolitan area,6,ND,False,39-9011,Childcare Workers,690.0,11.7,24060.0,24060,11.57,2.2,23020.0,BOS_M2021_dl.xlsx
2021,3900001,West Northwestern Ohio nonmetropolitan area,6,OH,False,39-9011,Childcare Workers,520.0,8.7,22060.0,22060,10.61,1.5,21220.0,BOS_M2021_dl.xlsx
2021,3900002,North Northeastern Ohio nonmetropolitan area (noncontiguous),6,OH,False,39-9011,Childcare Workers,560.0,8.6,22910.0,22910,11.02,2.1,21980.0,BOS_M2021_dl.xlsx
2021,3900003,Eastern Ohio nonmetropolitan area,6,OH,False,39-9011,Childcare Workers,230.0,11.4,25370.0,25370,12.2,2.1,23020.0,BOS_M2021_dl.xlsx
2021,3900004,Southern Ohio nonmetropolitan area,6,OH,False,39-9011,Childcare Workers,280.0,8.9,24390.0,24390,11.73,1.6,22420.0,BOS_M2021_dl.xlsx
2021,4000001,Northeast Oklahoma nonmetropolitan area,6,OK,False,39-9011,Childcare Workers,430.0,11.5,23490.0,23490,11.3,2.0,22300.0,BOS_M2021_dl.xlsx
2021,4000002,Northwest Oklahoma nonmetropolitan area,6,OK,False,39-9011,Childcare Workers,330.0,7.5,21070.0,21070,10.13,3.2,18530.0,BOS_M2021_dl.xlsx
2021,4000003,Southwest Oklahoma nonmetropolitan area,6,OK,False,39-9011,Childcare Workers,200.0,11.4,21190.0,21190,10.19,2.4,21590.0,BOS_M2021_dl.xlsx
2021,4000004,Southeast Oklahoma nonmetropolitan area,6,OK,False,39-9011,Childcare Workers,810.0,11.4,23160.0,23160,11.14,2.2,22110.0,BOS_M2021_dl.xlsx
2021,4100006,Coast Oregon nonmetropolitan area,6,OR,False,39-9011,Childcare Workers,190.0,26.2,30460.0,30460,14.64,1.9,29220.0,BOS_M2021_dl.xlsx
2021,4100007,Central Oregon nonmetropolitan area,6,OR,False,39-9011,Childcare Workers,280.0,10.8,31310.0,31310,15.05,1.8,28980.0,BOS_M2021_dl.xlsx
2021,4100008,Eastern Oregon nonmetropolitan area,6,OR,False,39-9011,Childcare Workers,210.0,10.6,31890.0,31890,15.33,1.7,28350.0,BOS_M2021_dl.xlsx
2021,4200001,Western Pennsylvania nonmetropolitan area,6,PA,False,39-9011,Childcare Workers,520.0,9.0,22850.0,22850,10.99,2.2,22510.0,BOS_M2021_dl.xlsx
2021,4200002,Northern Pennsylvania nonmetropolitan area,6,PA,False,39-9011,Childcare Workers,550.0,12.7,22670.0,22670,10.9,2.4,22580.0,BOS_M2021_dl.xlsx
2021,4200003,Southern Pennsylvania nonmetropolitan area,6,PA,False,39-9011,Childcare Workers,430.0,13.2,22420.0,22420,10.78,2.3,22290.0,BOS_M2021_dl.xlsx
2021,4500002,Upper Savannah South Carolina nonmetropolitan area,6,SC,False,39-9011,Childcare Workers,290.0,9.8,23940.0,23940,11.51,4.0,22080.0,BOS_M2021_dl.xlsx
2021,4500004,Lower Savannah South Carolina nonmetropolitan area,6,SC,False,39-9011,Childcare Workers,190.0,10.0,22140.0,22140,10.64,2.9,20970.0,BOS_M2021_dl.xlsx
2021,4500006,Northeast South Carolina nonmetropolitan area,6,SC,False,39-9011,Childcare Workers,220.0,9.3,21830.0,21830,10.49,2.9,20920.0,BOS_M2021_dl.xlsx
2021,4600002,East South Dakota nonmetropolitan area,6,SD,False,39-9011,Childcare Workers,540.0,4.7,23840.0,23840,11.46,0.7,22420.0,BOS_M2021_dl.xlsx
2021,4600003,West South Dakota nonmetropolitan area,6,SD,False,39-9011,Childcare Workers,450.0,5.7,22860.0,22860,10.99,0.7,22340.0,BOS_M2021_dl.xlsx
2021,4700001,West Tennessee nonmetropolitan area,6,TN,False,39-9011,Childcare Workers,320.0,8.3,22270.0,22270,10.71,2.2,21930.0,BOS_M2021_dl.xlsx
2021,4700002,South Central Tennessee nonmetropolitan area,6,TN,False,39-9011,Childcare Workers,310.0,5.8,22400.0,22400,10.77,2.6,21850.0,BOS_M2021_dl.xlsx
2021,4700003,North Central Tennessee nonmetropolitan area,6,TN,False,39-9011,Childcare Workers,290.0,6.3,22140.0,22140,10.64,2.3,21520.0,BOS_M2021_dl.xlsx
2021,4700004,East Tennessee nonmetropolitan area,6,TN,False,39-9011,Childcare Workers,280.0,6.2,21510.0,21510,10.34,2.5,21420.0,BOS_M2021_dl.xlsx
2021,4800001,West Texas Region of Texas nonmetropolitan area,6,TX,False,39-9011,Childcare Workers,440.0,7.9,22740.0,22740,10.94,1.7,22140.0,BOS_M2021_dl.xlsx
2021,4800002,North Texas Region of Texas nonmetropolitan area,6,TX,False,39-9011,Childcare Workers,870.0,9.5,21390.0,21390,10.29,2.5,19150.0,BOS_M2021_dl.xlsx
2021,4800003,Big Thicket Region of Texas nonmetropolitan area,6,TX,False,39-9011,Childcare Workers,360.0,9.9,22080.0,22080,10.61,1.3,21140.0,BOS_M2021_dl.xlsx
2021,4800004,Hill Country Region of Texas nonmetropolitan area,6,TX,False,39-9011,Childcare Workers,530.0,7.6,22220.0,22220,10.68,1.4,22100.0,BOS_M2021_dl.xlsx
2021,4800005,Border Region of Texas nonmetropolitan area,6,TX,False,39-9011,Childcare Workers,240.0,8.4,21140.0,21140,10.17,2.1,19150.0,BOS_M2021_dl.xlsx
2021,4800006,Coastal Plains Region of Texas nonmetropolitan area,6,TX,False,39-9011,Childcare Workers,620.0,5.0,21840.0,21840,10.5,2.8,21020.0,BOS_M2021_dl.xlsx
2021,4900006,Eastern Utah nonmetropolitan area,6,UT,False,39-9011,Childcare Workers,240.0,11.7,26580.0,26580,12.78,2.8,28350.0,BOS_M2021_dl.xlsx
2021,4900007,Central Utah nonmetropolitan area,6,UT,False,39-9011,Childcare Workers,260.0,10.9,24850.0,24850,11.95,2.2,23410.0,BOS_M2021_dl.xlsx
2021,5000001,Southern Vermont nonmetropolitan area,6,VT,False,39-9011,Childcare Workers,460.0,10.9,32860.0,32860,15.8,2.0,28850.0,BOS_M2021_dl.xlsx
2021,5000002,Northern Vermont nonmetropolitan area,6,VT,False,39-9011,Childcare Workers,210.0,18.0,32320.0,32320,15.54,3.0,28840.0,BOS_M2021_dl.xlsx
2021,5100001,Southwest Virginia nonmetropolitan area,6,VA,False,39-9011,Childcare Workers,170.0,10.0,22780.0,22780,10.95,1.1,22110.0,BOS_M2021_dl.xlsx
2021,5100002,Southside Virginia nonmetropolitan area,6,VA,False,39-9011,Childcare Workers,210.0,9.6,22880.0,22880,11.0,1.8,22110.0,BOS_M2021_dl.xlsx
2021,5100003,Northeast Virginia nonmetropolitan area,6,VA,False,39-9011,Childcare Workers,120.0,13.7,22270.0,22270,10.71,0.8,22330.0,BOS_M2021_dl.xlsx
2021,5100004,Northwest Virginia nonmetropolitan area,6,VA,False,39-9011,Childcare Workers,200.0,7.6,25070.0,25070,12.05,1.1,22810.0,BOS_M2021_dl.xlsx
2021,5300006,Western Washington nonmetropolitan area,6,WA,False,39-9011,Childcare Workers,210.0,10.5,33210.0,33210,15.97,2.1,29500.0,BOS_M2021_dl.xlsx
2021,5300007,Eastern Washington nonmetropolitan area,6,WA,False,39-9011,Childcare Workers,190.0,15.1,31210.0,31210,15.01,1.5,29470.0,BOS_M2021_dl.xlsx
2021,5400001,Southern West Virginia nonmetropolitan area,6,WV,False,39-9011,Childcare Workers,100.0,18.8,23030.0,23030,11.07,4.7,19110.0,BOS_M2021_dl.xlsx
2021,5400002,Northern West Virginia nonmetropolitan area,6,WV,False,39-9011,Childcare Workers,270.0,14.1,21190.0,21190,10.19,2.1,21600.0,BOS_M2021_dl.xlsx
2021,5500001,Northwestern Wisconsin nonmetropolitan area,6,WI,False,39-9011,Childcare Workers,110.0,13.0,25490.0,25490,12.26,2.7,23340.0,BOS_M2021_dl.xlsx
2021,5500002,Northeastern Wisconsin nonmetropolitan area,6,WI,False,39-9011,Childcare Workers,380.0,14.0,25590.0,25590,12.31,3.4,23240.0,BOS_M2021_dl.xlsx
2021,5500003,South Central Wisconsin nonmetropolitan area,6,WI,False,39-9011,Childcare Workers,420.0,20.2,26430.0,26430,12.71,2.8,28360.0,BOS_M2021_dl.xlsx
2021,5500004,Western Wisconsin nonmetropolitan area,6,WI,False,39-9011,Childcare Workers,400.0,20.6,27360.0,27360,13.15,3.6,24420.0,BOS_M2021_dl.xlsx
2021,5600006,Western Wyoming nonmetropolitan area,6,WY,False,39-9011,Childcare Workers,410.0,20.7,30640.0,30640,14.73,8.1,29470.0,BOS_M2021_dl.xlsx
2021,5600007,Eastern Wyoming nonmetropolitan area,6,WY,False,39-9011,Childcare Workers,420.0,18.5,26670.0,26670,12.82,6.4,23120.0,BOS_M2021_dl.xlsx
2021,6600001,Guam,6,GU,False,39-9011,Childcare Workers,170.0,21.4,19750.0,19750,9.49,2.9,18720.0,BOS_M2021_dl.xlsx
2021,7800001,Virgin Islands,6,VI,False,39-9011,Childcare Workers,40.0,31.9,26430.0,26430,12.71,2.5,23200.0,BOS_M2021_dl.xlsx
2021,0010180,"Abilene, TX",4,TX,True,39-9011,Childcare Workers,240.0,9.5,22960.0,22960,11.04,1.9,22020.0,MSA_M2021_dl.xlsx
2021,0010380,"Aguadilla-Isabela, PR",4,PR,True,39-9011,Childcare Workers,70.0,15.1,18690.0,18690,8.98,1.7,17750.0,MSA_M2021_dl.xlsx
2021,0010420,"Akron, OH",4,OH,True,39-9011,Childcare Workers,730.0,10.8,25930.0,25930,12.47,1.9,23820.0,MSA_M2021_dl.xlsx
2021,0010500,"Albany, GA",4,GA,True,39-9011,Childcare Workers,390.0,5.8,21080.0,21080,10.14,2.4,21170.0,MSA_M2021_dl.xlsx
2021,0010540,"Albany, OR",4,OR,True,39-9011,Childcare Workers,80.0,15.1,27340.0,27340,13.15,2.1,25410.0,MSA_M2021_dl.xlsx
2021,0010580,"Albany-Schenectady-Troy, NY",4,NY,True,39-9011,Childcare Workers,2110.0,8.1,30660.0,30660,14.74,1.2,28770.0,MSA_M2021_dl.xlsx
2021,0010740,"Albuquerque, NM",4,NM,True,39-9011,Childcare Workers,960.0,12.7,25120.0,25120,12.08,1.6,23260.0,MSA_M2021_dl.xlsx
2021,0010780,"Alexandria, LA",4,LA,True,39-9011,Childcare Workers,250.0,6.1,19670.0,19670,9.46,1.1,18250.0,MSA_M2021_dl.xlsx
2021,0010900,"Allentown-Bethlehem-Easton, PA-NJ",4,PA,True,39-9011,Childcare Workers,1240.0,14.3,25950.0,25950,12.48,2.0,24960.0,MSA_M2021_dl.xlsx
2021,0011020,"Altoona, PA",4,PA,True,39-9011,Childcare Workers,180.0,9.0,22200.0,22200,10.67,2.0,22060.0,MSA_M2021_dl.xlsx
2021,0011100,"Amarillo, TX",4,TX,True,39-9011,Childcare Workers,540.0,6.7,21690.0,21690,10.43,2.6,20460.0,MSA_M2021_dl.xlsx
2021,0011180,"Ames, IA",4,IA,True,39-9011,Childcare Workers,190.0,12.6,21800.0,21800,10.48,2.1,22090.0,MSA_M2021_dl.xlsx
2021,0011260,"Anchorage, AK",4,AK,True,39-9011,Childcare Workers,580.0,17.6,30700.0,30700,14.76,1.1,28710.0,MSA_M2021_dl.xlsx
2021,0011460,"Ann Arbor, MI",4,MI,True,39-9011,Childcare Workers,630.0,8.2,26610.0,26610,12.79,1.3,24040.0,MSA_M2021_dl.xlsx
2021,0011500,"Anniston-Oxford-Jacksonville, AL",4,AL,True,39-9011,Childcare Workers,120.0,11.9,21010.0,21010,10.1,4.6,17440.0,MSA_M2021_dl.xlsx
2021,0011540,"Appleton, WI",4,WI,True,39-9011,Childcare Workers,230.0,8.4,24700.0,24700,11.88,1.4,23430.0,MSA_M2021_dl.xlsx
2021,0011640,"Arecibo, PR",4,PR,True,39-9011,Childcare Workers,40.0,13.6,18320.0,18320,8.81,3.3,18130.0,MSA_M2021_dl.xlsx
2021,0011700,"Asheville, NC",4,NC,True,39-9011,Childcare Workers,560.0,10.8,25170.0,25170,12.1,1.6,23420.0,MSA_M2021_dl.xlsx
2021,0012020,"Athens-Clarke County, GA",4,GA,True,39-9011,Childcare Workers,490.0,5.0,22690.0,22690,10.91,1.8,22230.0,MSA_M2021_dl.xlsx
2021,0012060,"Atlanta-Sandy Springs-Roswell, GA",4,GA,True,39-9011,Childcare Workers,9600.0,14.7,25700.0,25700,12.36,3.6,23180.0,MSA_M2021_dl.xlsx
2021,0012100,"Atlantic City-Hammonton, NJ",4,NJ,True,39-9011,Childcare Workers,220.0,10.1,29900.0,29900,14.38,1.6,28470.0,MSA_M2021_dl.xlsx
2021,0012220,"Auburn-Opelika, AL",4,AL,True,39-9011,Childcare Workers,250.0,16.5,21390.0,21390,10.28,3.0,21420.0,MSA_M2021_dl.xlsx
2021,0012260,"Augusta-Richmond County, GA-SC",4,GA,True,39-9011,Childcare Workers,1130.0,4.4,22000.0,22000,10.58,1.2,21750.0,MSA_M2021_dl.xlsx
2021,0012420,"Austin-Round Rock, TX",4,TX,True,39-9011,Childcare Workers,4260.0,6.7,25210.0,25210,12.12,1.2,23600.0,MSA_M2021_dl.xlsx
2021,0012540,"Bakersfield, CA",4,CA,True,39-9011,Childcare Workers,910.0,12.5,32570.0,32570,15.66,1.4,30160.0,MSA_M2021_dl.xlsx
2021,0012580,"Baltimore-Columbia-Towson, MD",4,MD,True,39-9011,Childcare Workers,3450.0,14.8,29710.0,29710,14.29,1.5,28780.0,MSA_M2021_dl.xlsx
2021,0012940,"Baton Rouge, LA",4,LA,True,39-9011,Childcare Workers,1450.0,7.2,22080.0,22080,10.62,3.2,21190.0,MSA_M2021_dl.xlsx
2021,0012980,"Battle Creek, MI",4,MI,True,39-9011,Childcare Workers,140.0,10.7,25690.0,25690,12.35,2.1,24130.0,MSA_M2021_dl.xlsx
2021,0013020,"Bay City, MI",4,MI,True,39-9011,Childcare Workers,80.0,11.5,24460.0,24460,11.76,1.7,23030.0,MSA_M2021_dl.xlsx
2021,0013140,"Beaumont-Port Arthur, TX",4,TX,True,39-9011,Childcare Workers,520.0,8.8,21750.0,21750,10.46,1.5,21260.0,MSA_M2021_dl.xlsx
2021,0013220,"Beckley, WV",4,WV,True,39-9011,Childcare Workers,120.0,20.8,20920.0,20920,10.06,2.3,20130.0,MSA_M2021_dl.xlsx
2021,0013380,"Bellingham, WA",4,WA,True,39-9011,Childcare Workers,,,29650.0,29650,14.26,3.5,29410.0,MSA_M2021_dl.xlsx
2021,0013460,"Bend-Redmond, OR",4,OR,True,39-9011,Childcare Workers,190.0,19.5,31150.0,31150,14.98,3.1,28620.0,MSA_M2021_dl.xlsx
2021,0013740,"Billings, MT",4,MT,True,39-9011,Childcare Workers,360.0,7.7,25450.0,25450,12.23,1.2,23570.0,MSA_M2021_dl.xlsx
2021,0013780,"Binghamton, NY",4,NY,True,39-9011,Childcare Workers,540.0,8.9,29350.0,29350,14.11,0.9,28780.0,MSA_M2021_dl.xlsx
2021,0013820,"Birmingham-Hoover, AL",4,AL,True,39-9011,Childcare Workers,1100.0,11.9,21540.0,21540,10.35,1.6,20960.0,MSA_M2021_dl.xlsx
2021,0013900,"Bismarck, ND",4,ND,True,39-9011,Childcare Workers,670.0,3.7,26490.0,26490,12.74,1.3,23920.0,MSA_M2021_dl.xlsx
2021,0013980,"Blacksburg-Christiansburg-Radford, VA",4,VA,True,39-9011,Childcare Workers,250.0,10.9,24770.0,24770,11.91,1.5,22350.0,MSA_M2021_dl.xlsx
2021,0014010,"Bloomington, IL",4,IL,True,39-9011,Childcare Workers,410.0,6.3,25390.0,25390,12.21,0.9,23910.0,MSA_M2021_dl.xlsx
2021,0014020,"Bloomington, IN",4,IN,True,39-9011,Childcare Workers,260.0,8.4,23270.0,23270,11.19,2.0,23010.0,MSA_M2021_dl.xlsx
2021,0014100,"Bloomsburg-Berwick, PA",4,PA,True,39-9011,Childcare Workers,140.0,9.8,22840.0,22840,10.98,1.8,22500.0,MSA_M2021_dl.xlsx
2021,0014260,"Boise City, ID",4,ID,True,39-9011,Childcare Workers,970.0,11.3,22990.0,22990,11.05,2.8,21400.0,MSA_M2021_dl.xlsx
2021,0014500,"Boulder, CO",4,CO,True,39-9011,Childcare Workers,700.0,6.5,34090.0,34090,16.39,0.8,31030.0,MSA_M2021_dl.xlsx
2021,0014540,"Bowling Green, KY",4,KY,True,39-9011,Childcare Workers,380.0,5.0,22100.0,22100,10.62,1.8,22400.0,MSA_M2021_dl.xlsx
2021,0014740,"Bremerton-Silverdale, WA",4,WA,True,39-9011,Childcare Workers,110.0,12.5,32420.0,32420,15.59,1.7,30210.0,MSA_M2021_dl.xlsx
2021,0015180,"Brownsville-Harlingen, TX",4,TX,True,39-9011,Childcare Workers,1020.0,7.8,21450.0,21450,10.31,2.4,21160.0,MSA_M2021_dl.xlsx
2021,0015260,"Brunswick, GA",4,GA,True,39-9011,Childcare Workers,160.0,7.2,23520.0,23520,11.31,2.0,22810.0,MSA_M2021_dl.xlsx
2021,0015380,"Buffalo-Cheektowaga-Niagara Falls, NY",4,NY,True,39-9011,Childcare Workers,2510.0,10.2,29880.0,29880,14.37,1.8,28430.0,MSA_M2021_dl.xlsx
2021,0015500,"Burlington, NC",4,NC,True,39-9011,Childcare Workers,110.0,9.0,23000.0,23000,11.06,1.5,21710.0,MSA_M2021_dl.xlsx
2021,0015680,"California-Lexington Park, MD",4,MD,True,39-9011,Childcare Workers,80.0,15.2,27930.0,27930,13.43,2.7,27460.0,MSA_M2021_dl.xlsx
2021,0015940,"Canton-Massillon, OH",4,OH,True,39-9011,Childcare Workers,410.0,8.6,24000.0,24000,11.54,1.7,21960.0,MSA_M2021_dl.xlsx
2021,0015980,"Cape Coral-Fort Myers, FL",4,FL,True,39-9011,Childcare Workers,550.0,7.7,28300.0,28300,13.61,1.7,28410.0,MSA_M2021_dl.xlsx
2021,0016020,"Cape Girardeau, MO-IL",4,MO,True,39-9011,Childcare Workers,170.0,8.8,24760.0,24760,11.91,2.9,22810.0,MSA_M2021_dl.xlsx
2021,0016060,"Carbondale-Marion, IL",4,IL,True,39-9011,Childcare Workers,210.0,9.4,25080.0,25080,12.06,1.1,23240.0,MSA_M2021_dl.xlsx
2021,0016180,"Carson City, NV",4,NV,True,39-9011,Childcare Workers,70.0,15.0,29600.0,29600,14.23,5.9,29460.0,MSA_M2021_dl.xlsx
2021,0016220,"Casper, WY",4,WY,True,39-9011,Childcare Workers,160.0,19.0,24850.0,24850,11.95,4.6,22980.0,MSA_M2021_dl.xlsx
2021,0016300,"Cedar Rapids, IA",4,IA,True,39-9011,Childcare Workers,450.0,9.6,23330.0,23330,11.22,2.0,22910.0,MSA_M2021_dl.xlsx
2021,0016540,"Chambersburg-Waynesboro, PA",4,PA,True,39-9011,Childcare Workers,170.0,31.1,24410.0,24410,11.74,7.2,22980.0,MSA_M2021_dl.xlsx
2021,0016580,"Champaign-Urbana, IL",4,IL,True,39-9011,Childcare Workers,370.0,8.1,26980.0,26980,12.97,1.8,24190.0,MSA_M2021_dl.xlsx
2021,0016620,"Charleston, WV",4,WV,True,39-9011,Childcare Workers,190.0,13.3,21670.0,21670,10.42,1.9,20680.0,MSA_M2021_dl.xlsx
2021,0016700,"Charleston-North Charleston, SC",4,SC,True,39-9011,Childcare Workers,930.0,10.2,23180.0,23180,11.14,1.5,22980.0,MSA_M2021_dl.xlsx
2021,0016740,"Charlotte-Concord-Gastonia, NC-SC",4,NC,True,39-9011,Childcare Workers,3400.0,8.6,24530.0,24530,11.79,1.6,23490.0,MSA_M2021_dl.xlsx
2021,0016820,"Charlottesville, VA",4,VA,True,39-9011,Childcare Workers,310.0,10.3,25970.0,25970,12.49,1.4,23590.0,MSA_M2021_dl.xlsx
2021,0016860,"Chattanooga, TN-GA",4,TN,True,39-9011,Childcare Workers,890.0,4.6,23360.0,23360,11.23,1.6,22340.0,MSA_M2021_dl.xlsx
2021,0016940,"Cheyenne, WY",4,WY,True,39-9011,Childcare Workers,160.0,15.2,24100.0,24100,11.59,6.1,22140.0,MSA_M2021_dl.xlsx
2021,0016980,"Chicago-Naperville-Elgin, IL-IN-WI",4,IL,True,39-9011,Childcare Workers,12610.0,8.4,29630.0,29630,14.24,2.5,28660.0,MSA_M2021_dl.xlsx
2021,0017020,"Chico, CA",4,CA,True,39-9011,Childcare Workers,210.0,10.6,32320.0,32320,15.54,1.1,29430.0,MSA_M2021_dl.xlsx
2021,0017140,"Cincinnati, OH-KY-IN",4,OH,True,39-9011,Childcare Workers,3450.0,8.8,26660.0,26660,12.82,1.2,25330.0,MSA_M2021_dl.xlsx
2021,0017300,"Clarksville, TN-KY",4,TN,True,39-9011,Childcare Workers,560.0,7.0,21940.0,21940,10.55,2.1,22040.0,MSA_M2021_dl.xlsx
2021,0017420,"Cleveland, TN",4,TN,True,39-9011,Childcare Workers,180.0,8.9,21260.0,21260,10.22,1.9,18610.0,MSA_M2021_dl.xlsx
2021,0017460,"Cleveland-Elyria, OH",4,OH,True,39-9011,Childcare Workers,2370.0,13.9,26370.0,26370,12.68,2.3,23310.0,MSA_M2021_dl.xlsx
2021,0017660,"Coeur d'Alene, ID",4,ID,True,39-9011,Childcare Workers,190.0,12.5,22930.0,22930,11.02,2.3,22450.0,MSA_M2021_dl.xlsx
2021,0017780,"College Station-Bryan, TX",4,TX,True,39-9011,Childcare Workers,640.0,4.5,21000.0,21000,10.1,1.2,21110.0,MSA_M2021_dl.xlsx
2021,0017820,"Colorado Springs, CO",4,CO,True,39-9011,Childcare Workers,750.0,11.7,30170.0,30170,14.5,0.9,28820.0,MSA_M2021_dl.xlsx
2021,0017860,"Columbia, MO",4,MO,True,39-9011,Childcare Workers,530.0,9.4,25360.0,25360,12.19,1.8,22680.0,MSA_M2021_dl.xlsx
2021,0017900,"Columbia, SC",4,SC,True,39-9011,Childcare Workers,740.0,9.5,23180.0,23180,11.14,1.5,22460.0,MSA_M2021_dl.xlsx
2021,0017980,"Columbus, GA-AL",4,GA,True,39-9011,Childcare Workers,590.0,6.3,21240.0,21240,10.21,1.6,21320.0,MSA_M2021_dl.xlsx
2021,0018020,"Columbus, IN",4,IN,True,39-9011,Childcare Workers,110.0,12.2,24610.0,24610,11.83,2.4,22840.0,MSA_M2021_dl.xlsx
2021,0018140,"Columbus, OH",4,OH,True,39-9011,Childcare Workers,3500.0,13.7,27150.0,27150,13.06,3.5,23470.0,MSA_M2021_dl.xlsx
2021,0018580,"Corpus Christi, TX",4,TX,True,39-9011,Childcare Workers,750.0,5.4,21510.0,21510,10.34,1.2,20640.0,MSA_M2021_dl.xlsx
2021,0018700,"Corvallis, OR",4,OR,True,39-9011,Childcare Workers,90.0,21.2,29880.0,29880,14.37,1.7,28350.0,MSA_M2021_dl.xlsx
2021,0018880,"Crestview-Fort Walton Beach-Destin, FL",4,FL,True,39-9011,Childcare Workers,270.0,12.2,27710.0,27710,13.32,2.0,28180.0,MSA_M2021_dl.xlsx
2021,0019060,"Cumberland, MD-WV",4,MD,True,39-9011,Childcare Workers,90.0,10.8,24520.0,24520,11.79,1.8,24440.0,MSA_M2021_dl.xlsx
2021,0019100,"Dallas-Fort Worth-Arlington, TX",4,TX,True,39-9011,Childcare Workers,11290.0,11.2,25360.0,25360,12.19,2.5,23160.0,MSA_M2021_dl.xlsx
2021,0019140,"Dalton, GA",4,GA,True,39-9011,Childcare Workers,100.0,10.1,21430.0,21430,10.3,1.9,21460.0,MSA_M2021_dl.xlsx
2021,0019300,"Daphne-Fairhope-Foley, AL",4,AL,True,39-9011,Childcare Workers,170.0,10.4,20620.0,20620,9.91,2.5,18480.0,MSA_M2021_dl.xlsx
2021,0019340,"Davenport-Moline-Rock Island, IA-IL",4,IA,True,39-9011,Childcare Workers,440.0,6.7,25550.0,25550,12.29,1.3,23160.0,MSA_M2021_dl.xlsx
2021,0019380,"Dayton, OH",4,OH,True,39-9011,Childcare Workers,750.0,12.1,25620.0,25620,12.32,2.4,23270.0,MSA_M2021_dl.xlsx
2021,0019460,"Decatur, AL",4,AL,True,39-9011,Childcare Workers,120.0,12.1,21100.0,21100,10.15,5.2,18530.0,MSA_M2021_dl.xlsx
2021,0019500,"Decatur, IL",4,IL,True,39-9011,Childcare Workers,90.0,15.6,26830.0,26830,12.9,3.0,23390.0,MSA_M2021_dl.xlsx
2021,0019660,"Deltona-Daytona Beach-Ormond Beach, FL",4,FL,True,39-9011,Childcare Workers,670.0,9.5,29540.0,29540,14.2,1.6,27250.0,MSA_M2021_dl.xlsx
2021,0019740,"Denver-Aurora-Lakewood, CO",4,CO,True,39-9011,Childcare Workers,5060.0,9.0,34190.0,34190,16.44,1.0,30400.0,MSA_M2021_dl.xlsx
2021,0019780,"Des Moines-West Des Moines, IA",4,IA,True,39-9011,Childcare Workers,1200.0,13.3,23410.0,23410,11.26,1.6,23160.0,MSA_M2021_dl.xlsx
2021,0019820,"Detroit-Warren-Dearborn, MI",4,MI,True,39-9011,Childcare Workers,5580.0,7.1,27690.0,27690,13.31,1.1,24160.0,MSA_M2021_dl.xlsx
2021,0020020,"Dothan, AL",4,AL,True,39-9011,Childcare Workers,140.0,15.2,19240.0,19240,9.25,6.6,17500.0,MSA_M2021_dl.xlsx
2021,0020100,"Dover, DE",4,DE,True,39-9011,Childcare Workers,80.0,13.4,24450.0,24450,11.75,1.8,22290.0,MSA_M2021_dl.xlsx
2021,0020220,"Dubuque, IA",4,IA,True,39-9011,Childcare Workers,180.0,10.5,22190.0,22190,10.67,1.9,22360.0,MSA_M2021_dl.xlsx
2021,0020260,"Duluth, MN-WI",4,MN,True,39-9011,Childcare Workers,340.0,7.3,26110.0,26110,12.55,1.3,24620.0,MSA_M2021_dl.xlsx
2021,0020500,"Durham-Chapel Hill, NC",4,NC,True,39-9011,Childcare Workers,580.0,13.4,28080.0,28080,13.5,4.3,26310.0,MSA_M2021_dl.xlsx
2021,0020700,"East Stroudsburg, PA",4,PA,True,39-9011,Childcare Workers,190.0,10.1,24400.0,24400,11.73,2.0,22900.0,MSA_M2021_dl.xlsx
2021,0020740,"Eau Claire, WI",4,WI,True,39-9011,Childcare Workers,210.0,9.7,23970.0,23970,11.52,1.3,22980.0,MSA_M2021_dl.xlsx
2021,0020940,"El Centro, CA",4,CA,True,39-9011,Childcare Workers,140.0,21.9,33720.0,33720,16.21,6.9,29920.0,MSA_M2021_dl.xlsx
2021,0021060,"Elizabethtown-Fort Knox, KY",4,KY,True,39-9011,Childcare Workers,310.0,6.7,23750.0,23750,11.42,1.6,22980.0,MSA_M2021_dl.xlsx
2021,0021140,"Elkhart-Goshen, IN",4,IN,True,39-9011,Childcare Workers,130.0,8.6,27240.0,27240,13.1,5.2,23390.0,MSA_M2021_dl.xlsx
2021,0021300,"Elmira, NY",4,NY,True,39-9011,Childcare Workers,120.0,13.3,28360.0,28360,13.64,1.4,26280.0,MSA_M2021_dl.xlsx
2021,0021340,"El Paso, TX",4,TX,True,39-9011,Childcare Workers,900.0,8.3,19910.0,19910,9.57,2.1,17660.0,MSA_M2021_dl.xlsx
2021,0021420,"Enid, OK",4,OK,True,39-9011,Childcare Workers,100.0,9.7,20670.0,20670,9.94,2.9,18250.0,MSA_M2021_dl.xlsx
2021,0021500,"Erie, PA",4,PA,True,39-9011,Childcare Workers,370.0,8.2,22570.0,22570,10.85,1.6,22090.0,MSA_M2021_dl.xlsx
2021,0021660,"Eugene, OR",4,OR,True,39-9011,Childcare Workers,270.0,14.3,30140.0,30140,14.49,2.1,28360.0,MSA_M2021_dl.xlsx
2021,0021780,"Evansville, IN-KY",4,IN,True,39-9011,Childcare Workers,520.0,7.1,22060.0,22060,10.61,1.6,22020.0,MSA_M2021_dl.xlsx
2021,0021820,"Fairbanks, AK",4,AK,True,39-9011,Childcare Workers,70.0,29.2,31930.0,31930,15.35,2.4,29110.0,MSA_M2021_dl.xlsx
2021,0022020,"Fargo, ND-MN",4,ND,True,39-9011,Childcare Workers,1380.0,3.3,24910.0,24910,11.98,1.1,23150.0,MSA_M2021_dl.xlsx
2021,0022140,"Farmington, NM",4,NM,True,39-9011,Childcare Workers,130.0,10.0,25340.0,25340,12.18,1.9,22720.0,MSA_M2021_dl.xlsx
2021,0022180,"Fayetteville, NC",4,NC,True,39-9011,Childcare Workers,350.0,11.7,23770.0,23770,11.43,1.5,22810.0,MSA_M2021_dl.xlsx
2021,0022220,"Fayetteville-Springdale-Rogers, AR-MO",4,AR,True,39-9011,Childcare Workers,1100.0,13.1,24480.0,24480,11.77,1.1,23340.0,MSA_M2021_dl.xlsx
2021,0022380,"Flagstaff, AZ",4,AZ,True,39-9011,Childcare Workers,70.0,13.8,30420.0,30420,14.63,1.5,29210.0,MSA_M2021_dl.xlsx
2021,0022420,"Flint, MI",4,MI,True,39-9011,Childcare Workers,470.0,6.6,25210.0,25210,12.12,0.9,23740.0,MSA_M2021_dl.xlsx
2021,0022500,"Florence, SC",4,SC,True,39-9011,Childcare Workers,230.0,8.2,21380.0,21380,10.28,3.3,20680.0,MSA_M2021_dl.xlsx
2021,0022520,"Florence-Muscle Shoals, AL",4,AL,True,39-9011,Childcare Workers,190.0,19.8,19280.0,19280,9.27,4.8,18610.0,MSA_M2021_dl.xlsx
2021,0022540,"Fond du Lac, WI",4,WI,True,39-9011,Childcare Workers,70.0,10.6,22860.0,22860,10.99,1.9,21870.0,MSA_M2021_dl.xlsx
2021,0022660,"Fort Collins, CO",4,CO,True,39-9011,Childcare Workers,310.0,11.7,30870.0,30870,14.84,1.4,29310.0,MSA_M2021_dl.xlsx
2021,0022900,"Fort Smith, AR-OK",4,AR,True,39-9011,Childcare Workers,390.0,5.1,23090.0,23090,11.1,0.8,22880.0,MSA_M2021_dl.xlsx
2021,0023060,"Fort Wayne, IN",4,IN,True,39-9011,Childcare Workers,620.0,8.1,23450.0,23450,11.28,1.8,22550.0,MSA_M2021_dl.xlsx
2021,0023420,"Fresno, CA",4,CA,True,39-9011,Childcare Workers,730.0,16.3,33830.0,33830,16.27,2.3,30190.0,MSA_M2021_dl.xlsx
2021,0023540,"Gainesville, FL",4,FL,True,39-9011,Childcare Workers,440.0,9.7,26810.0,26810,12.89,1.2,27040.0,MSA_M2021_dl.xlsx
2021,0023580,"Gainesville, GA",4,GA,True,39-9011,Childcare Workers,450.0,5.6,23140.0,23140,11.12,1.6,22530.0,MSA_M2021_dl.xlsx
2021,0023900,"Gettysburg, PA",4,PA,True,39-9011,Childcare Workers,90.0,23.5,24620.0,24620,11.84,2.6,23290.0,MSA_M2021_dl.xlsx
2021,0024020,"Glens Falls, NY",4,NY,True,39-9011,Childcare Workers,190.0,8.5,28720.0,28720,13.81,1.1,28460.0,MSA_M2021_dl.xlsx
2021,0024140,"Goldsboro, NC",4,NC,True,39-9011,Childcare Workers,70.0,21.3,22490.0,22490,10.81,3.7,22090.0,MSA_M2021_dl.xlsx
2021,0024220,"Grand Forks, ND-MN",4,ND,True,39-9011,Childcare Workers,340.0,5.4,26400.0,26400,12.69,1.6,23720.0,MSA_M2021_dl.xlsx
2021,0024260,"Grand Island, NE",4,NE,True,39-9011,Childcare Workers,160.0,14.9,24130.0,24130,11.6,1.7,22430.0,MSA_M2021_dl.xlsx
2021,0024300,"Grand Junction, CO",4,CO,True,39-9011,Childcare Workers,160.0,14.8,28420.0,28420,13.66,1.0,27790.0,MSA_M2021_dl.xlsx
2021,0024340,"Grand Rapids-Wyoming, MI",4,MI,True,39-9011,Childcare Workers,1960.0,8.2,26200.0,26200,12.6,1.7,23920.0,MSA_M2021_dl.xlsx
2021,0024420,"Grants Pass, OR",4,OR,True,39-9011,Childcare Workers,70.0,17.1,29480.0,29480,14.17,2.9,28260.0,MSA_M2021_dl.xlsx
2021,0024500,"Great Falls, MT",4,MT,True,39-9011,Childcare Workers,180.0,13.7,24610.0,24610,11.83,1.3,23920.0,MSA_M2021_dl.xlsx
2021,0024540,"Greeley, CO",4,CO,True,39-9011,Childcare Workers,350.0,10.2,30100.0,30100,14.47,1.3,28800.0,MSA_M2021_dl.xlsx
2021,0024580,"Green Bay, WI",4,WI,True,39-9011,Childcare Workers,350.0,9.5,25600.0,25600,12.31,1.6,24860.0,MSA_M2021_dl.xlsx
2021,0024660,"Greensboro-High Point, NC",4,NC,True,39-9011,Childcare Workers,990.0,11.7,24870.0,24870,11.96,1.9,23390.0,MSA_M2021_dl.xlsx
2021,0024780,"Greenville, NC",4,NC,True,39-9011,Childcare Workers,160.0,11.2,24170.0,24170,11.62,2.2,22810.0,MSA_M2021_dl.xlsx
2021,0024860,"Greenville-Anderson-Mauldin, SC",4,SC,True,39-9011,Childcare Workers,1390.0,9.9,23280.0,23280,11.19,2.9,22310.0,MSA_M2021_dl.xlsx
2021,0025060,"Gulfport-Biloxi-Pascagoula, MS",4,MS,True,39-9011,Childcare Workers,570.0,17.1,20040.0,20040,9.63,1.6,17950.0,MSA_M2021_dl.xlsx
2021,0025180,"Hagerstown-Martinsburg, MD-WV",4,MD,True,39-9011,Childcare Workers,210.0,8.8,28570.0,28570,13.74,1.7,26000.0,MSA_M2021_dl.xlsx
2021,0025220,"Hammond, LA",4,LA,True,39-9011,Childcare Workers,320.0,6.7,20090.0,20090,9.66,1.2,18290.0,MSA_M2021_dl.xlsx
2021,0025260,"Hanford-Corcoran, CA",4,CA,True,39-9011,Childcare Workers,70.0,22.9,33360.0,33360,16.04,2.9,30130.0,MSA_M2021_dl.xlsx
2021,0025420,"Harrisburg-Carlisle, PA",4,PA,True,39-9011,Childcare Workers,830.0,12.7,24630.0,24630,11.84,2.0,23250.0,MSA_M2021_dl.xlsx
2021,0025500,"Harrisonburg, VA",4,VA,True,39-9011,Childcare Workers,100.0,10.5,25930.0,25930,12.47,2.0,22710.0,MSA_M2021_dl.xlsx
2021,0025620,"Hattiesburg, MS",4,MS,True,39-9011,Childcare Workers,250.0,15.6,19440.0,19440,9.35,1.9,17330.0,MSA_M2021_dl.xlsx
2021,0025860,"Hickory-Lenoir-Morganton, NC",4,NC,True,39-9011,Childcare Workers,230.0,17.9,23820.0,23820,11.45,1.7,23570.0,MSA_M2021_dl.xlsx
2021,0025940,"Hilton Head Island-Bluffton-Beaufort, SC",4,SC,True,39-9011,Childcare Workers,160.0,11.8,23850.0,23850,11.47,2.7,23470.0,MSA_M2021_dl.xlsx
2021,0026300,"Hot Springs, AR",4,AR,True,39-9011,Childcare Workers,100.0,19.5,23870.0,23870,11.48,1.0,22880.0,MSA_M2021_dl.xlsx
2021,0026380,"Houma-Thibodaux, LA",4,LA,True,39-9011,Childcare Workers,240.0,4.4,20840.0,20840,10.02,1.6,18220.0,MSA_M2021_dl.xlsx
2021,0026420,"Houston-The Woodlands-Sugar Land, TX",4,TX,True,39-9011,Childcare Workers,10110.0,15.5,24150.0,24150,11.61,2.8,22750.0,MSA_M2021_dl.xlsx
2021,0026580,"Huntington-Ashland, WV-KY-OH",4,WV,True,39-9011,Childcare Workers,410.0,9.7,22880.0,22880,11.0,1.4,22140.0,MSA_M2021_dl.xlsx
2021,0026620,"Huntsville, AL",4,AL,True,39-9011,Childcare Workers,510.0,12.0,24290.0,24290,11.68,6.3,21890.0,MSA_M2021_dl.xlsx
2021,0026820,"Idaho Falls, ID",4,ID,True,39-9011,Childcare Workers,240.0,13.5,23990.0,23990,11.53,3.3,22660.0,MSA_M2021_dl.xlsx
2021,0026900,"Indianapolis-Carmel-Anderson, IN",4,IN,True,39-9011,Childcare Workers,2410.0,14.1,23640.0,23640,11.37,2.3,23080.0,MSA_M2021_dl.xlsx
2021,0026980,"Iowa City, IA",4,IA,True,39-9011,Childcare Workers,460.0,9.1,23210.0,23210,11.16,1.6,23290.0,MSA_M2021_dl.xlsx
2021,0027060,"Ithaca, NY",4,NY,True,39-9011,Childcare Workers,360.0,5.4,31270.0,31270,15.03,0.7,29650.0,MSA_M2021_dl.xlsx
2021,0027100,"Jackson, MI",4,MI,True,39-9011,Childcare Workers,190.0,7.7,24970.0,24970,12.01,1.4,23030.0,MSA_M2021_dl.xlsx
2021,0027140,"Jackson, MS",4,MS,True,39-9011,Childcare Workers,1070.0,11.0,19340.0,19340,9.3,1.6,17670.0,MSA_M2021_dl.xlsx
2021,0027180,"Jackson, TN",4,TN,True,39-9011,Childcare Workers,150.0,8.0,21160.0,21160,10.17,2.8,18610.0,MSA_M2021_dl.xlsx
2021,0027260,"Jacksonville, FL",4,FL,True,39-9011,Childcare Workers,1730.0,13.4,27240.0,27240,13.1,3.9,27950.0,MSA_M2021_dl.xlsx
2021,0027340,"Jacksonville, NC",4,NC,True,39-9011,Childcare Workers,130.0,15.7,23650.0,23650,11.37,3.5,22510.0,MSA_M2021_dl.xlsx
2021,0027500,"Janesville-Beloit, WI",4,WI,True,39-9011,Childcare Workers,140.0,11.3,23260.0,23260,11.18,1.7,23010.0,MSA_M2021_dl.xlsx
2021,0027620,"Jefferson City, MO",4,MO,True,39-9011,Childcare Workers,390.0,7.0,23970.0,23970,11.52,1.6,22370.0,MSA_M2021_dl.xlsx
2021,0027740,"Johnson City, TN",4,TN,True,39-9011,Childcare Workers,180.0,10.1,21570.0,21570,10.37,2.1,21160.0,MSA_M2021_dl.xlsx
2021,0027780,"Johnstown, PA",4,PA,True,39-9011,Childcare Workers,290.0,8.1,21650.0,21650,10.41,3.2,21430.0,MSA_M2021_dl.xlsx
2021,0027860,"Jonesboro, AR",4,AR,True,39-9011,Childcare Workers,290.0,14.9,24100.0,24100,11.59,0.6,22880.0,MSA_M2021_dl.xlsx
2021,0027900,"Joplin, MO",4,MO,True,39-9011,Childcare Workers,240.0,9.3,23870.0,23870,11.48,1.6,22240.0,MSA_M2021_dl.xlsx
2021,0027980,"Kahului-Wailuku-Lahaina, HI",4,HI,True,39-9011,Childcare Workers,210.0,13.1,28910.0,28910,13.9,1.7,29230.0,MSA_M2021_dl.xlsx
2021,0028020,"Kalamazoo-Portage, MI",4,MI,True,39-9011,Childcare Workers,500.0,8.8,26230.0,26230,12.61,1.7,23290.0,MSA_M2021_dl.xlsx
2021,0028100,"Kankakee, IL",4,IL,True,39-9011,Childcare Workers,210.0,18.0,25550.0,25550,12.28,3.5,23300.0,MSA_M2021_dl.xlsx
2021,0028140,"Kansas City, MO-KS",4,MO,True,39-9011,Childcare Workers,4990.0,4.7,25350.0,25350,12.19,1.2,23800.0,MSA_M2021_dl.xlsx
2021,0028420,"Kennewick-Richland, WA",4,WA,True,39-9011,Childcare Workers,210.0,13.9,31140.0,31140,14.97,1.4,30010.0,MSA_M2021_dl.xlsx
2021,0028660,"Killeen-Temple, TX",4,TX,True,39-9011,Childcare Workers,640.0,8.5,21710.0,21710,10.44,1.4,21190.0,MSA_M2021_dl.xlsx
2021,0028700,"Kingsport-Bristol-Bristol, TN-VA",4,TN,True,39-9011,Childcare Workers,160.0,11.6,22590.0,22590,10.86,2.1,21130.0,MSA_M2021_dl.xlsx
2021,0028740,"Kingston, NY",4,NY,True,39-9011,Childcare Workers,370.0,6.1,29380.0,29380,14.13,0.7,28560.0,MSA_M2021_dl.xlsx
2021,0028940,"Knoxville, TN",4,TN,True,39-9011,Childcare Workers,1180.0,6.7,23060.0,23060,11.09,2.1,22450.0,MSA_M2021_dl.xlsx
2021,0029020,"Kokomo, IN",4,IN,True,39-9011,Childcare Workers,120.0,10.0,23190.0,23190,11.15,2.6,22550.0,MSA_M2021_dl.xlsx
2021,0029100,"La Crosse-Onalaska, WI-MN",4,WI,True,39-9011,Childcare Workers,260.0,7.9,24510.0,24510,11.78,1.2,23330.0,MSA_M2021_dl.xlsx
2021,0029180,"Lafayette, LA",4,LA,True,39-9011,Childcare Workers,970.0,9.2,20560.0,20560,9.89,2.3,18440.0,MSA_M2021_dl.xlsx
2021,0029200,"Lafayette-West Lafayette, IN",4,IN,True,39-9011,Childcare Workers,270.0,8.8,25470.0,25470,12.25,2.4,23320.0,MSA_M2021_dl.xlsx
2021,0029340,"Lake Charles, LA",4,LA,True,39-9011,Childcare Workers,180.0,6.0,20450.0,20450,9.83,1.2,18610.0,MSA_M2021_dl.xlsx
2021,0029420,"Lake Havasu City-Kingman, AZ",4,AZ,True,39-9011,Childcare Workers,120.0,7.9,28460.0,28460,13.68,0.9,27370.0,MSA_M2021_dl.xlsx
2021,0029460,"Lakeland-Winter Haven, FL",4,FL,True,39-9011,Childcare Workers,450.0,10.7,25260.0,25260,12.14,2.6,22980.0,MSA_M2021_dl.xlsx
2021,0029540,"Lancaster, PA",4,PA,True,39-9011,Childcare Workers,550.0,8.7,25370.0,25370,12.2,2.3,23090.0,MSA_M2021_dl.xlsx
2021,0029620,"Lansing-East Lansing, MI",4,MI,True,39-9011,Childcare Workers,700.0,8.6,26340.0,26340,12.66,1.4,23940.0,MSA_M2021_dl.xlsx
2021,0029700,"Laredo, TX",4,TX,True,39-9011,Childcare Workers,310.0,10.0,18770.0,18770,9.03,2.0,17870.0,MSA_M2021_dl.xlsx
2021,0029740,"Las Cruces, NM",4,NM,True,39-9011,Childcare Workers,240.0,13.4,23860.0,23860,11.47,1.3,22190.0,MSA_M2021_dl.xlsx
2021,0029820,"Las Vegas-Henderson-Paradise, NV",4,NV,True,39-9011,Childcare Workers,1530.0,24.1,27240.0,27240,13.1,11.5,23900.0,MSA_M2021_dl.xlsx
2021,0029940,"Lawrence, KS",4,KS,True,39-9011,Childcare Workers,290.0,21.4,22130.0,22130,10.64,1.9,22030.0,MSA_M2021_dl.xlsx
2021,0030020,"Lawton, OK",4,OK,True,39-9011,Childcare Workers,140.0,12.8,20570.0,20570,9.89,2.1,21380.0,MSA_M2021_dl.xlsx
2021,0030140,"Lebanon, PA",4,PA,True,39-9011,Childcare Workers,130.0,10.8,24250.0,24250,11.66,3.6,23010.0,MSA_M2021_dl.xlsx
2021,0030300,"Lewiston, ID-WA",4,ID,True,39-9011,Childcare Workers,80.0,11.6,25810.0,25810,12.41,3.2,27710.0,MSA_M2021_dl.xlsx
2021,0030460,"Lexington-Fayette, KY",4,KY,True,39-9011,Childcare Workers,1500.0,5.8,24860.0,24860,11.95,2.1,23720.0,MSA_M2021_dl.xlsx
2021,0030620,"Lima, OH",4,OH,True,39-9011,Childcare Workers,90.0,15.5,26720.0,26720,12.85,2.9,22620.0,MSA_M2021_dl.xlsx
2021,0030700,"Lincoln, NE",4,NE,True,39-9011,Childcare Workers,1600.0,4.9,25750.0,25750,12.38,3.0,22980.0,MSA_M2021_dl.xlsx
2021,0030780,"Little Rock-North Little Rock-Conway, AR",4,AR,True,39-9011,Childcare Workers,1470.0,9.3,24610.0,24610,11.83,1.1,23390.0,MSA_M2021_dl.xlsx
2021,0030860,"Logan, UT-ID",4,UT,True,39-9011,Childcare Workers,240.0,7.3,23350.0,23350,11.23,2.7,22290.0,MSA_M2021_dl.xlsx
2021,0030980,"Longview, TX",4,TX,True,39-9011,Childcare Workers,320.0,9.5,21290.0,21290,10.24,2.8,20240.0,MSA_M2021_dl.xlsx
2021,0031020,"Longview, WA",4,WA,True,39-9011,Childcare Workers,,,34170.0,34170,16.43,3.3,35840.0,MSA_M2021_dl.xlsx
2021,0031080,"Los Angeles-Long Beach-Anaheim, CA",4,CA,True,39-9011,Childcare Workers,7810.0,13.8,34080.0,34080,16.39,3.1,30500.0,MSA_M2021_dl.xlsx
2021,0031140,"Louisville/Jefferson County, KY-IN",4,KY,True,39-9011,Childcare Workers,3020.0,6.5,25680.0,25680,12.35,1.5,23510.0,MSA_M2021_dl.xlsx
2021,0031180,"Lubbock, TX",4,TX,True,39-9011,Childcare Workers,650.0,8.5,22360.0,22360,10.75,2.0,21650.0,MSA_M2021_dl.xlsx
2021,0031340,"Lynchburg, VA",4,VA,True,39-9011,Childcare Workers,210.0,8.0,22090.0,22090,10.62,1.3,19760.0,MSA_M2021_dl.xlsx
2021,0031420,"Macon, GA",4,GA,True,39-9011,Childcare Workers,400.0,7.6,21970.0,21970,10.56,1.6,21440.0,MSA_M2021_dl.xlsx
2021,0031460,"Madera, CA",4,CA,True,39-9011,Childcare Workers,130.0,17.9,33010.0,33010,15.87,1.7,32170.0,MSA_M2021_dl.xlsx
2021,0031540,"Madison, WI",4,WI,True,39-9011,Childcare Workers,830.0,8.1,25340.0,25340,12.18,1.5,23880.0,MSA_M2021_dl.xlsx
2021,0031740,"Manhattan, KS",4,KS,True,39-9011,Childcare Workers,320.0,3.7,21260.0,21260,10.22,2.1,20850.0,MSA_M2021_dl.xlsx
2021,0031860,"Mankato-North Mankato, MN",4,MN,True,39-9011,Childcare Workers,310.0,7.7,25340.0,25340,12.18,1.3,23160.0,MSA_M2021_dl.xlsx
2021,0031900,"Mansfield, OH",4,OH,True,39-9011,Childcare Workers,70.0,20.5,25410.0,25410,12.21,4.1,22520.0,MSA_M2021_dl.xlsx
2021,0032580,"McAllen-Edinburg-Mission, TX",4,TX,True,39-9011,Childcare Workers,1430.0,5.9,21780.0,21780,10.47,1.4,21050.0,MSA_M2021_dl.xlsx
2021,0032780,"Medford, OR",4,OR,True,39-9011,Childcare Workers,200.0,11.4,29900.0,29900,14.38,2.6,29130.0,MSA_M2021_dl.xlsx
2021,0032820,"Memphis, TN-MS-AR",4,TN,True,39-9011,Childcare Workers,2000.0,7.2,23230.0,23230,11.17,1.7,22840.0,MSA_M2021_dl.xlsx
2021,0032900,"Merced, CA",4,CA,True,39-9011,Childcare Workers,270.0,12.9,35360.0,35360,17.0,2.7,35640.0,MSA_M2021_dl.xlsx
2021,0033100,"Miami-Fort Lauderdale-West Palm Beach, FL",4,FL,True,39-9011,Childcare Workers,10980.0,8.4,27720.0,27720,13.33,1.8,28350.0,MSA_M2021_dl.xlsx
2021,0033140,"Michigan City-La Porte, IN",4,IN,True,39-9011,Childcare Workers,80.0,13.7,23480.0,23480,11.29,3.6,22290.0,MSA_M2021_dl.xlsx
2021,0033220,"Midland, MI",4,MI,True,39-9011,Childcare Workers,180.0,14.3,24670.0,24670,11.86,1.5,22960.0,MSA_M2021_dl.xlsx
2021,0033260,"Midland, TX",4,TX,True,39-9011,Childcare Workers,260.0,6.5,25450.0,25450,12.23,1.7,23340.0,MSA_M2021_dl.xlsx
2021,0033340,"Milwaukee-Waukesha-West Allis, WI",4,WI,True,39-9011,Childcare Workers,1880.0,12.9,26400.0,26400,12.69,1.5,24930.0,MSA_M2021_dl.xlsx
2021,0033460,"Minneapolis-St. Paul-Bloomington, MN-WI",4,MN,True,39-9011,Childcare Workers,7560.0,10.2,30590.0,30590,14.71,1.5,29640.0,MSA_M2021_dl.xlsx
2021,0033540,"Missoula, MT",4,MT,True,39-9011,Childcare Workers,300.0,11.1,24770.0,24770,11.91,1.8,23000.0,MSA_M2021_dl.xlsx
2021,0033660,"Mobile, AL",4,AL,True,39-9011,Childcare Workers,460.0,10.2,20380.0,20380,9.8,2.0,18360.0,MSA_M2021_dl.xlsx
2021,0033700,"Modesto, CA",4,CA,True,39-9011,Childcare Workers,390.0,11.9,34860.0,34860,16.76,2.0,30480.0,MSA_M2021_dl.xlsx
2021,0033740,"Monroe, LA",4,LA,True,39-9011,Childcare Workers,330.0,7.2,19380.0,19380,9.32,1.2,17910.0,MSA_M2021_dl.xlsx
2021,0033780,"Monroe, MI",4,MI,True,39-9011,Childcare Workers,110.0,7.5,24780.0,24780,11.91,0.8,23920.0,MSA_M2021_dl.xlsx
2021,0033860,"Montgomery, AL",4,AL,True,39-9011,Childcare Workers,460.0,7.2,19910.0,19910,9.57,1.3,18000.0,MSA_M2021_dl.xlsx
2021,0034060,"Morgantown, WV",4,WV,True,39-9011,Childcare Workers,90.0,19.4,20120.0,20120,9.68,1.8,19090.0,MSA_M2021_dl.xlsx
2021,0034100,"Morristown, TN",4,TN,True,39-9011,Childcare Workers,90.0,6.5,20890.0,20890,10.05,2.2,18620.0,MSA_M2021_dl.xlsx
2021,0034580,"Mount Vernon-Anacortes, WA",4,WA,True,39-9011,Childcare Workers,50.0,27.7,32310.0,32310,15.53,2.3,30300.0,MSA_M2021_dl.xlsx
2021,0034620,"Muncie, IN",4,IN,True,39-9011,Childcare Workers,400.0,4.2,26240.0,26240,12.62,1.4,28350.0,MSA_M2021_dl.xlsx
2021,0034740,"Muskegon, MI",4,MI,True,39-9011,Childcare Workers,120.0,10.5,24890.0,24890,11.96,1.3,23220.0,MSA_M2021_dl.xlsx
2021,0034820,"Myrtle Beach-Conway-North Myrtle Beach, SC-NC",4,SC,True,39-9011,Childcare Workers,380.0,7.1,23310.0,23310,11.21,1.2,22490.0,MSA_M2021_dl.xlsx
2021,0034900,"Napa, CA",4,CA,True,39-9011,Childcare Workers,80.0,14.9,36850.0,36850,17.72,2.1,34750.0,MSA_M2021_dl.xlsx
2021,0034940,"Naples-Immokalee-Marco Island, FL",4,FL,True,39-9011,Childcare Workers,780.0,4.1,28050.0,28050,13.49,1.5,24860.0,MSA_M2021_dl.xlsx
2021,0034980,"Nashville-Davidson--Murfreesboro--Franklin, TN",4,TN,True,39-9011,Childcare Workers,4010.0,8.3,25070.0,25070,12.05,2.2,23640.0,MSA_M2021_dl.xlsx
2021,0035100,"New Bern, NC",4,NC,True,39-9011,Childcare Workers,110.0,14.7,21750.0,21750,10.46,2.3,21940.0,MSA_M2021_dl.xlsx
2021,0035380,"New Orleans-Metairie, LA",4,LA,True,39-9011,Childcare Workers,1780.0,6.5,21870.0,21870,10.52,1.2,21280.0,MSA_M2021_dl.xlsx
2021,0035620,"New York-Newark-Jersey City, NY-NJ-PA",4,NY,True,39-9011,Childcare Workers,37220.0,7.1,33970.0,33970,16.33,1.1,30400.0,MSA_M2021_dl.xlsx
2021,0035660,"Niles-Benton Harbor, MI",4,MI,True,39-9011,Childcare Workers,160.0,10.1,25150.0,25150,12.09,1.2,23550.0,MSA_M2021_dl.xlsx
2021,0035840,"North Port-Sarasota-Bradenton, FL",4,FL,True,39-9011,Childcare Workers,1280.0,4.9,36150.0,36150,17.38,1.4,29640.0,MSA_M2021_dl.xlsx
2021,0036100,"Ocala, FL",4,FL,True,39-9011,Childcare Workers,380.0,5.5,26280.0,26280,12.63,1.8,26470.0,MSA_M2021_dl.xlsx
2021,0036140,"Ocean City, NJ",4,NJ,True,39-9011,Childcare Workers,100.0,12.6,30500.0,30500,14.66,1.4,30660.0,MSA_M2021_dl.xlsx
2021,0036220,"Odessa, TX",4,TX,True,39-9011,Childcare Workers,290.0,7.6,24160.0,24160,11.61,2.5,22910.0,MSA_M2021_dl.xlsx
2021,0036260,"Ogden-Clearfield, UT",4,UT,True,39-9011,Childcare Workers,920.0,10.6,23900.0,23900,11.49,2.0,23460.0,MSA_M2021_dl.xlsx
2021,0036420,"Oklahoma City, OK",4,OK,True,39-9011,Childcare Workers,1940.0,13.6,22560.0,22560,10.85,2.2,22290.0,MSA_M2021_dl.xlsx
2021,0036500,"Olympia-Tumwater, WA",4,WA,True,39-9011,Childcare Workers,220.0,13.3,32750.0,32750,15.75,1.4,30590.0,MSA_M2021_dl.xlsx
2021,0036540,"Omaha-Council Bluffs, NE-IA",4,NE,True,39-9011,Childcare Workers,3940.0,7.2,26220.0,26220,12.61,1.7,23290.0,MSA_M2021_dl.xlsx
2021,0036740,"Orlando-Kissimmee-Sanford, FL",4,FL,True,39-9011,Childcare Workers,2960.0,9.8,27280.0,27280,13.12,2.0,23910.0,MSA_M2021_dl.xlsx
2021,0036780,"Oshkosh-Neenah, WI",4,WI,True,39-9011,Childcare Workers,160.0,13.6,24420.0,24420,11.74,3.2,23180.0,MSA_M2021_dl.xlsx
2021,0036980,"Owensboro, KY",4,KY,True,39-9011,Childcare Workers,360.0,6.6,24470.0,24470,11.77,1.5,22980.0,MSA_M2021_dl.xlsx
2021,0037100,"Oxnard-Thousand Oaks-Ventura, CA",4,CA,True,39-9011,Childcare Workers,730.0,14.4,33780.0,33780,16.24,2.1,30420.0,MSA_M2021_dl.xlsx
2021,0037340,"Palm Bay-Melbourne-Titusville, FL",4,FL,True,39-9011,Childcare Workers,620.0,7.8,27830.0,27830,13.38,1.2,28380.0,MSA_M2021_dl.xlsx
2021,0037460,"Panama City, FL",4,FL,True,39-9011,Childcare Workers,240.0,6.1,25430.0,25430,12.22,1.6,23280.0,MSA_M2021_dl.xlsx
2021,0037620,"Parkersburg-Vienna, WV",4,WV,True,39-9011,Childcare Workers,90.0,29.5,21210.0,21210,10.2,5.0,18930.0,MSA_M2021_dl.xlsx
2021,0037860,"Pensacola-Ferry Pass-Brent, FL",4,FL,True,39-9011,Childcare Workers,510.0,7.7,25200.0,25200,12.12,1.9,23340.0,MSA_M2021_dl.xlsx
2021,0037900,"Peoria, IL",4,IL,True,39-9011,Childcare Workers,560.0,9.5,26490.0,26490,12.74,1.6,23340.0,MSA_M2021_dl.xlsx
2021,0037980,"Philadelphia-Camden-Wilmington, PA-NJ-DE-MD",4,PA,True,39-9011,Childcare Workers,7310.0,22.9,27730.0,27730,13.33,5.1,27380.0,MSA_M2021_dl.xlsx
2021,0038060,"Phoenix-Mesa-Scottsdale, AZ",4,AZ,True,39-9011,Childcare Workers,3960.0,8.8,30650.0,30650,14.74,0.6,29460.0,MSA_M2021_dl.xlsx
2021,0038300,"Pittsburgh, PA",4,PA,True,39-9011,Childcare Workers,3130.0,13.5,24910.0,24910,11.97,1.8,23620.0,MSA_M2021_dl.xlsx
2021,0038540,"Pocatello, ID",4,ID,True,39-9011,Childcare Workers,130.0,9.4,21030.0,21030,10.11,2.1,19340.0,MSA_M2021_dl.xlsx
2021,0038660,"Ponce, PR",4,PR,True,39-9011,Childcare Workers,30.0,19.6,19520.0,19520,9.38,2.0,18280.0,MSA_M2021_dl.xlsx
2021,0038900,"Portland-Vancouver-Hillsboro, OR-WA",4,OR,True,39-9011,Childcare Workers,2210.0,17.8,35010.0,35010,16.83,2.4,32720.0,MSA_M2021_dl.xlsx
2021,0038940,"Port St. Lucie, FL",4,FL,True,39-9011,Childcare Workers,420.0,9.4,26700.0,26700,12.84,1.6,27910.0,MSA_M2021_dl.xlsx
2021,0039140,"Prescott, AZ",4,AZ,True,39-9011,Childcare Workers,90.0,13.1,28760.0,28760,13.83,1.4,27440.0,MSA_M2021_dl.xlsx
2021,0039340,"Provo-Orem, UT",4,UT,True,39-9011,Childcare Workers,670.0,9.7,24920.0,24920,11.98,2.4,23710.0,MSA_M2021_dl.xlsx
2021,0039380,"Pueblo, CO",4,CO,True,39-9011,Childcare Workers,160.0,5.8,35600.0,35600,17.11,1.3,37570.0,MSA_M2021_dl.xlsx
2021,0039460,"Punta Gorda, FL",4,FL,True,39-9011,Childcare Workers,110.0,10.2,27730.0,27730,13.33,2.4,28700.0,MSA_M2021_dl.xlsx
2021,0039540,"Racine, WI",4,WI,True,39-9011,Childcare Workers,170.0,8.3,24960.0,24960,12.0,1.9,23130.0,MSA_M2021_dl.xlsx
2021,0039580,"Raleigh, NC",4,NC,True,39-9011,Childcare Workers,1220.0,13.4,25830.0,25830,12.42,2.1,24820.0,MSA_M2021_dl.xlsx
2021,0039660,"Rapid City, SD",4,SD,True,39-9011,Childcare Workers,420.0,6.7,23750.0,23750,11.42,0.8,22410.0,MSA_M2021_dl.xlsx
2021,0039740,"Reading, PA",4,PA,True,39-9011,Childcare Workers,360.0,9.8,25670.0,25670,12.34,1.8,23100.0,MSA_M2021_dl.xlsx
2021,0039820,"Redding, CA",4,CA,True,39-9011,Childcare Workers,130.0,13.9,31470.0,31470,15.13,1.4,29320.0,MSA_M2021_dl.xlsx
2021,0039900,"Reno, NV",4,NV,True,39-9011,Childcare Workers,520.0,14.9,29400.0,29400,14.14,3.8,28900.0,MSA_M2021_dl.xlsx
2021,0040060,"Richmond, VA",4,VA,True,39-9011,Childcare Workers,1640.0,11.9,24560.0,24560,11.81,3.4,23240.0,MSA_M2021_dl.xlsx
2021,0040140,"Riverside-San Bernardino-Ontario, CA",4,CA,True,39-9011,Childcare Workers,3140.0,11.7,35840.0,35840,17.23,1.8,35890.0,MSA_M2021_dl.xlsx
2021,0040220,"Roanoke, VA",4,VA,True,39-9011,Childcare Workers,380.0,8.3,23200.0,23200,11.15,1.1,21970.0,MSA_M2021_dl.xlsx
2021,0040340,"Rochester, MN",4,MN,True,39-9011,Childcare Workers,340.0,8.3,28170.0,28170,13.55,1.3,28510.0,MSA_M2021_dl.xlsx
2021,0040380,"Rochester, NY",4,NY,True,39-9011,Childcare Workers,2100.0,7.2,30140.0,30140,14.49,0.7,28630.0,MSA_M2021_dl.xlsx
2021,0040420,"Rockford, IL",4,IL,True,39-9011,Childcare Workers,300.0,10.8,25460.0,25460,12.24,1.7,23830.0,MSA_M2021_dl.xlsx
2021,0040580,"Rocky Mount, NC",4,NC,True,39-9011,Childcare Workers,120.0,15.1,22810.0,22810,10.97,2.0,21920.0,MSA_M2021_dl.xlsx
2021,0040660,"Rome, GA",4,GA,True,39-9011,Childcare Workers,150.0,7.1,21070.0,21070,10.13,2.0,19260.0,MSA_M2021_dl.xlsx
2021,0040900,"Sacramento--Roseville--Arden-Arcade, CA",4,CA,True,39-9011,Childcare Workers,1910.0,17.9,33320.0,33320,16.02,2.8,30160.0,MSA_M2021_dl.xlsx
2021,0040980,"Saginaw, MI",4,MI,True,39-9011,Childcare Workers,270.0,10.4,25050.0,25050,12.04,1.7,22920.0,MSA_M2021_dl.xlsx
2021,0041060,"St. Cloud, MN",4,MN,True,39-9011,Childcare Workers,300.0,10.1,26970.0,26970,12.97,1.8,27450.0,MSA_M2021_dl.xlsx
2021,0041100,"St. George, UT",4,UT,True,39-9011,Childcare Workers,190.0,6.6,26650.0,26650,12.81,1.9,24180.0,MSA_M2021_dl.xlsx
2021,0041140,"St. Joseph, MO-KS",4,MO,True,39-9011,Childcare Workers,140.0,9.0,24530.0,24530,11.79,1.4,23220.0,MSA_M2021_dl.xlsx
2021,0041180,"St. Louis, MO-IL",4,MO,True,39-9011,Childcare Workers,5680.0,14.7,27010.0,27010,12.99,8.2,26320.0,MSA_M2021_dl.xlsx
2021,0041420,"Salem, OR",4,OR,True,39-9011,Childcare Workers,390.0,11.1,30040.0,30040,14.44,1.8,28380.0,MSA_M2021_dl.xlsx
2021,0041500,"Salinas, CA",4,CA,True,39-9011,Childcare Workers,280.0,14.3,35170.0,35170,16.91,1.7,33620.0,MSA_M2021_dl.xlsx
2021,0041540,"Salisbury, MD-DE",4,MD,True,39-9011,Childcare Workers,310.0,6.9,26970.0,26970,12.96,1.0,24760.0,MSA_M2021_dl.xlsx
2021,0041620,"Salt Lake City, UT",4,UT,True,39-9011,Childcare Workers,2070.0,12.0,25510.0,25510,12.26,2.7,23780.0,MSA_M2021_dl.xlsx
2021,0041660,"San Angelo, TX",4,TX,True,39-9011,Childcare Workers,240.0,15.4,20780.0,20780,9.99,1.9,18610.0,MSA_M2021_dl.xlsx
2021,0041700,"San Antonio-New Braunfels, TX",4,TX,True,39-9011,Childcare Workers,3860.0,8.8,23970.0,23970,11.53,1.7,22880.0,MSA_M2021_dl.xlsx
2021,0041740,"San Diego-Carlsbad, CA",4,CA,True,39-9011,Childcare Workers,2610.0,13.3,34930.0,34930,16.79,1.7,31440.0,MSA_M2021_dl.xlsx
2021,0041860,"San Francisco-Oakland-Hayward, CA",4,CA,True,39-9011,Childcare Workers,3840.0,12.2,39120.0,39120,18.81,2.6,36530.0,MSA_M2021_dl.xlsx
2021,0041900,"San German, PR",4,PR,True,39-9011,Childcare Workers,80.0,7.4,22090.0,22090,10.62,1.6,23330.0,MSA_M2021_dl.xlsx
2021,0041940,"San Jose-Sunnyvale-Santa Clara, CA",4,CA,True,39-9011,Childcare Workers,1730.0,20.7,39390.0,39390,18.94,3.0,36910.0,MSA_M2021_dl.xlsx
2021,0041980,"San Juan-Carolina-Caguas, PR",4,PR,True,39-9011,Childcare Workers,690.0,9.8,19760.0,19760,9.5,2.4,18500.0,MSA_M2021_dl.xlsx
2021,0042020,"San Luis Obispo-Paso Robles-Arroyo Grande, CA",4,CA,True,39-9011,Childcare Workers,210.0,12.2,32240.0,32240,15.5,1.4,30310.0,MSA_M2021_dl.xlsx
2021,0042100,"Santa Cruz-Watsonville, CA",4,CA,True,39-9011,Childcare Workers,220.0,12.2,34100.0,34100,16.39,1.8,31190.0,MSA_M2021_dl.xlsx
2021,0042140,"Santa Fe, NM",4,NM,True,39-9011,Childcare Workers,60.0,20.4,32980.0,32980,15.86,3.8,30200.0,MSA_M2021_dl.xlsx
2021,0042200,"Santa Maria-Santa Barbara, CA",4,CA,True,39-9011,Childcare Workers,360.0,11.7,35750.0,35750,17.19,1.3,31650.0,MSA_M2021_dl.xlsx
2021,0042220,"Santa Rosa, CA",4,CA,True,39-9011,Childcare Workers,350.0,10.9,36720.0,36720,17.66,1.5,34680.0,MSA_M2021_dl.xlsx
2021,0042340,"Savannah, GA",4,GA,True,39-9011,Childcare Workers,880.0,8.8,22420.0,22420,10.78,1.8,22470.0,MSA_M2021_dl.xlsx
2021,0042540,"Scranton--Wilkes-Barre--Hazleton, PA",4,PA,True,39-9011,Childcare Workers,930.0,12.5,24450.0,24450,11.76,2.1,23090.0,MSA_M2021_dl.xlsx
2021,0042660,"Seattle-Tacoma-Bellevue, WA",4,WA,True,39-9011,Childcare Workers,2710.0,14.9,36730.0,36730,17.66,1.2,36300.0,MSA_M2021_dl.xlsx
2021,0042680,"Sebastian-Vero Beach, FL",4,FL,True,39-9011,Childcare Workers,110.0,15.3,25460.0,25460,12.24,2.3,23010.0,MSA_M2021_dl.xlsx
2021,0042700,"Sebring, FL",4,FL,True,39-9011,Childcare Workers,90.0,13.9,23600.0,23600,11.34,2.2,21920.0,MSA_M2021_dl.xlsx
2021,0043100,"Sheboygan, WI",4,WI,True,39-9011,Childcare Workers,160.0,13.8,24840.0,24840,11.94,2.1,23910.0,MSA_M2021_dl.xlsx
2021,0043300,"Sherman-Denison, TX",4,TX,True,39-9011,Childcare Workers,140.0,10.9,20380.0,20380,9.8,2.0,18610.0,MSA_M2021_dl.xlsx
2021,0043340,"Shreveport-Bossier City, LA",4,LA,True,39-9011,Childcare Workers,560.0,9.5,20180.0,20180,9.7,1.1,18530.0,MSA_M2021_dl.xlsx
2021,0043420,"Sierra Vista-Douglas, AZ",4,AZ,True,39-9011,Childcare Workers,40.0,28.2,27970.0,27970,13.45,1.5,28370.0,MSA_M2021_dl.xlsx
2021,0043580,"Sioux City, IA-NE-SD",4,IA,True,39-9011,Childcare Workers,310.0,8.1,23230.0,23230,11.17,1.4,22980.0,MSA_M2021_dl.xlsx
2021,0043620,"Sioux Falls, SD",4,SD,True,39-9011,Childcare Workers,1280.0,6.7,23930.0,23930,11.51,1.3,22800.0,MSA_M2021_dl.xlsx
2021,0043780,"South Bend-Mishawaka, IN-MI",4,IN,True,39-9011,Childcare Workers,410.0,6.7,23690.0,23690,11.39,1.5,22890.0,MSA_M2021_dl.xlsx
2021,0043900,"Spartanburg, SC",4,SC,True,39-9011,Childcare Workers,270.0,9.5,23720.0,23720,11.4,2.2,22290.0,MSA_M2021_dl.xlsx
2021,0044060,"Spokane-Spokane Valley, WA",4,WA,True,39-9011,Childcare Workers,430.0,12.2,32970.0,32970,15.85,1.3,29470.0,MSA_M2021_dl.xlsx
2021,0044100,"Springfield, IL",4,IL,True,39-9011,Childcare Workers,260.0,7.8,27020.0,27020,12.99,1.8,23980.0,MSA_M2021_dl.xlsx
2021,0044180,"Springfield, MO",4,MO,True,39-9011,Childcare Workers,900.0,6.1,24010.0,24010,11.54,1.4,22260.0,MSA_M2021_dl.xlsx
2021,0044220,"Springfield, OH",4,OH,True,39-9011,Childcare Workers,60.0,23.3,25920.0,25920,12.46,2.7,22040.0,MSA_M2021_dl.xlsx
2021,0044300,"State College, PA",4,PA,True,39-9011,Childcare Workers,200.0,8.3,24220.0,24220,11.64,2.5,22720.0,MSA_M2021_dl.xlsx
2021,0044420,"Staunton-Waynesboro, VA",4,VA,True,39-9011,Childcare Workers,110.0,9.8,24260.0,24260,11.66,1.6,22980.0,MSA_M2021_dl.xlsx
2021,0044700,"Stockton-Lodi, CA",4,CA,True,39-9011,Childcare Workers,570.0,24.0,35270.0,35270,16.96,3.2,30960.0,MSA_M2021_dl.xlsx
2021,0044940,"Sumter, SC",4,SC,True,39-9011,Childcare Workers,180.0,13.8,22270.0,22270,10.71,2.6,21760.0,MSA_M2021_dl.xlsx
2021,0045060,"Syracuse, NY",4,NY,True,39-9011,Childcare Workers,1130.0,9.0,29390.0,29390,14.13,1.0,28000.0,MSA_M2021_dl.xlsx
2021,0045220,"Tallahassee, FL",4,FL,True,39-9011,Childcare Workers,400.0,9.4,24520.0,24520,11.79,1.7,24540.0,MSA_M2021_dl.xlsx
2021,0045300,"Tampa-St. Petersburg-Clearwater, FL",4,FL,True,39-9011,Childcare Workers,3760.0,10.8,25970.0,25970,12.49,1.7,23520.0,MSA_M2021_dl.xlsx
2021,0045460,"Terre Haute, IN",4,IN,True,39-9011,Childcare Workers,290.0,8.8,22960.0,22960,11.04,2.5,21520.0,MSA_M2021_dl.xlsx
2021,0045500,"Texarkana, TX-AR",4,TX,True,39-9011,Childcare Workers,230.0,6.5,21080.0,21080,10.14,1.6,20750.0,MSA_M2021_dl.xlsx
2021,0045540,"The Villages, FL",4,FL,True,39-9011,Childcare Workers,40.0,19.2,26430.0,26430,12.71,12.2,22980.0,MSA_M2021_dl.xlsx
2021,0045780,"Toledo, OH",4,OH,True,39-9011,Childcare Workers,630.0,8.5,27580.0,27580,13.26,2.3,22900.0,MSA_M2021_dl.xlsx
2021,0045820,"Topeka, KS",4,KS,True,39-9011,Childcare Workers,500.0,8.5,24300.0,24300,11.68,2.1,23110.0,MSA_M2021_dl.xlsx
2021,0045940,"Trenton, NJ",4,NJ,True,39-9011,Childcare Workers,570.0,11.8,30160.0,30160,14.5,1.2,28570.0,MSA_M2021_dl.xlsx
2021,0046060,"Tucson, AZ",4,AZ,True,39-9011,Childcare Workers,600.0,8.8,29380.0,29380,14.12,0.9,29130.0,MSA_M2021_dl.xlsx
2021,0046140,"Tulsa, OK",4,OK,True,39-9011,Childcare Workers,1720.0,8.6,23580.0,23580,11.34,2.3,22560.0,MSA_M2021_dl.xlsx
2021,0046220,"Tuscaloosa, AL",4,AL,True,39-9011,Childcare Workers,230.0,9.1,22710.0,22710,10.92,2.0,21170.0,MSA_M2021_dl.xlsx
2021,0046300,"Twin Falls, ID",4,ID,True,39-9011,Childcare Workers,90.0,16.8,23390.0,23390,11.24,3.9,22360.0,MSA_M2021_dl.xlsx
2021,0046340,"Tyler, TX",4,TX,True,39-9011,Childcare Workers,410.0,7.2,22780.0,22780,10.95,1.8,22170.0,MSA_M2021_dl.xlsx
2021,0046520,"Urban Honolulu, HI",4,HI,True,39-9011,Childcare Workers,770.0,16.3,29360.0,29360,14.11,1.8,28690.0,MSA_M2021_dl.xlsx
2021,0046540,"Utica-Rome, NY",4,NY,True,39-9011,Childcare Workers,590.0,9.9,30770.0,30770,14.8,1.0,29160.0,MSA_M2021_dl.xlsx
2021,0046660,"Valdosta, GA",4,GA,True,39-9011,Childcare Workers,300.0,12.3,20650.0,20650,9.93,1.5,19100.0,MSA_M2021_dl.xlsx
2021,0046700,"Vallejo-Fairfield, CA",4,CA,True,39-9011,Childcare Workers,200.0,15.2,34830.0,34830,16.75,1.4,33110.0,MSA_M2021_dl.xlsx
2021,0047020,"Victoria, TX",4,TX,True,39-9011,Childcare Workers,140.0,10.0,20740.0,20740,9.97,4.2,20320.0,MSA_M2021_dl.xlsx
2021,0047220,"Vineland-Bridgeton, NJ",4,NJ,True,39-9011,Childcare Workers,180.0,9.0,26520.0,26520,12.75,1.0,24960.0,MSA_M2021_dl.xlsx
2021,0047260,"Virginia Beach-Norfolk-Newport News, VA-NC",4,VA,True,39-9011,Childcare Workers,2130.0,8.4,25170.0,25170,12.1,1.5,23190.0,MSA_M2021_dl.xlsx
2021,0047300,"Visalia-Porterville, CA",4,CA,True,39-9011,Childcare Workers,200.0,14.1,34570.0,34570,16.62,1.7,33470.0,MSA_M2021_dl.xlsx
2021,0047380,"Waco, TX",4,TX,True,39-9011,Childcare Workers,430.0,5.0,21410.0,21410,10.29,1.2,18500.0,MSA_M2021_dl.xlsx
2021,0047460,"Walla Walla, WA",4,WA,True,39-9011,Childcare Workers,40.0,11.4,30260.0,30260,14.55,1.0,28700.0,MSA_M2021_dl.xlsx
2021,0047580,"Warner Robins, GA",4,GA,True,39-9011,Childcare Workers,430.0,7.1,21020.0,21020,10.11,1.8,21120.0,MSA_M2021_dl.xlsx
2021,0047900,"Washington-Arlington-Alexandria, DC-VA-MD-WV",4,DC,True,39-9011,Childcare Workers,7780.0,9.5,33300.0,33300,16.01,1.8,31200.0,MSA_M2021_dl.xlsx
2021,0047940,"Waterloo-Cedar Falls, IA",4,IA,True,39-9011,Childcare Workers,330.0,11.9,22170.0,22170,10.66,1.7,22180.0,MSA_M2021_dl.xlsx
2021,0048060,"Watertown-Fort Drum, NY",4,NY,True,39-9011,Childcare Workers,220.0,11.5,28590.0,28590,13.75,0.9,28460.0,MSA_M2021_dl.xlsx
2021,0048140,"Wausau, WI",4,WI,True,39-9011,Childcare Workers,100.0,11.3,24740.0,24740,11.9,2.1,23570.0,MSA_M2021_dl.xlsx
2021,0048260,"Weirton-Steubenville, WV-OH",4,WV,True,39-9011,Childcare Workers,50.0,10.5,25660.0,25660,12.34,2.7,22090.0,MSA_M2021_dl.xlsx
2021,0048300,"Wenatchee, WA",4,WA,True,39-9011,Childcare Workers,100.0,16.5,31490.0,31490,15.14,1.1,29320.0,MSA_M2021_dl.xlsx
2021,0048540,"Wheeling, WV-OH",4,WV,True,39-9011,Childcare Workers,100.0,16.0,23820.0,23820,11.45,3.6,21040.0,MSA_M2021_dl.xlsx
2021,0048620,"Wichita, KS",4,KS,True,39-9011,Childcare Workers,1530.0,7.4,23420.0,23420,11.26,2.1,22190.0,MSA_M2021_dl.xlsx
2021,0048660,"Wichita Falls, TX",4,TX,True,39-9011,Childcare Workers,230.0,7.5,20410.0,20410,9.81,2.0,20600.0,MSA_M2021_dl.xlsx
2021,0048700,"Williamsport, PA",4,PA,True,39-9011,Childcare Workers,190.0,12.8,24290.0,24290,11.68,3.0,22760.0,MSA_M2021_dl.xlsx
2021,0048900,"Wilmington, NC",4,NC,True,39-9011,Childcare Workers,280.0,7.0,25900.0,25900,12.45,1.8,24030.0,MSA_M2021_dl.xlsx
2021,0049020,"Winchester, VA-WV",4,VA,True,39-9011,Childcare Workers,140.0,10.5,26670.0,26670,12.82,1.4,23800.0,MSA_M2021_dl.xlsx
2021,0049180,"Winston-Salem, NC",4,NC,True,39-9011,Childcare Workers,590.0,11.0,25670.0,25670,12.34,3.1,24130.0,MSA_M2021_dl.xlsx
2021,0049420,"Yakima, WA",4,WA,True,39-9011,Childcare Workers,240.0,18.7,30860.0,30860,14.84,1.2,29640.0,MSA_M2021_dl.xlsx
2021,0049620,"York-Hanover, PA",4,PA,True,39-9011,Childcare Workers,660.0,9.8,24130.0,24130,11.6,1.9,23330.0,MSA_M2021_dl.xlsx
2021,0049660,"Youngstown-Warren-Boardman, OH-PA",4,OH,True,39-9011,Childcare Workers,550.0,11.5,23910.0,23910,11.49,3.0,21950.0,MSA_M2021_dl.xlsx
2021,0049700,"Yuba City, CA",4,CA,True,39-9011,Childcare Workers,110.0,18.2,32540.0,32540,15.65,2.1,30140.0,MSA_M2021_dl.xlsx
2021,0049740,"Yuma, AZ",4,AZ,True,39-9011,Childcare Workers,70.0,22.8,26210.0,26210,12.6,1.8,25270.0,MSA_M2021_dl.xlsx
2021,0070750,"Bangor, ME",4,ME,True,39-9011,Childcare Workers,390.0,6.7,30360.0,30360,14.59,1.0,28930.0,MSA_M2021_dl.xlsx
2021,0070900,"Barnstable Town, MA",4,MA,True,39-9011,Childcare Workers,280.0,9.9,33490.0,33490,16.1,1.1,30700.0,MSA_M2021_dl.xlsx
2021,0071650,"Boston-Cambridge-Nashua, MA-NH",4,MA,True,39-9011,Childcare Workers,9160.0,10.2,35020.0,35020,16.84,1.5,31130.0,MSA_M2021_dl.xlsx
2021,0071950,"Bridgeport-Stamford-Norwalk, CT",4,CT,True,39-9011,Childcare Workers,1600.0,11.8,32610.0,32610,15.68,1.5,30400.0,MSA_M2021_dl.xlsx
2021,0072400,"Burlington-South Burlington, VT",4,VT,True,39-9011,Childcare Workers,420.0,12.2,33280.0,33280,16.0,1.8,30890.0,MSA_M2021_dl.xlsx
2021,0072850,"Danbury, CT",4,CT,True,39-9011,Childcare Workers,240.0,8.5,28420.0,28420,13.66,0.9,28500.0,MSA_M2021_dl.xlsx
2021,0073050,"Dover-Durham, NH-ME",4,NH,True,39-9011,Childcare Workers,210.0,7.2,25740.0,25740,12.38,2.2,24540.0,MSA_M2021_dl.xlsx
2021,0073450,"Hartford-West Hartford-East Hartford, CT",4,CT,True,39-9011,Childcare Workers,1690.0,8.6,29260.0,29260,14.07,1.1,29090.0,MSA_M2021_dl.xlsx
2021,0074500,"Leominster-Gardner, MA",4,MA,True,39-9011,Childcare Workers,130.0,10.5,31860.0,31860,15.32,1.3,29390.0,MSA_M2021_dl.xlsx
2021,0074650,"Lewiston-Auburn, ME",4,ME,True,39-9011,Childcare Workers,350.0,5.8,30170.0,30170,14.51,1.0,28670.0,MSA_M2021_dl.xlsx
2021,0074950,"Manchester, NH",4,NH,True,39-9011,Childcare Workers,320.0,10.6,24080.0,24080,11.58,2.6,22810.0,MSA_M2021_dl.xlsx
2021,0075550,"New Bedford, MA",4,MA,True,39-9011,Childcare Workers,280.0,10.2,32700.0,32700,15.72,1.0,29790.0,MSA_M2021_dl.xlsx
2021,0075700,"New Haven, CT",4,CT,True,39-9011,Childcare Workers,640.0,21.0,29940.0,29940,14.4,1.3,29050.0,MSA_M2021_dl.xlsx
2021,0076450,"Norwich-New London-Westerly, CT-RI",4,CT,True,39-9011,Childcare Workers,430.0,8.7,29630.0,29630,14.25,1.1,28560.0,MSA_M2021_dl.xlsx
2021,0076600,"Pittsfield, MA",4,MA,True,39-9011,Childcare Workers,110.0,14.0,31580.0,31580,15.18,1.2,29420.0,MSA_M2021_dl.xlsx
2021,0076750,"Portland-South Portland, ME",4,ME,True,39-9011,Childcare Workers,1660.0,5.8,31820.0,31820,15.3,0.8,30130.0,MSA_M2021_dl.xlsx
2021,0076900,"Portsmouth, NH-ME",4,NH,True,39-9011,Childcare Workers,280.0,7.0,26960.0,26960,12.96,1.7,28780.0,MSA_M2021_dl.xlsx
2021,0077200,"Providence-Warwick, RI-MA",4,RI,True,39-9011,Childcare Workers,1950.0,16.2,30650.0,30650,14.74,3.9,27930.0,MSA_M2021_dl.xlsx
2021,0078100,"Springfield, MA-CT",4,MA,True,39-9011,Childcare Workers,1090.0,11.9,32670.0,32670,15.71,2.5,29540.0,MSA_M2021_dl.xlsx
2021,0078700,"Waterbury, CT",4,CT,True,39-9011,Childcare Workers,340.0,7.6,33360.0,33360,16.04,1.4,28600.0,MSA_M2021_dl.xlsx
2021,0079600,"Worcester, MA-CT",4,MA,True,39-9011,Childcare Workers,1090.0,9.7,33190.0,33190,15.96,1.5,30070.0,MSA_M2021_dl.xlsx
2022,0100001,Northwest Alabama nonmetropolitan area,6,AL,False,39-9011,Childcare Workers,110.0,12.5,21940.0,21940,10.55,2.8,20910.0,BOS_M2022_dl.xlsx
2022,0100002,Northeast Alabama nonmetropolitan area,6,AL,False,39-9011,Childcare Workers,290.0,9.4,21760.0,21760,10.46,2.7,20920.0,BOS_M2022_dl.xlsx
2022,0100003,Southwest Alabama nonmetropolitan area,6,AL,False,39-9011,Childcare Workers,180.0,8.4,20990.0,20990,10.09,3.0,20940.0,BOS_M2022_dl.xlsx
2022,0100004,Southeast Alabama nonmetropolitan area,6,AL,False,39-9011,Childcare Workers,120.0,19.4,21020.0,21020,10.11,2.8,18350.0,BOS_M2022_dl.xlsx
2022,0200006,Alaska nonmetropolitan area,6,AK,False,39-9011,Childcare Workers,250.0,15.9,32550.0,32550,15.65,3.1,30090.0,BOS_M2022_dl.xlsx
2022,0400001,Arizona nonmetropolitan area,6,AZ,False,39-9011,Childcare Workers,90.0,19.5,31690.0,31690,15.24,1.9,31380.0,BOS_M2022_dl.xlsx
2022,0500001,North Arkansas nonmetropolitan area,6,AR,False,39-9011,Childcare Workers,410.0,7.0,25110.0,25110,12.07,1.1,24260.0,BOS_M2022_dl.xlsx
2022,0500002,East Arkansas nonmetropolitan area,6,AR,False,39-9011,Childcare Workers,400.0,9.8,26090.0,26090,12.55,1.0,24760.0,BOS_M2022_dl.xlsx
2022,0500003,West Arkansas nonmetropolitan area,6,AR,False,39-9011,Childcare Workers,400.0,6.0,25070.0,25070,12.05,0.8,23770.0,BOS_M2022_dl.xlsx
2022,0500004,South Arkansas nonmetropolitan area,6,AR,False,39-9011,Childcare Workers,340.0,9.1,25660.0,25660,12.34,1.1,24110.0,BOS_M2022_dl.xlsx
2022,0600003,North Coast Region of California nonmetropolitan area,6,CA,False,39-9011,Childcare Workers,290.0,8.2,36180.0,36180,17.39,1.2,34890.0,BOS_M2022_dl.xlsx
2022,0600006,Eastern Sierra-Mother Lode Region of California nonmetropolitan area,6,CA,False,39-9011,Childcare Workers,260.0,5.0,37250.0,37250,17.91,1.1,37410.0,BOS_M2022_dl.xlsx
2022,0600007,North Valley-Northern Mountains Region of California nonmetropolitan area,6,CA,False,39-9011,Childcare Workers,270.0,17.3,36570.0,36570,17.58,1.6,34890.0,BOS_M2022_dl.xlsx
2022,0800001,Eastern and Southern Colorado nonmetropolitan area,6,CO,False,39-9011,Childcare Workers,200.0,11.4,33810.0,33810,16.25,2.4,31180.0,BOS_M2022_dl.xlsx
2022,0800002,Southwest Colorado nonmetropolitan area,6,CO,False,39-9011,Childcare Workers,300.0,5.3,33030.0,33030,15.88,1.4,30580.0,BOS_M2022_dl.xlsx
2022,0800003,Northwest Colorado nonmetropolitan area,6,CO,False,39-9011,Childcare Workers,370.0,5.1,38200.0,38200,18.37,1.0,37060.0,BOS_M2022_dl.xlsx
2022,0900001,Connecticut nonmetropolitan area,6,CT,False,39-9011,Childcare Workers,130.0,10.5,32800.0,32800,15.77,1.5,32120.0,BOS_M2022_dl.xlsx
2022,1200003,South Florida nonmetropolitan area,6,FL,False,39-9011,Childcare Workers,280.0,7.8,28020.0,28020,13.47,1.4,27920.0,BOS_M2022_dl.xlsx
2022,1200006,North Florida nonmetropolitan area,6,FL,False,39-9011,Childcare Workers,430.0,9.1,27150.0,27150,13.06,2.0,27280.0,BOS_M2022_dl.xlsx
2022,1300001,North Georgia nonmetropolitan area,6,GA,False,39-9011,Childcare Workers,650.0,6.9,23550.0,23550,11.32,1.8,22340.0,BOS_M2022_dl.xlsx
2022,1300002,Middle Georgia nonmetropolitan area,6,GA,False,39-9011,Childcare Workers,470.0,4.4,22800.0,22800,10.96,1.7,21480.0,BOS_M2022_dl.xlsx
2022,1300003,East Georgia nonmetropolitan area,6,GA,False,39-9011,Childcare Workers,490.0,6.4,23070.0,23070,11.09,1.7,21540.0,BOS_M2022_dl.xlsx
2022,1300004,South Georgia nonmetropolitan area,6,GA,False,39-9011,Childcare Workers,700.0,6.2,23050.0,23050,11.08,1.8,21880.0,BOS_M2022_dl.xlsx
2022,1500001,Hawaii / Kauai nonmetropolitan area,6,HI,False,39-9011,Childcare Workers,210.0,10.3,31540.0,31540,15.16,2.1,29760.0,BOS_M2022_dl.xlsx
2022,1600006,Northwestern Idaho nonmetropolitan area,6,ID,False,39-9011,Childcare Workers,300.0,9.3,24460.0,24460,11.76,2.6,20580.0,BOS_M2022_dl.xlsx
2022,1600007,Southeast-Central Idaho nonmetropolitan area,6,ID,False,39-9011,Childcare Workers,230.0,12.7,23270.0,23270,11.19,3.8,20940.0,BOS_M2022_dl.xlsx
2022,1700001,Northwest Illinois nonmetropolitan area,6,IL,False,39-9011,Childcare Workers,420.0,8.8,27560.0,27560,13.25,1.3,26070.0,BOS_M2022_dl.xlsx
2022,1700002,West Central Illinois nonmetropolitan area,6,IL,False,39-9011,Childcare Workers,590.0,6.9,27900.0,27900,13.41,1.8,26400.0,BOS_M2022_dl.xlsx
2022,1700003,East Central Illinois nonmetropolitan area,6,IL,False,39-9011,Childcare Workers,490.0,6.3,27300.0,27300,13.12,1.4,25970.0,BOS_M2022_dl.xlsx
2022,1700004,South Illinois nonmetropolitan area,6,IL,False,39-9011,Childcare Workers,350.0,7.8,28390.0,28390,13.65,1.1,26480.0,BOS_M2022_dl.xlsx
2022,1800001,Northern Indiana nonmetropolitan area,6,IN,False,39-9011,Childcare Workers,430.0,8.6,25660.0,25660,12.34,1.9,27140.0,BOS_M2022_dl.xlsx
2022,1800002,Central Indiana nonmetropolitan area,6,IN,False,39-9011,Childcare Workers,220.0,10.3,25200.0,25200,12.12,1.8,24420.0,BOS_M2022_dl.xlsx
2022,1800003,Southern Indiana nonmetropolitan area,6,IN,False,39-9011,Childcare Workers,410.0,5.5,25560.0,25560,12.29,1.8,25230.0,BOS_M2022_dl.xlsx
2022,1900001,Northeast Iowa nonmetropolitan area,6,IA,False,39-9011,Childcare Workers,500.0,10.4,22710.0,22710,10.92,1.6,22920.0,BOS_M2022_dl.xlsx
2022,1900002,Northwest Iowa nonmetropolitan area,6,IA,False,39-9011,Childcare Workers,610.0,9.9,21790.0,21790,10.48,1.9,20680.0,BOS_M2022_dl.xlsx
2022,1900003,Southwest Iowa nonmetropolitan area,6,IA,False,39-9011,Childcare Workers,380.0,8.0,22840.0,22840,10.98,1.5,22530.0,BOS_M2022_dl.xlsx
2022,1900004,Southeast Iowa nonmetropolitan area,6,IA,False,39-9011,Childcare Workers,750.0,8.3,22540.0,22540,10.84,1.5,21920.0,BOS_M2022_dl.xlsx
2022,2000006,Kansas nonmetropolitan area,6,KS,False,39-9011,Childcare Workers,1400.0,4.6,23410.0,23410,11.25,1.2,21570.0,BOS_M2022_dl.xlsx
2022,2100001,West Kentucky nonmetropolitan area,6,KY,False,39-9011,Childcare Workers,960.0,3.0,24170.0,24170,11.62,1.2,24410.0,BOS_M2022_dl.xlsx
2022,2100002,South Central Kentucky nonmetropolitan area,6,KY,False,39-9011,Childcare Workers,1130.0,2.3,23100.0,23100,11.1,1.2,22520.0,BOS_M2022_dl.xlsx
2022,2100003,Central Kentucky nonmetropolitan area,6,KY,False,39-9011,Childcare Workers,1230.0,3.2,24490.0,24490,11.77,1.1,24640.0,BOS_M2022_dl.xlsx
2022,2100004,East Kentucky nonmetropolitan area,6,KY,False,39-9011,Childcare Workers,670.0,3.6,22680.0,22680,10.9,1.3,21810.0,BOS_M2022_dl.xlsx
2022,2200002,Central Louisiana nonmetropolitan area,6,LA,False,39-9011,Childcare Workers,300.0,2.5,19360.0,19360,9.31,2.1,17610.0,BOS_M2022_dl.xlsx
2022,2200003,Northeast Louisiana nonmetropolitan area,6,LA,False,39-9011,Childcare Workers,360.0,3.4,19570.0,19570,9.41,1.4,17940.0,BOS_M2022_dl.xlsx
2022,2200006,Southwest Louisiana nonmetropolitan area,6,LA,False,39-9011,Childcare Workers,330.0,5.3,19630.0,19630,9.44,1.5,17990.0,BOS_M2022_dl.xlsx
2022,2300001,Northeast Maine nonmetropolitan area,6,ME,False,39-9011,Childcare Workers,420.0,6.9,31450.0,31450,15.12,1.5,29390.0,BOS_M2022_dl.xlsx
2022,2300002,Southwest Maine nonmetropolitan area,6,ME,False,39-9011,Childcare Workers,1560.0,4.6,31430.0,31430,15.11,1.2,29780.0,BOS_M2022_dl.xlsx
2022,2400006,Maryland nonmetropolitan area,6,MD,False,39-9011,Childcare Workers,210.0,15.7,31370.0,31370,15.08,3.4,27110.0,BOS_M2022_dl.xlsx
2022,2500006,Massachusetts nonmetropolitan area,6,MA,False,39-9011,Childcare Workers,280.0,8.7,40040.0,40040,19.25,1.2,37620.0,BOS_M2022_dl.xlsx
2022,2600001,Upper Peninsula of Michigan nonmetropolitan area,6,MI,False,39-9011,Childcare Workers,480.0,6.1,26110.0,26110,12.55,1.7,25250.0,BOS_M2022_dl.xlsx
2022,2600002,Northeast Lower Peninsula of Michigan nonmetropolitan area,6,MI,False,39-9011,Childcare Workers,360.0,14.6,30800.0,30800,14.81,2.6,27840.0,BOS_M2022_dl.xlsx
2022,2600003,Northwest Lower Peninsula of Michigan nonmetropolitan area,6,MI,False,39-9011,Childcare Workers,450.0,5.0,27960.0,27960,13.44,1.2,27090.0,BOS_M2022_dl.xlsx
2022,2600004,Balance of Lower Peninsula of Michigan nonmetropolitan area,6,MI,False,39-9011,Childcare Workers,880.0,9.5,27070.0,27070,13.01,1.5,26290.0,BOS_M2022_dl.xlsx
2022,2700001,Northwest Minnesota nonmetropolitan area,6,MN,False,39-9011,Childcare Workers,370.0,15.3,29180.0,29180,14.03,1.4,27860.0,BOS_M2022_dl.xlsx
2022,2700002,Northeast Minnesota nonmetropolitan area,6,MN,False,39-9011,Childcare Workers,60.0,14.5,28450.0,28450,13.68,1.8,27420.0,BOS_M2022_dl.xlsx
2022,2700003,Southwest Minnesota nonmetropolitan area,6,MN,False,39-9011,Childcare Workers,340.0,15.5,27300.0,27300,13.13,3.0,25590.0,BOS_M2022_dl.xlsx
2022,2700004,Southeast Minnesota nonmetropolitan area,6,MN,False,39-9011,Childcare Workers,390.0,8.0,28670.0,28670,13.79,1.6,27110.0,BOS_M2022_dl.xlsx
2022,2800001,Northeast Mississippi nonmetropolitan area,6,MS,False,39-9011,Childcare Workers,990.0,9.6,21680.0,21680,10.43,2.9,20460.0,BOS_M2022_dl.xlsx
2022,2800002,Northwest Mississippi nonmetropolitan area,6,MS,False,39-9011,Childcare Workers,710.0,9.3,20910.0,20910,10.05,2.2,20170.0,BOS_M2022_dl.xlsx
2022,2800003,Southeast Mississippi nonmetropolitan area,6,MS,False,39-9011,Childcare Workers,650.0,7.3,21870.0,21870,10.51,1.9,20210.0,BOS_M2022_dl.xlsx
2022,2800004,Southwest Mississippi nonmetropolitan area,6,MS,False,39-9011,Childcare Workers,420.0,7.8,20980.0,20980,10.09,1.8,20350.0,BOS_M2022_dl.xlsx
2022,2900001,Central Missouri nonmetropolitan area,6,MO,False,39-9011,Childcare Workers,580.0,8.3,26540.0,26540,12.76,1.0,25900.0,BOS_M2022_dl.xlsx
2022,2900002,North Missouri nonmetropolitan area,6,MO,False,39-9011,Childcare Workers,400.0,8.1,26890.0,26890,12.93,1.4,25900.0,BOS_M2022_dl.xlsx
2022,2900003,Southeast Missouri nonmetropolitan area,6,MO,False,39-9011,Childcare Workers,670.0,9.9,26660.0,26660,12.82,1.1,26570.0,BOS_M2022_dl.xlsx
2022,2900004,Southwest Missouri nonmetropolitan area,6,MO,False,39-9011,Childcare Workers,200.0,8.2,27280.0,27280,13.12,1.7,25580.0,BOS_M2022_dl.xlsx
2022,3000003,Southwest Montana nonmetropolitan area,6,MT,False,39-9011,Childcare Workers,560.0,9.6,26300.0,26300,12.65,1.9,26720.0,BOS_M2022_dl.xlsx
2022,3000004,West Montana nonmetropolitan area,6,MT,False,39-9011,Childcare Workers,360.0,6.2,26860.0,26860,12.91,1.6,26980.0,BOS_M2022_dl.xlsx
2022,3000006,East-Central Montana nonmetropolitan area,6,MT,False,39-9011,Childcare Workers,220.0,10.4,25720.0,25720,12.37,2.3,25260.0,BOS_M2022_dl.xlsx
2022,3100001,Northwest Nebraska nonmetropolitan area,6,NE,False,39-9011,Childcare Workers,180.0,6.3,27460.0,27460,13.2,3.3,26420.0,BOS_M2022_dl.xlsx
2022,3100003,Northeast Nebraska nonmetropolitan area,6,NE,False,39-9011,Childcare Workers,620.0,7.6,26540.0,26540,12.76,1.7,24480.0,BOS_M2022_dl.xlsx
2022,3100006,South Nebraska nonmetropolitan area,6,NE,False,39-9011,Childcare Workers,1200.0,3.6,26010.0,26010,12.51,2.1,24950.0,BOS_M2022_dl.xlsx
2022,3200006,Nevada nonmetropolitan area,6,NV,False,39-9011,Childcare Workers,130.0,13.8,27360.0,27360,13.16,3.2,26060.0,BOS_M2022_dl.xlsx
2022,3300001,Northern New Hampshire nonmetropolitan area,6,NH,False,39-9011,Childcare Workers,80.0,18.5,26610.0,26610,12.79,4.4,28080.0,BOS_M2022_dl.xlsx
2022,3300002,Central New Hampshire nonmetropolitan area,6,NH,False,39-9011,Childcare Workers,280.0,14.4,25370.0,25370,12.2,4.5,23810.0,BOS_M2022_dl.xlsx
2022,3300006,West Central-Southwest New Hampshire nonmetropolitan area,6,NH,False,39-9011,Childcare Workers,270.0,11.0,26640.0,26640,12.81,2.7,26040.0,BOS_M2022_dl.xlsx
2022,3500006,Northern New Mexico nonmetropolitan area,6,NM,False,39-9011,Childcare Workers,140.0,13.2,26010.0,26010,12.51,1.5,23920.0,BOS_M2022_dl.xlsx
2022,3500007,Eastern New Mexico nonmetropolitan area,6,NM,False,39-9011,Childcare Workers,360.0,12.8,26910.0,26910,12.94,1.3,24680.0,BOS_M2022_dl.xlsx
2022,3600001,Capital/Northern New York nonmetropolitan area,6,NY,False,39-9011,Childcare Workers,460.0,12.8,31140.0,31140,14.97,1.5,28930.0,BOS_M2022_dl.xlsx
2022,3600004,Southwest New York nonmetropolitan area,6,NY,False,39-9011,Childcare Workers,750.0,7.8,32450.0,32450,15.6,1.7,29560.0,BOS_M2022_dl.xlsx
2022,3600006,Central East New York nonmetropolitan area,6,NY,False,39-9011,Childcare Workers,570.0,6.6,31980.0,31980,15.38,1.1,29460.0,BOS_M2022_dl.xlsx
2022,3700001,Southeast Coastal North Carolina nonmetropolitan area,6,NC,False,39-9011,Childcare Workers,540.0,12.5,25140.0,25140,12.09,2.4,26360.0,BOS_M2022_dl.xlsx
2022,3700002,Northeast Coastal North Carolina nonmetropolitan area,6,NC,False,39-9011,Childcare Workers,200.0,10.5,26680.0,26680,12.83,2.3,26870.0,BOS_M2022_dl.xlsx
2022,3700003,Piedmont North Carolina nonmetropolitan area,6,NC,False,39-9011,Childcare Workers,530.0,9.9,25370.0,25370,12.2,1.5,25550.0,BOS_M2022_dl.xlsx
2022,3700004,Mountain North Carolina nonmetropolitan area,6,NC,False,39-9011,Childcare Workers,380.0,12.6,28470.0,28470,13.69,5.0,25930.0,BOS_M2022_dl.xlsx
2022,3800006,West North Dakota nonmetropolitan area,6,ND,False,39-9011,Childcare Workers,820.0,7.3,29130.0,29130,14.01,2.1,27200.0,BOS_M2022_dl.xlsx
2022,3800007,East North Dakota nonmetropolitan area,6,ND,False,39-9011,Childcare Workers,720.0,8.2,27940.0,27940,13.44,3.3,27610.0,BOS_M2022_dl.xlsx
2022,3900001,West Northwestern Ohio nonmetropolitan area,6,OH,False,39-9011,Childcare Workers,640.0,8.8,24970.0,24970,12.01,2.3,22410.0,BOS_M2022_dl.xlsx
2022,3900002,North Northeastern Ohio nonmetropolitan area (noncontiguous),6,OH,False,39-9011,Childcare Workers,610.0,7.7,24630.0,24630,11.84,2.1,22970.0,BOS_M2022_dl.xlsx
2022,3900003,Eastern Ohio nonmetropolitan area,6,OH,False,39-9011,Childcare Workers,280.0,6.7,27230.0,27230,13.09,2.3,25900.0,BOS_M2022_dl.xlsx
2022,3900004,Southern Ohio nonmetropolitan area,6,OH,False,39-9011,Childcare Workers,300.0,7.6,26040.0,26040,12.52,2.4,23920.0,BOS_M2022_dl.xlsx
2022,4000001,Northeast Oklahoma nonmetropolitan area,6,OK,False,39-9011,Childcare Workers,630.0,8.8,23750.0,23750,11.42,2.3,22260.0,BOS_M2022_dl.xlsx
2022,4000002,Northwest Oklahoma nonmetropolitan area,6,OK,False,39-9011,Childcare Workers,430.0,5.6,22930.0,22930,11.02,2.1,21870.0,BOS_M2022_dl.xlsx
2022,4000003,Southwest Oklahoma nonmetropolitan area,6,OK,False,39-9011,Childcare Workers,280.0,7.1,21470.0,21470,10.32,2.8,20850.0,BOS_M2022_dl.xlsx
2022,4000004,Southeast Oklahoma nonmetropolitan area,6,OK,False,39-9011,Childcare Workers,1030.0,7.8,24130.0,24130,11.6,1.3,22660.0,BOS_M2022_dl.xlsx
2022,4100006,Coast Oregon nonmetropolitan area,6,OR,False,39-9011,Childcare Workers,160.0,25.9,34100.0,34100,16.39,12.9,30490.0,BOS_M2022_dl.xlsx
2022,4100007,Central Oregon nonmetropolitan area,6,OR,False,39-9011,Childcare Workers,190.0,11.0,32630.0,32630,15.69,2.8,29960.0,BOS_M2022_dl.xlsx
2022,4100008,Eastern Oregon nonmetropolitan area,6,OR,False,39-9011,Childcare Workers,170.0,10.7,33630.0,33630,16.17,1.8,29030.0,BOS_M2022_dl.xlsx
2022,4200001,Western Pennsylvania nonmetropolitan area,6,PA,False,39-9011,Childcare Workers,380.0,20.9,23330.0,23330,11.22,2.4,22470.0,BOS_M2022_dl.xlsx
2022,4200002,Northern Pennsylvania nonmetropolitan area,6,PA,False,39-9011,Childcare Workers,550.0,6.3,23780.0,23780,11.44,1.4,22920.0,BOS_M2022_dl.xlsx
2022,4200003,Southern Pennsylvania nonmetropolitan area,6,PA,False,39-9011,Childcare Workers,460.0,8.1,23930.0,23930,11.51,2.0,22770.0,BOS_M2022_dl.xlsx
2022,4500002,Upper Savannah South Carolina nonmetropolitan area,6,SC,False,39-9011,Childcare Workers,250.0,10.4,23280.0,23280,11.19,2.8,21890.0,BOS_M2022_dl.xlsx
2022,4500004,Lower Savannah South Carolina nonmetropolitan area,6,SC,False,39-9011,Childcare Workers,160.0,9.2,23470.0,23470,11.28,3.3,21490.0,BOS_M2022_dl.xlsx
2022,4500006,Northeast South Carolina nonmetropolitan area,6,SC,False,39-9011,Childcare Workers,230.0,15.0,23600.0,23600,11.35,3.0,22100.0,BOS_M2022_dl.xlsx
2022,4600002,East South Dakota nonmetropolitan area,6,SD,False,39-9011,Childcare Workers,500.0,3.8,25140.0,25140,12.09,1.1,24900.0,BOS_M2022_dl.xlsx
2022,4600003,West South Dakota nonmetropolitan area,6,SD,False,39-9011,Childcare Workers,360.0,5.3,26090.0,26090,12.54,1.2,26380.0,BOS_M2022_dl.xlsx
2022,4700001,West Tennessee nonmetropolitan area,6,TN,False,39-9011,Childcare Workers,350.0,9.0,24360.0,24360,11.71,1.7,23040.0,BOS_M2022_dl.xlsx
2022,4700002,South Central Tennessee nonmetropolitan area,6,TN,False,39-9011,Childcare Workers,390.0,7.6,24310.0,24310,11.69,1.6,23080.0,BOS_M2022_dl.xlsx
2022,4700003,North Central Tennessee nonmetropolitan area,6,TN,False,39-9011,Childcare Workers,290.0,11.4,23740.0,23740,11.41,2.2,22170.0,BOS_M2022_dl.xlsx
2022,4700004,East Tennessee nonmetropolitan area,6,TN,False,39-9011,Childcare Workers,,,24140.0,24140,11.61,10.0,22340.0,BOS_M2022_dl.xlsx
2022,4800001,West Texas Region of Texas nonmetropolitan area,6,TX,False,39-9011,Childcare Workers,570.0,4.8,26460.0,26460,12.72,1.8,22440.0,BOS_M2022_dl.xlsx
2022,4800002,North Texas Region of Texas nonmetropolitan area,6,TX,False,39-9011,Childcare Workers,940.0,9.1,21870.0,21870,10.51,4.6,20580.0,BOS_M2022_dl.xlsx
2022,4800003,Big Thicket Region of Texas nonmetropolitan area,6,TX,False,39-9011,Childcare Workers,440.0,4.7,23010.0,23010,11.06,1.2,21480.0,BOS_M2022_dl.xlsx
2022,4800004,Hill Country Region of Texas nonmetropolitan area,6,TX,False,39-9011,Childcare Workers,580.0,4.5,23650.0,23650,11.37,1.5,22260.0,BOS_M2022_dl.xlsx
2022,4800005,Border Region of Texas nonmetropolitan area,6,TX,False,39-9011,Childcare Workers,260.0,6.3,23010.0,23010,11.06,2.3,22220.0,BOS_M2022_dl.xlsx
2022,4800006,Coastal Plains Region of Texas nonmetropolitan area,6,TX,False,39-9011,Childcare Workers,630.0,5.0,24330.0,24330,11.7,2.4,22120.0,BOS_M2022_dl.xlsx
2022,4900006,Eastern Utah nonmetropolitan area,6,UT,False,39-9011,Childcare Workers,200.0,10.4,26770.0,26770,12.87,2.7,26030.0,BOS_M2022_dl.xlsx
2022,4900007,Central Utah nonmetropolitan area,6,UT,False,39-9011,Childcare Workers,230.0,5.7,26980.0,26980,12.97,1.8,26340.0,BOS_M2022_dl.xlsx
2022,5000001,Southern Vermont nonmetropolitan area,6,VT,False,39-9011,Childcare Workers,390.0,11.3,34920.0,34920,16.79,3.2,33650.0,BOS_M2022_dl.xlsx
2022,5000002,Northern Vermont nonmetropolitan area,6,VT,False,39-9011,Childcare Workers,190.0,15.9,32310.0,32310,15.53,4.9,29090.0,BOS_M2022_dl.xlsx
2022,5100001,Southwest Virginia nonmetropolitan area,6,VA,False,39-9011,Childcare Workers,200.0,8.6,25560.0,25560,12.29,1.4,23510.0,BOS_M2022_dl.xlsx
2022,5100002,Southside Virginia nonmetropolitan area,6,VA,False,39-9011,Childcare Workers,220.0,8.3,25960.0,25960,12.48,1.7,24270.0,BOS_M2022_dl.xlsx
2022,5100003,Northeast Virginia nonmetropolitan area,6,VA,False,39-9011,Childcare Workers,140.0,9.6,25180.0,25180,12.11,1.4,24400.0,BOS_M2022_dl.xlsx
2022,5100004,Northwest Virginia nonmetropolitan area,6,VA,False,39-9011,Childcare Workers,200.0,5.7,28150.0,28150,13.54,0.8,26370.0,BOS_M2022_dl.xlsx
2022,5300006,Western Washington nonmetropolitan area,6,WA,False,39-9011,Childcare Workers,230.0,11.0,35290.0,35290,16.97,1.2,33330.0,BOS_M2022_dl.xlsx
2022,5300007,Eastern Washington nonmetropolitan area,6,WA,False,39-9011,Childcare Workers,140.0,11.7,34320.0,34320,16.5,1.2,33230.0,BOS_M2022_dl.xlsx
2022,5400001,Southern West Virginia nonmetropolitan area,6,WV,False,39-9011,Childcare Workers,150.0,19.6,22280.0,22280,10.71,3.1,20960.0,BOS_M2022_dl.xlsx
2022,5400002,Northern West Virginia nonmetropolitan area,6,WV,False,39-9011,Childcare Workers,360.0,10.7,22290.0,22290,10.71,2.1,21740.0,BOS_M2022_dl.xlsx
2022,5500001,Northwestern Wisconsin nonmetropolitan area,6,WI,False,39-9011,Childcare Workers,50.0,22.3,28950.0,28950,13.92,4.7,27360.0,BOS_M2022_dl.xlsx
2022,5500002,Northeastern Wisconsin nonmetropolitan area,6,WI,False,39-9011,Childcare Workers,220.0,14.5,27070.0,27070,13.02,3.8,23850.0,BOS_M2022_dl.xlsx
2022,5500003,South Central Wisconsin nonmetropolitan area,6,WI,False,39-9011,Childcare Workers,290.0,32.3,29660.0,29660,14.26,6.3,29790.0,BOS_M2022_dl.xlsx
2022,5500004,Western Wisconsin nonmetropolitan area,6,WI,False,39-9011,Childcare Workers,300.0,26.1,27150.0,27150,13.06,4.3,25810.0,BOS_M2022_dl.xlsx
2022,5600006,Western Wyoming nonmetropolitan area,6,WY,False,39-9011,Childcare Workers,290.0,14.2,30550.0,30550,14.69,7.2,26170.0,BOS_M2022_dl.xlsx
2022,5600007,Eastern Wyoming nonmetropolitan area,6,WY,False,39-9011,Childcare Workers,380.0,13.3,27290.0,27290,13.12,3.5,24450.0,BOS_M2022_dl.xlsx
2022,6600001,Guam,6,GU,False,39-9011,Childcare Workers,180.0,20.0,20640.0,20640,9.92,1.0,20340.0,BOS_M2022_dl.xlsx
2022,7800001,Virgin Islands,6,VI,False,39-9011,Childcare Workers,50.0,6.8,26070.0,26070,12.54,1.2,24200.0,BOS_M2022_dl.xlsx
2022,0010180,"Abilene, TX",4,TX,True,39-9011,Childcare Workers,240.0,5.9,26090.0,26090,12.54,2.1,23050.0,MSA_M2022_dl.xlsx
2022,0010380,"Aguadilla-Isabela, PR",4,PR,True,39-9011,Childcare Workers,100.0,19.4,19810.0,19810,9.53,2.0,18620.0,MSA_M2022_dl.xlsx
2022,0010420,"Akron, OH",4,OH,True,39-9011,Childcare Workers,720.0,8.7,28250.0,28250,13.58,1.9,28490.0,MSA_M2022_dl.xlsx
2022,0010500,"Albany, GA",4,GA,True,39-9011,Childcare Workers,350.0,6.8,22890.0,22890,11.01,1.7,21850.0,MSA_M2022_dl.xlsx
2022,0010540,"Albany, OR",4,OR,True,39-9011,Childcare Workers,50.0,10.8,30740.0,30740,14.78,3.4,28430.0,MSA_M2022_dl.xlsx
2022,0010580,"Albany-Schenectady-Troy, NY",4,NY,True,39-9011,Childcare Workers,1860.0,5.1,33350.0,33350,16.03,1.3,31260.0,MSA_M2022_dl.xlsx
2022,0010740,"Albuquerque, NM",4,NM,True,39-9011,Childcare Workers,850.0,14.3,27560.0,27560,13.25,2.1,26770.0,MSA_M2022_dl.xlsx
2022,0010780,"Alexandria, LA",4,LA,True,39-9011,Childcare Workers,320.0,3.6,21190.0,21190,10.19,1.2,19740.0,MSA_M2022_dl.xlsx
2022,0010900,"Allentown-Bethlehem-Easton, PA-NJ",4,PA,True,39-9011,Childcare Workers,1290.0,5.3,27550.0,27550,13.25,1.1,27980.0,MSA_M2022_dl.xlsx
2022,0011020,"Altoona, PA",4,PA,True,39-9011,Childcare Workers,160.0,12.0,24330.0,24330,11.7,2.0,23450.0,MSA_M2022_dl.xlsx
2022,0011100,"Amarillo, TX",4,TX,True,39-9011,Childcare Workers,500.0,6.6,24450.0,24450,11.75,1.2,22020.0,MSA_M2022_dl.xlsx
2022,0011180,"Ames, IA",4,IA,True,39-9011,Childcare Workers,210.0,11.5,23660.0,23660,11.38,3.1,22620.0,MSA_M2022_dl.xlsx
2022,0011260,"Anchorage, AK",4,AK,True,39-9011,Childcare Workers,660.0,8.7,33270.0,33270,15.99,1.6,31500.0,MSA_M2022_dl.xlsx
2022,0011460,"Ann Arbor, MI",4,MI,True,39-9011,Childcare Workers,800.0,5.8,28530.0,28530,13.72,1.5,28300.0,MSA_M2022_dl.xlsx
2022,0011500,"Anniston-Oxford-Jacksonville, AL",4,AL,True,39-9011,Childcare Workers,120.0,16.8,21660.0,21660,10.41,4.3,19760.0,MSA_M2022_dl.xlsx
2022,0011540,"Appleton, WI",4,WI,True,39-9011,Childcare Workers,150.0,9.0,25600.0,25600,12.31,1.9,23370.0,MSA_M2022_dl.xlsx
2022,0011700,"Asheville, NC",4,NC,True,39-9011,Childcare Workers,460.0,9.0,27640.0,27640,13.29,1.4,27870.0,MSA_M2022_dl.xlsx
2022,0012020,"Athens-Clarke County, GA",4,GA,True,39-9011,Childcare Workers,370.0,5.8,25270.0,25270,12.15,1.5,23590.0,MSA_M2022_dl.xlsx
2022,0012060,"Atlanta-Sandy Springs-Roswell, GA",4,GA,True,39-9011,Childcare Workers,8940.0,17.3,28060.0,28060,13.49,4.2,26110.0,MSA_M2022_dl.xlsx
2022,0012100,"Atlantic City-Hammonton, NJ",4,NJ,True,39-9011,Childcare Workers,250.0,8.4,30540.0,30540,14.68,1.1,29360.0,MSA_M2022_dl.xlsx
2022,0012220,"Auburn-Opelika, AL",4,AL,True,39-9011,Childcare Workers,220.0,15.0,23590.0,23590,11.34,1.6,21670.0,MSA_M2022_dl.xlsx
2022,0012260,"Augusta-Richmond County, GA-SC",4,GA,True,39-9011,Childcare Workers,890.0,5.5,23600.0,23600,11.34,1.6,22040.0,MSA_M2022_dl.xlsx
2022,0012420,"Austin-Round Rock, TX",4,TX,True,39-9011,Childcare Workers,4320.0,15.4,27780.0,27780,13.36,1.9,27190.0,MSA_M2022_dl.xlsx
2022,0012540,"Bakersfield, CA",4,CA,True,39-9011,Childcare Workers,680.0,7.8,34980.0,34980,16.82,2.1,34150.0,MSA_M2022_dl.xlsx
2022,0012580,"Baltimore-Columbia-Towson, MD",4,MD,True,39-9011,Childcare Workers,3340.0,8.7,31190.0,31190,15.0,1.3,29120.0,MSA_M2022_dl.xlsx
2022,0012940,"Baton Rouge, LA",4,LA,True,39-9011,Childcare Workers,2000.0,3.8,23030.0,23030,11.07,1.6,21440.0,MSA_M2022_dl.xlsx
2022,0012980,"Battle Creek, MI",4,MI,True,39-9011,Childcare Workers,170.0,8.3,27210.0,27210,13.08,1.4,27080.0,MSA_M2022_dl.xlsx
2022,0013020,"Bay City, MI",4,MI,True,39-9011,Childcare Workers,90.0,18.2,25490.0,25490,12.25,1.4,25860.0,MSA_M2022_dl.xlsx
2022,0013140,"Beaumont-Port Arthur, TX",4,TX,True,39-9011,Childcare Workers,500.0,5.8,23750.0,23750,11.42,1.4,22060.0,MSA_M2022_dl.xlsx
2022,0013220,"Beckley, WV",4,WV,True,39-9011,Childcare Workers,90.0,21.0,21690.0,21690,10.43,1.8,21740.0,MSA_M2022_dl.xlsx
2022,0013380,"Bellingham, WA",4,WA,True,39-9011,Childcare Workers,,,33530.0,33530,16.12,1.8,32590.0,MSA_M2022_dl.xlsx
2022,0013460,"Bend-Redmond, OR",4,OR,True,39-9011,Childcare Workers,150.0,14.0,32760.0,32760,15.75,2.8,30630.0,MSA_M2022_dl.xlsx
2022,0013740,"Billings, MT",4,MT,True,39-9011,Childcare Workers,450.0,7.4,26980.0,26980,12.97,1.7,26210.0,MSA_M2022_dl.xlsx
2022,0013780,"Binghamton, NY",4,NY,True,39-9011,Childcare Workers,420.0,6.9,30600.0,30600,14.71,1.8,28760.0,MSA_M2022_dl.xlsx
2022,0013820,"Birmingham-Hoover, AL",4,AL,True,39-9011,Childcare Workers,1150.0,8.6,23410.0,23410,11.25,1.6,22120.0,MSA_M2022_dl.xlsx
2022,0013900,"Bismarck, ND",4,ND,True,39-9011,Childcare Workers,630.0,3.8,28210.0,28210,13.56,1.0,26860.0,MSA_M2022_dl.xlsx
2022,0013980,"Blacksburg-Christiansburg-Radford, VA",4,VA,True,39-9011,Childcare Workers,240.0,6.9,26920.0,26920,12.94,1.1,23940.0,MSA_M2022_dl.xlsx
2022,0014010,"Bloomington, IL",4,IL,True,39-9011,Childcare Workers,550.0,5.3,28200.0,28200,13.56,0.9,26800.0,MSA_M2022_dl.xlsx
2022,0014020,"Bloomington, IN",4,IN,True,39-9011,Childcare Workers,190.0,9.8,25360.0,25360,12.19,2.7,25100.0,MSA_M2022_dl.xlsx
2022,0014100,"Bloomsburg-Berwick, PA",4,PA,True,39-9011,Childcare Workers,130.0,7.6,25730.0,25730,12.37,2.2,23850.0,MSA_M2022_dl.xlsx
2022,0014260,"Boise City, ID",4,ID,True,39-9011,Childcare Workers,1060.0,11.5,24800.0,24800,11.92,2.5,22130.0,MSA_M2022_dl.xlsx
2022,0014500,"Boulder, CO",4,CO,True,39-9011,Childcare Workers,620.0,6.7,36650.0,36650,17.62,1.1,35880.0,MSA_M2022_dl.xlsx
2022,0014540,"Bowling Green, KY",4,KY,True,39-9011,Childcare Workers,400.0,4.2,23660.0,23660,11.38,1.2,23090.0,MSA_M2022_dl.xlsx
2022,0015180,"Brownsville-Harlingen, TX",4,TX,True,39-9011,Childcare Workers,2380.0,3.3,31250.0,31250,15.02,1.3,36790.0,MSA_M2022_dl.xlsx
2022,0015260,"Brunswick, GA",4,GA,True,39-9011,Childcare Workers,160.0,4.2,24570.0,24570,11.81,2.3,22660.0,MSA_M2022_dl.xlsx
2022,0015380,"Buffalo-Cheektowaga-Niagara Falls, NY",4,NY,True,39-9011,Childcare Workers,2230.0,11.3,32290.0,32290,15.53,1.4,29730.0,MSA_M2022_dl.xlsx
2022,0015500,"Burlington, NC",4,NC,True,39-9011,Childcare Workers,170.0,11.8,25370.0,25370,12.2,1.4,22590.0,MSA_M2022_dl.xlsx
2022,0015680,"California-Lexington Park, MD",4,MD,True,39-9011,Childcare Workers,90.0,8.3,29280.0,29280,14.08,2.3,27650.0,MSA_M2022_dl.xlsx
2022,0015940,"Canton-Massillon, OH",4,OH,True,39-9011,Childcare Workers,360.0,8.1,25470.0,25470,12.24,2.1,23460.0,MSA_M2022_dl.xlsx
2022,0015980,"Cape Coral-Fort Myers, FL",4,FL,True,39-9011,Childcare Workers,560.0,7.2,28290.0,28290,13.6,1.0,28230.0,MSA_M2022_dl.xlsx
2022,0016020,"Cape Girardeau, MO-IL",4,MO,True,39-9011,Childcare Workers,240.0,6.5,26750.0,26750,12.86,1.0,26570.0,MSA_M2022_dl.xlsx
2022,0016060,"Carbondale-Marion, IL",4,IL,True,39-9011,Childcare Workers,200.0,9.8,27190.0,27190,13.07,1.2,26350.0,MSA_M2022_dl.xlsx
2022,0016180,"Carson City, NV",4,NV,True,39-9011,Childcare Workers,50.0,19.2,31080.0,31080,14.94,6.1,29540.0,MSA_M2022_dl.xlsx
2022,0016220,"Casper, WY",4,WY,True,39-9011,Childcare Workers,130.0,11.8,26180.0,26180,12.59,1.9,24920.0,MSA_M2022_dl.xlsx
2022,0016300,"Cedar Rapids, IA",4,IA,True,39-9011,Childcare Workers,630.0,10.8,25820.0,25820,12.42,2.0,25100.0,MSA_M2022_dl.xlsx
2022,0016540,"Chambersburg-Waynesboro, PA",4,PA,True,39-9011,Childcare Workers,170.0,7.0,24930.0,24930,11.99,1.2,25690.0,MSA_M2022_dl.xlsx
2022,0016580,"Champaign-Urbana, IL",4,IL,True,39-9011,Childcare Workers,440.0,6.5,28800.0,28800,13.85,1.0,27310.0,MSA_M2022_dl.xlsx
2022,0016620,"Charleston, WV",4,WV,True,39-9011,Childcare Workers,200.0,11.7,22440.0,22440,10.79,1.6,22460.0,MSA_M2022_dl.xlsx
2022,0016700,"Charleston-North Charleston, SC",4,SC,True,39-9011,Childcare Workers,1560.0,21.5,26090.0,26090,12.54,7.2,22810.0,MSA_M2022_dl.xlsx
2022,0016740,"Charlotte-Concord-Gastonia, NC-SC",4,NC,True,39-9011,Childcare Workers,3310.0,7.1,27600.0,27600,13.27,1.2,28450.0,MSA_M2022_dl.xlsx
2022,0016820,"Charlottesville, VA",4,VA,True,39-9011,Childcare Workers,360.0,9.2,28490.0,28490,13.7,1.2,26100.0,MSA_M2022_dl.xlsx
2022,0016860,"Chattanooga, TN-GA",4,TN,True,39-9011,Childcare Workers,660.0,7.9,24910.0,24910,11.98,2.4,22640.0,MSA_M2022_dl.xlsx
2022,0016940,"Cheyenne, WY",4,WY,True,39-9011,Childcare Workers,120.0,13.9,24980.0,24980,12.01,2.2,22420.0,MSA_M2022_dl.xlsx
2022,0016980,"Chicago-Naperville-Elgin, IL-IN-WI",4,IL,True,39-9011,Childcare Workers,16840.0,6.5,31830.0,31830,15.3,1.8,29510.0,MSA_M2022_dl.xlsx
2022,0017020,"Chico, CA",4,CA,True,39-9011,Childcare Workers,220.0,7.6,34950.0,34950,16.8,1.5,34350.0,MSA_M2022_dl.xlsx
2022,0017140,"Cincinnati, OH-KY-IN",4,OH,True,39-9011,Childcare Workers,3360.0,5.1,28260.0,28260,13.59,1.1,28020.0,MSA_M2022_dl.xlsx
2022,0017300,"Clarksville, TN-KY",4,TN,True,39-9011,Childcare Workers,590.0,7.2,23980.0,23980,11.53,1.2,22960.0,MSA_M2022_dl.xlsx
2022,0017420,"Cleveland, TN",4,TN,True,39-9011,Childcare Workers,140.0,7.5,23410.0,23410,11.25,1.8,22160.0,MSA_M2022_dl.xlsx
2022,0017460,"Cleveland-Elyria, OH",4,OH,True,39-9011,Childcare Workers,2180.0,8.4,28870.0,28870,13.88,2.1,28120.0,MSA_M2022_dl.xlsx
2022,0017660,"Coeur d'Alene, ID",4,ID,True,39-9011,Childcare Workers,190.0,10.1,25040.0,25040,12.04,2.2,22090.0,MSA_M2022_dl.xlsx
2022,0017780,"College Station-Bryan, TX",4,TX,True,39-9011,Childcare Workers,590.0,4.3,22640.0,22640,10.89,1.0,21860.0,MSA_M2022_dl.xlsx
2022,0017820,"Colorado Springs, CO",4,CO,True,39-9011,Childcare Workers,730.0,9.0,32440.0,32440,15.6,1.4,31200.0,MSA_M2022_dl.xlsx
2022,0017860,"Columbia, MO",4,MO,True,39-9011,Childcare Workers,570.0,6.4,29070.0,29070,13.98,1.1,27310.0,MSA_M2022_dl.xlsx
2022,0017900,"Columbia, SC",4,SC,True,39-9011,Childcare Workers,900.0,13.5,24760.0,24760,11.9,2.4,23200.0,MSA_M2022_dl.xlsx
2022,0017980,"Columbus, GA-AL",4,GA,True,39-9011,Childcare Workers,450.0,7.1,22940.0,22940,11.03,1.3,21830.0,MSA_M2022_dl.xlsx
2022,0018140,"Columbus, OH",4,OH,True,39-9011,Childcare Workers,3470.0,12.6,30370.0,30370,14.6,3.4,28050.0,MSA_M2022_dl.xlsx
2022,0018580,"Corpus Christi, TX",4,TX,True,39-9011,Childcare Workers,860.0,3.5,25800.0,25800,12.4,1.4,22630.0,MSA_M2022_dl.xlsx
2022,0018700,"Corvallis, OR",4,OR,True,39-9011,Childcare Workers,60.0,18.0,30840.0,30840,14.83,2.7,29900.0,MSA_M2022_dl.xlsx
2022,0018880,"Crestview-Fort Walton Beach-Destin, FL",4,FL,True,39-9011,Childcare Workers,320.0,6.1,27760.0,27760,13.35,1.3,28020.0,MSA_M2022_dl.xlsx
2022,0019060,"Cumberland, MD-WV",4,MD,True,39-9011,Childcare Workers,70.0,10.6,25300.0,25300,12.17,2.4,26000.0,MSA_M2022_dl.xlsx
2022,0019100,"Dallas-Fort Worth-Arlington, TX",4,TX,True,39-9011,Childcare Workers,12220.0,6.6,26720.0,26720,12.84,1.4,26160.0,MSA_M2022_dl.xlsx
2022,0019140,"Dalton, GA",4,GA,True,39-9011,Childcare Workers,120.0,12.2,22240.0,22240,10.69,4.1,21530.0,MSA_M2022_dl.xlsx
2022,0019180,"Danville, IL",4,IL,True,39-9011,Childcare Workers,150.0,33.1,26400.0,26400,12.69,5.8,24960.0,MSA_M2022_dl.xlsx
2022,0019300,"Daphne-Fairhope-Foley, AL",4,AL,True,39-9011,Childcare Workers,190.0,7.2,22730.0,22730,10.93,2.3,21600.0,MSA_M2022_dl.xlsx
2022,0019340,"Davenport-Moline-Rock Island, IA-IL",4,IA,True,39-9011,Childcare Workers,610.0,5.9,27330.0,27330,13.14,1.3,26330.0,MSA_M2022_dl.xlsx
2022,0019380,"Dayton, OH",4,OH,True,39-9011,Childcare Workers,770.0,7.4,26720.0,26720,12.85,1.7,26520.0,MSA_M2022_dl.xlsx
2022,0019460,"Decatur, AL",4,AL,True,39-9011,Childcare Workers,100.0,8.8,22680.0,22680,10.9,1.9,21960.0,MSA_M2022_dl.xlsx
2022,0019500,"Decatur, IL",4,IL,True,39-9011,Childcare Workers,130.0,11.0,29080.0,29080,13.98,2.4,27780.0,MSA_M2022_dl.xlsx
2022,0019660,"Deltona-Daytona Beach-Ormond Beach, FL",4,FL,True,39-9011,Childcare Workers,630.0,8.6,26140.0,26140,12.57,1.1,24350.0,MSA_M2022_dl.xlsx
2022,0019740,"Denver-Aurora-Lakewood, CO",4,CO,True,39-9011,Childcare Workers,4820.0,6.6,35510.0,35510,17.07,0.8,35830.0,MSA_M2022_dl.xlsx
2022,0019780,"Des Moines-West Des Moines, IA",4,IA,True,39-9011,Childcare Workers,1420.0,10.7,25650.0,25650,12.33,2.2,24370.0,MSA_M2022_dl.xlsx
2022,0019820,"Detroit-Warren-Dearborn, MI",4,MI,True,39-9011,Childcare Workers,6920.0,6.9,28770.0,28770,13.83,1.2,28100.0,MSA_M2022_dl.xlsx
2022,0020020,"Dothan, AL",4,AL,True,39-9011,Childcare Workers,170.0,10.3,19720.0,19720,9.48,3.7,17500.0,MSA_M2022_dl.xlsx
2022,0020100,"Dover, DE",4,DE,True,39-9011,Childcare Workers,120.0,23.0,26840.0,26840,12.91,3.0,24300.0,MSA_M2022_dl.xlsx
2022,0020220,"Dubuque, IA",4,IA,True,39-9011,Childcare Workers,180.0,10.5,25370.0,25370,12.2,2.1,22950.0,MSA_M2022_dl.xlsx
2022,0020260,"Duluth, MN-WI",4,MN,True,39-9011,Childcare Workers,320.0,8.5,26860.0,26860,12.91,1.8,25730.0,MSA_M2022_dl.xlsx
2022,0020500,"Durham-Chapel Hill, NC",4,NC,True,39-9011,Childcare Workers,590.0,10.0,30120.0,30120,14.48,1.6,30810.0,MSA_M2022_dl.xlsx
2022,0020700,"East Stroudsburg, PA",4,PA,True,39-9011,Childcare Workers,180.0,11.7,25330.0,25330,12.18,1.5,25420.0,MSA_M2022_dl.xlsx
2022,0020740,"Eau Claire, WI",4,WI,True,39-9011,Childcare Workers,100.0,17.0,25640.0,25640,12.33,2.3,23930.0,MSA_M2022_dl.xlsx
2022,0020940,"El Centro, CA",4,CA,True,39-9011,Childcare Workers,140.0,12.5,36530.0,36530,17.56,3.8,34970.0,MSA_M2022_dl.xlsx
2022,0021060,"Elizabethtown-Fort Knox, KY",4,KY,True,39-9011,Childcare Workers,350.0,3.7,24690.0,24690,11.87,1.9,26020.0,MSA_M2022_dl.xlsx
2022,0021140,"Elkhart-Goshen, IN",4,IN,True,39-9011,Childcare Workers,110.0,9.5,28880.0,28880,13.88,5.9,26800.0,MSA_M2022_dl.xlsx
2022,0021300,"Elmira, NY",4,NY,True,39-9011,Childcare Workers,100.0,5.3,30290.0,30290,14.56,1.2,28520.0,MSA_M2022_dl.xlsx
2022,0021340,"El Paso, TX",4,TX,True,39-9011,Childcare Workers,1100.0,6.0,22990.0,22990,11.05,1.7,20950.0,MSA_M2022_dl.xlsx
2022,0021420,"Enid, OK",4,OK,True,39-9011,Childcare Workers,100.0,5.8,22590.0,22590,10.86,1.6,21130.0,MSA_M2022_dl.xlsx
2022,0021500,"Erie, PA",4,PA,True,39-9011,Childcare Workers,420.0,9.0,24810.0,24810,11.93,1.4,23220.0,MSA_M2022_dl.xlsx
2022,0021660,"Eugene, OR",4,OR,True,39-9011,Childcare Workers,210.0,12.5,32560.0,32560,15.66,1.7,29850.0,MSA_M2022_dl.xlsx
2022,0021780,"Evansville, IN-KY",4,IN,True,39-9011,Childcare Workers,550.0,3.7,24830.0,24830,11.94,1.1,22880.0,MSA_M2022_dl.xlsx
2022,0021820,"Fairbanks, AK",4,AK,True,39-9011,Childcare Workers,90.0,13.1,33820.0,33820,16.26,4.0,30880.0,MSA_M2022_dl.xlsx
2022,0022020,"Fargo, ND-MN",4,ND,True,39-9011,Childcare Workers,1500.0,2.4,28710.0,28710,13.8,1.0,26700.0,MSA_M2022_dl.xlsx
2022,0022140,"Farmington, NM",4,NM,True,39-9011,Childcare Workers,110.0,15.4,27270.0,27270,13.11,1.4,25220.0,MSA_M2022_dl.xlsx
2022,0022180,"Fayetteville, NC",4,NC,True,39-9011,Childcare Workers,350.0,9.0,24970.0,24970,12.0,1.5,23800.0,MSA_M2022_dl.xlsx
2022,0022220,"Fayetteville-Springdale-Rogers, AR-MO",4,AR,True,39-9011,Childcare Workers,1130.0,11.9,26950.0,26950,12.96,1.0,26310.0,MSA_M2022_dl.xlsx
2022,0022380,"Flagstaff, AZ",4,AZ,True,39-9011,Childcare Workers,80.0,18.0,32320.0,32320,15.54,1.4,31470.0,MSA_M2022_dl.xlsx
2022,0022420,"Flint, MI",4,MI,True,39-9011,Childcare Workers,550.0,9.3,26360.0,26360,12.67,1.4,26220.0,MSA_M2022_dl.xlsx
2022,0022500,"Florence, SC",4,SC,True,39-9011,Childcare Workers,320.0,8.5,24120.0,24120,11.6,1.3,21990.0,MSA_M2022_dl.xlsx
2022,0022520,"Florence-Muscle Shoals, AL",4,AL,True,39-9011,Childcare Workers,140.0,9.8,21400.0,21400,10.29,1.9,20680.0,MSA_M2022_dl.xlsx
2022,0022660,"Fort Collins, CO",4,CO,True,39-9011,Childcare Workers,380.0,7.3,33690.0,33690,16.2,0.8,32480.0,MSA_M2022_dl.xlsx
2022,0022900,"Fort Smith, AR-OK",4,AR,True,39-9011,Childcare Workers,400.0,4.8,24770.0,24770,11.91,1.0,24340.0,MSA_M2022_dl.xlsx
2022,0023060,"Fort Wayne, IN",4,IN,True,39-9011,Childcare Workers,530.0,7.3,25250.0,25250,12.14,1.5,24490.0,MSA_M2022_dl.xlsx
2022,0023420,"Fresno, CA",4,CA,True,39-9011,Childcare Workers,590.0,36.9,35970.0,35970,17.3,1.4,35220.0,MSA_M2022_dl.xlsx
2022,0023540,"Gainesville, FL",4,FL,True,39-9011,Childcare Workers,500.0,5.8,26850.0,26850,12.91,0.9,24330.0,MSA_M2022_dl.xlsx
2022,0023580,"Gainesville, GA",4,GA,True,39-9011,Childcare Workers,330.0,6.3,26050.0,26050,12.53,1.9,24280.0,MSA_M2022_dl.xlsx
2022,0023900,"Gettysburg, PA",4,PA,True,39-9011,Childcare Workers,100.0,20.5,27630.0,27630,13.28,3.4,27940.0,MSA_M2022_dl.xlsx
2022,0024020,"Glens Falls, NY",4,NY,True,39-9011,Childcare Workers,170.0,7.0,30280.0,30280,14.56,1.1,29050.0,MSA_M2022_dl.xlsx
2022,0024140,"Goldsboro, NC",4,NC,True,39-9011,Childcare Workers,100.0,10.9,24130.0,24130,11.6,1.7,22010.0,MSA_M2022_dl.xlsx
2022,0024220,"Grand Forks, ND-MN",4,ND,True,39-9011,Childcare Workers,300.0,2.8,28520.0,28520,13.71,1.6,26020.0,MSA_M2022_dl.xlsx
2022,0024260,"Grand Island, NE",4,NE,True,39-9011,Childcare Workers,230.0,5.1,26870.0,26870,12.92,3.2,25830.0,MSA_M2022_dl.xlsx
2022,0024300,"Grand Junction, CO",4,CO,True,39-9011,Childcare Workers,190.0,15.0,31100.0,31100,14.95,1.5,29860.0,MSA_M2022_dl.xlsx
2022,0024340,"Grand Rapids-Wyoming, MI",4,MI,True,39-9011,Childcare Workers,2460.0,6.2,27870.0,27870,13.4,1.3,26920.0,MSA_M2022_dl.xlsx
2022,0024420,"Grants Pass, OR",4,OR,True,39-9011,Childcare Workers,50.0,12.7,31110.0,31110,14.96,2.5,29040.0,MSA_M2022_dl.xlsx
2022,0024500,"Great Falls, MT",4,MT,True,39-9011,Childcare Workers,220.0,6.7,26570.0,26570,12.77,1.3,27270.0,MSA_M2022_dl.xlsx
2022,0024540,"Greeley, CO",4,CO,True,39-9011,Childcare Workers,290.0,8.3,33150.0,33150,15.94,0.8,32770.0,MSA_M2022_dl.xlsx
2022,0024580,"Green Bay, WI",4,WI,True,39-9011,Childcare Workers,210.0,8.0,26980.0,26980,12.97,1.4,26910.0,MSA_M2022_dl.xlsx
2022,0024660,"Greensboro-High Point, NC",4,NC,True,39-9011,Childcare Workers,950.0,9.6,26620.0,26620,12.8,1.2,28010.0,MSA_M2022_dl.xlsx
2022,0024780,"Greenville, NC",4,NC,True,39-9011,Childcare Workers,150.0,10.7,23970.0,23970,11.52,2.2,22710.0,MSA_M2022_dl.xlsx
2022,0024860,"Greenville-Anderson-Mauldin, SC",4,SC,True,39-9011,Childcare Workers,1550.0,8.4,24670.0,24670,11.86,2.4,22520.0,MSA_M2022_dl.xlsx
2022,0025060,"Gulfport-Biloxi-Pascagoula, MS",4,MS,True,39-9011,Childcare Workers,810.0,6.8,21270.0,21270,10.23,1.4,20450.0,MSA_M2022_dl.xlsx
2022,0025180,"Hagerstown-Martinsburg, MD-WV",4,MD,True,39-9011,Childcare Workers,150.0,13.2,27450.0,27450,13.2,2.2,26330.0,MSA_M2022_dl.xlsx
2022,0025220,"Hammond, LA",4,LA,True,39-9011,Childcare Workers,440.0,4.4,20680.0,20680,9.94,1.6,20530.0,MSA_M2022_dl.xlsx
2022,0025260,"Hanford-Corcoran, CA",4,CA,True,39-9011,Childcare Workers,90.0,27.4,36050.0,36050,17.33,2.6,34620.0,MSA_M2022_dl.xlsx
2022,0025420,"Harrisburg-Carlisle, PA",4,PA,True,39-9011,Childcare Workers,880.0,6.2,26100.0,26100,12.55,1.3,27180.0,MSA_M2022_dl.xlsx
2022,0025500,"Harrisonburg, VA",4,VA,True,39-9011,Childcare Workers,110.0,9.5,26070.0,26070,12.53,1.4,24470.0,MSA_M2022_dl.xlsx
2022,0025620,"Hattiesburg, MS",4,MS,True,39-9011,Childcare Workers,230.0,23.6,19540.0,19540,9.39,3.1,17550.0,MSA_M2022_dl.xlsx
2022,0025860,"Hickory-Lenoir-Morganton, NC",4,NC,True,39-9011,Childcare Workers,230.0,8.3,25440.0,25440,12.23,1.5,24160.0,MSA_M2022_dl.xlsx
2022,0025940,"Hilton Head Island-Bluffton-Beaufort, SC",4,SC,True,39-9011,Childcare Workers,160.0,20.1,25290.0,25290,12.16,9.1,24670.0,MSA_M2022_dl.xlsx
2022,0025980,"Hinesville, GA",4,GA,True,39-9011,Childcare Workers,110.0,8.8,23090.0,23090,11.1,2.3,21790.0,MSA_M2022_dl.xlsx
2022,0026300,"Hot Springs, AR",4,AR,True,39-9011,Childcare Workers,150.0,15.8,25890.0,25890,12.45,0.9,24760.0,MSA_M2022_dl.xlsx
2022,0026380,"Houma-Thibodaux, LA",4,LA,True,39-9011,Childcare Workers,240.0,4.2,21080.0,21080,10.14,1.4,19840.0,MSA_M2022_dl.xlsx
2022,0026420,"Houston-The Woodlands-Sugar Land, TX",4,TX,True,39-9011,Childcare Workers,10300.0,11.7,25700.0,25700,12.35,1.9,23110.0,MSA_M2022_dl.xlsx
2022,0026580,"Huntington-Ashland, WV-KY-OH",4,WV,True,39-9011,Childcare Workers,420.0,4.4,22900.0,22900,11.01,1.2,22630.0,MSA_M2022_dl.xlsx
2022,0026620,"Huntsville, AL",4,AL,True,39-9011,Childcare Workers,470.0,7.9,26100.0,26100,12.55,3.8,23520.0,MSA_M2022_dl.xlsx
2022,0026820,"Idaho Falls, ID",4,ID,True,39-9011,Childcare Workers,250.0,10.7,25990.0,25990,12.49,4.4,24090.0,MSA_M2022_dl.xlsx
2022,0026900,"Indianapolis-Carmel-Anderson, IN",4,IN,True,39-9011,Childcare Workers,3390.0,7.4,26420.0,26420,12.7,3.2,25730.0,MSA_M2022_dl.xlsx
2022,0026980,"Iowa City, IA",4,IA,True,39-9011,Childcare Workers,510.0,10.8,25010.0,25010,12.02,2.2,25640.0,MSA_M2022_dl.xlsx
2022,0027060,"Ithaca, NY",4,NY,True,39-9011,Childcare Workers,300.0,3.5,33760.0,33760,16.23,1.0,31930.0,MSA_M2022_dl.xlsx
2022,0027100,"Jackson, MI",4,MI,True,39-9011,Childcare Workers,280.0,7.6,26700.0,26700,12.84,1.8,25710.0,MSA_M2022_dl.xlsx
2022,0027140,"Jackson, MS",4,MS,True,39-9011,Childcare Workers,1400.0,6.5,21270.0,21270,10.22,1.6,20460.0,MSA_M2022_dl.xlsx
2022,0027180,"Jackson, TN",4,TN,True,39-9011,Childcare Workers,200.0,26.4,21900.0,21900,10.53,5.3,21440.0,MSA_M2022_dl.xlsx
2022,0027260,"Jacksonville, FL",4,FL,True,39-9011,Childcare Workers,1780.0,15.0,26740.0,26740,12.85,2.1,27080.0,MSA_M2022_dl.xlsx
2022,0027340,"Jacksonville, NC",4,NC,True,39-9011,Childcare Workers,160.0,13.8,25710.0,25710,12.36,2.1,25230.0,MSA_M2022_dl.xlsx
2022,0027620,"Jefferson City, MO",4,MO,True,39-9011,Childcare Workers,420.0,5.0,26130.0,26130,12.56,1.5,24550.0,MSA_M2022_dl.xlsx
2022,0027740,"Johnson City, TN",4,TN,True,39-9011,Childcare Workers,130.0,16.1,23350.0,23350,11.23,2.2,21750.0,MSA_M2022_dl.xlsx
2022,0027780,"Johnstown, PA",4,PA,True,39-9011,Childcare Workers,290.0,6.4,21580.0,21580,10.38,1.4,22160.0,MSA_M2022_dl.xlsx
2022,0027860,"Jonesboro, AR",4,AR,True,39-9011,Childcare Workers,310.0,11.1,26680.0,26680,12.83,1.1,27140.0,MSA_M2022_dl.xlsx
2022,0027900,"Joplin, MO",4,MO,True,39-9011,Childcare Workers,280.0,10.8,27030.0,27030,12.99,1.4,26160.0,MSA_M2022_dl.xlsx
2022,0027980,"Kahului-Wailuku-Lahaina, HI",4,HI,True,39-9011,Childcare Workers,170.0,9.4,32050.0,32050,15.41,2.3,29370.0,MSA_M2022_dl.xlsx
2022,0028020,"Kalamazoo-Portage, MI",4,MI,True,39-9011,Childcare Workers,620.0,5.5,26640.0,26640,12.81,1.1,25470.0,MSA_M2022_dl.xlsx
2022,0028100,"Kankakee, IL",4,IL,True,39-9011,Childcare Workers,230.0,10.9,27600.0,27600,13.27,1.9,27420.0,MSA_M2022_dl.xlsx
2022,0028140,"Kansas City, MO-KS",4,MO,True,39-9011,Childcare Workers,4440.0,5.0,28190.0,28190,13.55,1.1,28190.0,MSA_M2022_dl.xlsx
2022,0028420,"Kennewick-Richland, WA",4,WA,True,39-9011,Childcare Workers,240.0,15.0,35370.0,35370,17.0,2.7,33460.0,MSA_M2022_dl.xlsx
2022,0028660,"Killeen-Temple, TX",4,TX,True,39-9011,Childcare Workers,670.0,4.5,23180.0,23180,11.14,1.4,21600.0,MSA_M2022_dl.xlsx
2022,0028700,"Kingsport-Bristol-Bristol, TN-VA",4,TN,True,39-9011,Childcare Workers,170.0,11.3,24250.0,24250,11.66,3.1,22880.0,MSA_M2022_dl.xlsx
2022,0028740,"Kingston, NY",4,NY,True,39-9011,Childcare Workers,370.0,4.7,32210.0,32210,15.49,1.3,30790.0,MSA_M2022_dl.xlsx
2022,0028940,"Knoxville, TN",4,TN,True,39-9011,Childcare Workers,1530.0,5.5,23310.0,23310,11.21,1.7,22620.0,MSA_M2022_dl.xlsx
2022,0029020,"Kokomo, IN",4,IN,True,39-9011,Childcare Workers,90.0,7.5,24530.0,24530,11.79,3.3,23760.0,MSA_M2022_dl.xlsx
2022,0029100,"La Crosse-Onalaska, WI-MN",4,WI,True,39-9011,Childcare Workers,270.0,4.6,23920.0,23920,11.5,1.2,23350.0,MSA_M2022_dl.xlsx
2022,0029180,"Lafayette, LA",4,LA,True,39-9011,Childcare Workers,1300.0,4.6,22040.0,22040,10.6,2.0,20800.0,MSA_M2022_dl.xlsx
2022,0029200,"Lafayette-West Lafayette, IN",4,IN,True,39-9011,Childcare Workers,310.0,5.7,27230.0,27230,13.09,1.5,27580.0,MSA_M2022_dl.xlsx
2022,0029340,"Lake Charles, LA",4,LA,True,39-9011,Childcare Workers,290.0,2.8,21630.0,21630,10.4,1.5,20930.0,MSA_M2022_dl.xlsx
2022,0029420,"Lake Havasu City-Kingman, AZ",4,AZ,True,39-9011,Childcare Workers,110.0,9.2,31360.0,31360,15.08,1.1,29060.0,MSA_M2022_dl.xlsx
2022,0029460,"Lakeland-Winter Haven, FL",4,FL,True,39-9011,Childcare Workers,510.0,8.5,27310.0,27310,13.13,1.0,27180.0,MSA_M2022_dl.xlsx
2022,0029540,"Lancaster, PA",4,PA,True,39-9011,Childcare Workers,560.0,6.9,26370.0,26370,12.68,1.2,26750.0,MSA_M2022_dl.xlsx
2022,0029620,"Lansing-East Lansing, MI",4,MI,True,39-9011,Childcare Workers,780.0,5.6,27520.0,27520,13.23,1.0,27060.0,MSA_M2022_dl.xlsx
2022,0029700,"Laredo, TX",4,TX,True,39-9011,Childcare Workers,350.0,8.6,21450.0,21450,10.31,1.7,20130.0,MSA_M2022_dl.xlsx
2022,0029740,"Las Cruces, NM",4,NM,True,39-9011,Childcare Workers,200.0,18.2,25730.0,25730,12.37,2.0,24960.0,MSA_M2022_dl.xlsx
2022,0029820,"Las Vegas-Henderson-Paradise, NV",4,NV,True,39-9011,Childcare Workers,1340.0,17.9,27970.0,27970,13.45,10.2,25960.0,MSA_M2022_dl.xlsx
2022,0029940,"Lawrence, KS",4,KS,True,39-9011,Childcare Workers,280.0,12.2,23240.0,23240,11.17,1.5,21560.0,MSA_M2022_dl.xlsx
2022,0030020,"Lawton, OK",4,OK,True,39-9011,Childcare Workers,180.0,9.7,22010.0,22010,10.58,1.1,22360.0,MSA_M2022_dl.xlsx
2022,0030140,"Lebanon, PA",4,PA,True,39-9011,Childcare Workers,160.0,11.1,25480.0,25480,12.25,1.8,27010.0,MSA_M2022_dl.xlsx
2022,0030300,"Lewiston, ID-WA",4,ID,True,39-9011,Childcare Workers,90.0,14.6,25790.0,25790,12.4,3.3,21590.0,MSA_M2022_dl.xlsx
2022,0030460,"Lexington-Fayette, KY",4,KY,True,39-9011,Childcare Workers,1660.0,3.4,26360.0,26360,12.68,1.6,27090.0,MSA_M2022_dl.xlsx
2022,0030620,"Lima, OH",4,OH,True,39-9011,Childcare Workers,100.0,9.6,28520.0,28520,13.71,2.6,28400.0,MSA_M2022_dl.xlsx
2022,0030700,"Lincoln, NE",4,NE,True,39-9011,Childcare Workers,1520.0,6.7,29070.0,29070,13.98,2.6,27680.0,MSA_M2022_dl.xlsx
2022,0030780,"Little Rock-North Little Rock-Conway, AR",4,AR,True,39-9011,Childcare Workers,1410.0,7.1,26890.0,26890,12.93,0.8,26400.0,MSA_M2022_dl.xlsx
2022,0030860,"Logan, UT-ID",4,UT,True,39-9011,Childcare Workers,220.0,9.0,26000.0,26000,12.5,1.8,24880.0,MSA_M2022_dl.xlsx
2022,0030980,"Longview, TX",4,TX,True,39-9011,Childcare Workers,350.0,7.1,23300.0,23300,11.2,1.2,21250.0,MSA_M2022_dl.xlsx
2022,0031020,"Longview, WA",4,WA,True,39-9011,Childcare Workers,40.0,15.0,36080.0,36080,17.34,1.6,36200.0,MSA_M2022_dl.xlsx
2022,0031080,"Los Angeles-Long Beach-Anaheim, CA",4,CA,True,39-9011,Childcare Workers,8340.0,10.7,36160.0,36160,17.39,1.8,33280.0,MSA_M2022_dl.xlsx
2022,0031140,"Louisville/Jefferson County, KY-IN",4,KY,True,39-9011,Childcare Workers,3180.0,3.5,27000.0,27000,12.98,1.3,27140.0,MSA_M2022_dl.xlsx
2022,0031180,"Lubbock, TX",4,TX,True,39-9011,Childcare Workers,710.0,6.7,23540.0,23540,11.32,1.7,22090.0,MSA_M2022_dl.xlsx
2022,0031340,"Lynchburg, VA",4,VA,True,39-9011,Childcare Workers,220.0,9.9,24910.0,24910,11.98,1.6,23070.0,MSA_M2022_dl.xlsx
2022,0031420,"Macon, GA",4,GA,True,39-9011,Childcare Workers,340.0,9.3,24650.0,24650,11.85,1.5,22490.0,MSA_M2022_dl.xlsx
2022,0031540,"Madison, WI",4,WI,True,39-9011,Childcare Workers,410.0,9.4,26860.0,26860,12.91,1.7,24380.0,MSA_M2022_dl.xlsx
2022,0031740,"Manhattan, KS",4,KS,True,39-9011,Childcare Workers,280.0,5.2,22920.0,22920,11.02,1.5,21270.0,MSA_M2022_dl.xlsx
2022,0031860,"Mankato-North Mankato, MN",4,MN,True,39-9011,Childcare Workers,430.0,3.2,27460.0,27460,13.2,1.9,26780.0,MSA_M2022_dl.xlsx
2022,0031900,"Mansfield, OH",4,OH,True,39-9011,Childcare Workers,100.0,8.0,25980.0,25980,12.49,2.1,25440.0,MSA_M2022_dl.xlsx
2022,0032580,"McAllen-Edinburg-Mission, TX",4,TX,True,39-9011,Childcare Workers,1300.0,4.7,22760.0,22760,10.94,1.3,22120.0,MSA_M2022_dl.xlsx
2022,0032780,"Medford, OR",4,OR,True,39-9011,Childcare Workers,120.0,18.9,31260.0,31260,15.03,2.3,29520.0,MSA_M2022_dl.xlsx
2022,0032820,"Memphis, TN-MS-AR",4,TN,True,39-9011,Childcare Workers,2290.0,8.8,25180.0,25180,12.11,1.3,23510.0,MSA_M2022_dl.xlsx
2022,0032900,"Merced, CA",4,CA,True,39-9011,Childcare Workers,160.0,23.9,36470.0,36470,17.53,3.0,33430.0,MSA_M2022_dl.xlsx
2022,0033100,"Miami-Fort Lauderdale-West Palm Beach, FL",4,FL,True,39-9011,Childcare Workers,9690.0,7.4,29960.0,29960,14.4,1.0,28840.0,MSA_M2022_dl.xlsx
2022,0033140,"Michigan City-La Porte, IN",4,IN,True,39-9011,Childcare Workers,100.0,13.5,25910.0,25910,12.46,3.7,26670.0,MSA_M2022_dl.xlsx
2022,0033220,"Midland, MI",4,MI,True,39-9011,Childcare Workers,170.0,10.9,26100.0,26100,12.55,1.7,25780.0,MSA_M2022_dl.xlsx
2022,0033260,"Midland, TX",4,TX,True,39-9011,Childcare Workers,260.0,7.4,26210.0,26210,12.6,1.4,25820.0,MSA_M2022_dl.xlsx
2022,0033340,"Milwaukee-Waukesha-West Allis, WI",4,WI,True,39-9011,Childcare Workers,1300.0,9.8,27960.0,27960,13.44,2.2,28300.0,MSA_M2022_dl.xlsx
2022,0033460,"Minneapolis-St. Paul-Bloomington, MN-WI",4,MN,True,39-9011,Childcare Workers,6710.0,8.4,31750.0,31750,15.27,1.5,30560.0,MSA_M2022_dl.xlsx
2022,0033540,"Missoula, MT",4,MT,True,39-9011,Childcare Workers,300.0,8.2,26200.0,26200,12.6,1.9,26310.0,MSA_M2022_dl.xlsx
2022,0033660,"Mobile, AL",4,AL,True,39-9011,Childcare Workers,470.0,11.3,21700.0,21700,10.43,2.7,21020.0,MSA_M2022_dl.xlsx
2022,0033700,"Modesto, CA",4,CA,True,39-9011,Childcare Workers,420.0,10.3,36170.0,36170,17.39,1.4,35020.0,MSA_M2022_dl.xlsx
2022,0033740,"Monroe, LA",4,LA,True,39-9011,Childcare Workers,400.0,2.7,20150.0,20150,9.69,1.9,19280.0,MSA_M2022_dl.xlsx
2022,0033780,"Monroe, MI",4,MI,True,39-9011,Childcare Workers,120.0,8.0,26480.0,26480,12.73,2.3,26420.0,MSA_M2022_dl.xlsx
2022,0033860,"Montgomery, AL",4,AL,True,39-9011,Childcare Workers,460.0,6.7,21770.0,21770,10.46,1.9,20600.0,MSA_M2022_dl.xlsx
2022,0034060,"Morgantown, WV",4,WV,True,39-9011,Childcare Workers,130.0,17.8,22750.0,22750,10.94,1.2,22260.0,MSA_M2022_dl.xlsx
2022,0034100,"Morristown, TN",4,TN,True,39-9011,Childcare Workers,100.0,31.8,20220.0,20220,9.72,11.7,18140.0,MSA_M2022_dl.xlsx
2022,0034580,"Mount Vernon-Anacortes, WA",4,WA,True,39-9011,Childcare Workers,60.0,38.9,35990.0,35990,17.3,1.9,34210.0,MSA_M2022_dl.xlsx
2022,0034620,"Muncie, IN",4,IN,True,39-9011,Childcare Workers,320.0,4.6,27770.0,27770,13.35,1.1,27230.0,MSA_M2022_dl.xlsx
2022,0034740,"Muskegon, MI",4,MI,True,39-9011,Childcare Workers,200.0,11.7,26880.0,26880,12.92,2.3,25540.0,MSA_M2022_dl.xlsx
2022,0034820,"Myrtle Beach-Conway-North Myrtle Beach, SC-NC",4,SC,True,39-9011,Childcare Workers,360.0,7.9,24760.0,24760,11.9,1.4,24350.0,MSA_M2022_dl.xlsx
2022,0034900,"Napa, CA",4,CA,True,39-9011,Childcare Workers,80.0,13.3,39410.0,39410,18.95,2.2,36660.0,MSA_M2022_dl.xlsx
2022,0034940,"Naples-Immokalee-Marco Island, FL",4,FL,True,39-9011,Childcare Workers,440.0,8.9,32880.0,32880,15.81,7.2,29410.0,MSA_M2022_dl.xlsx
2022,0034980,"Nashville-Davidson--Murfreesboro--Franklin, TN",4,TN,True,39-9011,Childcare Workers,3710.0,7.4,26680.0,26680,12.83,1.4,26210.0,MSA_M2022_dl.xlsx
2022,0035100,"New Bern, NC",4,NC,True,39-9011,Childcare Workers,130.0,10.1,23050.0,23050,11.08,2.5,21790.0,MSA_M2022_dl.xlsx
2022,0035380,"New Orleans-Metairie, LA",4,LA,True,39-9011,Childcare Workers,2530.0,3.6,23030.0,23030,11.07,1.4,21520.0,MSA_M2022_dl.xlsx
2022,0035620,"New York-Newark-Jersey City, NY-NJ-PA",4,NY,True,39-9011,Childcare Workers,37900.0,4.8,35670.0,35670,17.15,1.1,34910.0,MSA_M2022_dl.xlsx
2022,0035660,"Niles-Benton Harbor, MI",4,MI,True,39-9011,Childcare Workers,170.0,11.1,25910.0,25910,12.46,1.5,25770.0,MSA_M2022_dl.xlsx
2022,0035840,"North Port-Sarasota-Bradenton, FL",4,FL,True,39-9011,Childcare Workers,1310.0,3.5,29150.0,29150,14.02,0.8,28360.0,MSA_M2022_dl.xlsx
2022,0036100,"Ocala, FL",4,FL,True,39-9011,Childcare Workers,330.0,5.4,26980.0,26980,12.97,1.6,26850.0,MSA_M2022_dl.xlsx
2022,0036140,"Ocean City, NJ",4,NJ,True,39-9011,Childcare Workers,80.0,10.5,31190.0,31190,15.0,1.9,28710.0,MSA_M2022_dl.xlsx
2022,0036220,"Odessa, TX",4,TX,True,39-9011,Childcare Workers,270.0,7.5,25830.0,25830,12.42,1.1,23700.0,MSA_M2022_dl.xlsx
2022,0036260,"Ogden-Clearfield, UT",4,UT,True,39-9011,Childcare Workers,680.0,10.8,25870.0,25870,12.44,1.5,25530.0,MSA_M2022_dl.xlsx
2022,0036420,"Oklahoma City, OK",4,OK,True,39-9011,Childcare Workers,2490.0,9.6,24330.0,24330,11.7,1.6,23050.0,MSA_M2022_dl.xlsx
2022,0036500,"Olympia-Tumwater, WA",4,WA,True,39-9011,Childcare Workers,140.0,9.5,34650.0,34650,16.66,1.4,33940.0,MSA_M2022_dl.xlsx
2022,0036540,"Omaha-Council Bluffs, NE-IA",4,NE,True,39-9011,Childcare Workers,4390.0,4.2,28330.0,28330,13.62,2.1,28490.0,MSA_M2022_dl.xlsx
2022,0036740,"Orlando-Kissimmee-Sanford, FL",4,FL,True,39-9011,Childcare Workers,3580.0,8.1,27190.0,27190,13.07,2.1,27310.0,MSA_M2022_dl.xlsx
2022,0036780,"Oshkosh-Neenah, WI",4,WI,True,39-9011,Childcare Workers,120.0,9.2,23780.0,23780,11.44,2.7,22190.0,MSA_M2022_dl.xlsx
2022,0036980,"Owensboro, KY",4,KY,True,39-9011,Childcare Workers,340.0,3.4,25040.0,25040,12.04,1.4,24640.0,MSA_M2022_dl.xlsx
2022,0037100,"Oxnard-Thousand Oaks-Ventura, CA",4,CA,True,39-9011,Childcare Workers,730.0,10.4,37620.0,37620,18.09,1.9,36170.0,MSA_M2022_dl.xlsx
2022,0037340,"Palm Bay-Melbourne-Titusville, FL",4,FL,True,39-9011,Childcare Workers,630.0,11.3,28840.0,28840,13.86,0.8,28930.0,MSA_M2022_dl.xlsx
2022,0037460,"Panama City, FL",4,FL,True,39-9011,Childcare Workers,280.0,11.4,26240.0,26240,12.62,1.1,26680.0,MSA_M2022_dl.xlsx
2022,0037620,"Parkersburg-Vienna, WV",4,WV,True,39-9011,Childcare Workers,100.0,20.6,21010.0,21010,10.1,1.8,20320.0,MSA_M2022_dl.xlsx
2022,0037860,"Pensacola-Ferry Pass-Brent, FL",4,FL,True,39-9011,Childcare Workers,580.0,19.2,28080.0,28080,13.5,4.3,27750.0,MSA_M2022_dl.xlsx
2022,0037900,"Peoria, IL",4,IL,True,39-9011,Childcare Workers,610.0,6.0,29000.0,29000,13.94,1.0,27380.0,MSA_M2022_dl.xlsx
2022,0037980,"Philadelphia-Camden-Wilmington, PA-NJ-DE-MD",4,PA,True,39-9011,Childcare Workers,7870.0,19.6,29920.0,29920,14.39,3.3,28940.0,MSA_M2022_dl.xlsx
2022,0038060,"Phoenix-Mesa-Scottsdale, AZ",4,AZ,True,39-9011,Childcare Workers,4040.0,7.5,33150.0,33150,15.94,1.1,32520.0,MSA_M2022_dl.xlsx
2022,0038300,"Pittsburgh, PA",4,PA,True,39-9011,Childcare Workers,3280.0,8.1,27600.0,27600,13.27,2.4,26280.0,MSA_M2022_dl.xlsx
2022,0038540,"Pocatello, ID",4,ID,True,39-9011,Childcare Workers,130.0,11.4,22360.0,22360,10.75,3.3,19370.0,MSA_M2022_dl.xlsx
2022,0038660,"Ponce, PR",4,PR,True,39-9011,Childcare Workers,40.0,12.9,20410.0,20410,9.81,3.4,18160.0,MSA_M2022_dl.xlsx
2022,0038900,"Portland-Vancouver-Hillsboro, OR-WA",4,OR,True,39-9011,Childcare Workers,1780.0,16.6,36280.0,36280,17.44,2.1,34910.0,MSA_M2022_dl.xlsx
2022,0038940,"Port St. Lucie, FL",4,FL,True,39-9011,Childcare Workers,570.0,5.7,27090.0,27090,13.02,0.9,27390.0,MSA_M2022_dl.xlsx
2022,0039140,"Prescott, AZ",4,AZ,True,39-9011,Childcare Workers,80.0,18.6,32260.0,32260,15.51,1.4,30800.0,MSA_M2022_dl.xlsx
2022,0039340,"Provo-Orem, UT",4,UT,True,39-9011,Childcare Workers,460.0,15.6,26880.0,26880,12.92,2.0,26400.0,MSA_M2022_dl.xlsx
2022,0039380,"Pueblo, CO",4,CO,True,39-9011,Childcare Workers,90.0,8.4,36150.0,36150,17.38,2.2,33290.0,MSA_M2022_dl.xlsx
2022,0039460,"Punta Gorda, FL",4,FL,True,39-9011,Childcare Workers,110.0,12.7,29300.0,29300,14.09,1.8,30040.0,MSA_M2022_dl.xlsx
2022,0039540,"Racine, WI",4,WI,True,39-9011,Childcare Workers,50.0,15.1,28220.0,28220,13.57,2.8,27300.0,MSA_M2022_dl.xlsx
2022,0039580,"Raleigh, NC",4,NC,True,39-9011,Childcare Workers,1580.0,9.5,27180.0,27180,13.07,1.7,25730.0,MSA_M2022_dl.xlsx
2022,0039660,"Rapid City, SD",4,SD,True,39-9011,Childcare Workers,400.0,6.8,24950.0,24950,12.0,1.3,23360.0,MSA_M2022_dl.xlsx
2022,0039740,"Reading, PA",4,PA,True,39-9011,Childcare Workers,370.0,7.2,24900.0,24900,11.97,3.4,23680.0,MSA_M2022_dl.xlsx
2022,0039820,"Redding, CA",4,CA,True,39-9011,Childcare Workers,180.0,7.8,34520.0,34520,16.6,1.2,33660.0,MSA_M2022_dl.xlsx
2022,0039900,"Reno, NV",4,NV,True,39-9011,Childcare Workers,460.0,13.9,31500.0,31500,15.14,3.5,29200.0,MSA_M2022_dl.xlsx
2022,0040060,"Richmond, VA",4,VA,True,39-9011,Childcare Workers,1790.0,10.7,26680.0,26680,12.83,1.1,25590.0,MSA_M2022_dl.xlsx
2022,0040140,"Riverside-San Bernardino-Ontario, CA",4,CA,True,39-9011,Childcare Workers,3140.0,8.9,39840.0,39840,19.16,1.4,37270.0,MSA_M2022_dl.xlsx
2022,0040220,"Roanoke, VA",4,VA,True,39-9011,Childcare Workers,390.0,9.9,24910.0,24910,11.98,1.2,23800.0,MSA_M2022_dl.xlsx
2022,0040340,"Rochester, MN",4,MN,True,39-9011,Childcare Workers,370.0,10.0,29140.0,29140,14.01,1.0,27460.0,MSA_M2022_dl.xlsx
2022,0040380,"Rochester, NY",4,NY,True,39-9011,Childcare Workers,1600.0,6.4,30580.0,30580,14.7,0.8,29210.0,MSA_M2022_dl.xlsx
2022,0040420,"Rockford, IL",4,IL,True,39-9011,Childcare Workers,460.0,8.0,27740.0,27740,13.34,1.7,25900.0,MSA_M2022_dl.xlsx
2022,0040580,"Rocky Mount, NC",4,NC,True,39-9011,Childcare Workers,130.0,10.1,25100.0,25100,12.07,1.2,24580.0,MSA_M2022_dl.xlsx
2022,0040660,"Rome, GA",4,GA,True,39-9011,Childcare Workers,100.0,10.5,22160.0,22160,10.65,2.6,20470.0,MSA_M2022_dl.xlsx
2022,0040900,"Sacramento--Roseville--Arden-Arcade, CA",4,CA,True,39-9011,Childcare Workers,1910.0,12.7,35910.0,35910,17.27,1.5,35720.0,MSA_M2022_dl.xlsx
2022,0040980,"Saginaw, MI",4,MI,True,39-9011,Childcare Workers,320.0,8.0,25280.0,25280,12.16,2.2,23410.0,MSA_M2022_dl.xlsx
2022,0041060,"St. Cloud, MN",4,MN,True,39-9011,Childcare Workers,220.0,7.9,27810.0,27810,13.37,3.8,27200.0,MSA_M2022_dl.xlsx
2022,0041100,"St. George, UT",4,UT,True,39-9011,Childcare Workers,190.0,9.2,27600.0,27600,13.27,3.0,26860.0,MSA_M2022_dl.xlsx
2022,0041140,"St. Joseph, MO-KS",4,MO,True,39-9011,Childcare Workers,200.0,6.9,27920.0,27920,13.43,1.2,27100.0,MSA_M2022_dl.xlsx
2022,0041180,"St. Louis, MO-IL",4,MO,True,39-9011,Childcare Workers,5550.0,10.4,29870.0,29870,14.36,3.3,28630.0,MSA_M2022_dl.xlsx
2022,0041420,"Salem, OR",4,OR,True,39-9011,Childcare Workers,310.0,10.4,31560.0,31560,15.17,1.5,30060.0,MSA_M2022_dl.xlsx
2022,0041500,"Salinas, CA",4,CA,True,39-9011,Childcare Workers,320.0,10.2,37860.0,37860,18.2,1.6,36130.0,MSA_M2022_dl.xlsx
2022,0041540,"Salisbury, MD-DE",4,MD,True,39-9011,Childcare Workers,590.0,5.4,28890.0,28890,13.89,1.4,29360.0,MSA_M2022_dl.xlsx
2022,0041620,"Salt Lake City, UT",4,UT,True,39-9011,Childcare Workers,1700.0,11.9,28100.0,28100,13.51,1.7,27590.0,MSA_M2022_dl.xlsx
2022,0041660,"San Angelo, TX",4,TX,True,39-9011,Childcare Workers,220.0,13.6,22590.0,22590,10.86,1.6,21900.0,MSA_M2022_dl.xlsx
2022,0041700,"San Antonio-New Braunfels, TX",4,TX,True,39-9011,Childcare Workers,3660.0,11.8,26320.0,26320,12.65,1.1,23610.0,MSA_M2022_dl.xlsx
2022,0041740,"San Diego-Carlsbad, CA",4,CA,True,39-9011,Childcare Workers,3010.0,8.5,35470.0,35470,17.05,2.0,33980.0,MSA_M2022_dl.xlsx
2022,0041860,"San Francisco-Oakland-Hayward, CA",4,CA,True,39-9011,Childcare Workers,4520.0,12.9,40210.0,40210,19.33,2.2,40190.0,MSA_M2022_dl.xlsx
2022,0041900,"San German, PR",4,PR,True,39-9011,Childcare Workers,50.0,9.2,24140.0,24140,11.61,3.7,25280.0,MSA_M2022_dl.xlsx
2022,0041940,"San Jose-Sunnyvale-Santa Clara, CA",4,CA,True,39-9011,Childcare Workers,1200.0,45.5,41700.0,41700,20.05,1.8,38570.0,MSA_M2022_dl.xlsx
2022,0041980,"San Juan-Carolina-Caguas, PR",4,PR,True,39-9011,Childcare Workers,740.0,8.7,20270.0,20270,9.75,1.6,18770.0,MSA_M2022_dl.xlsx
2022,0042020,"San Luis Obispo-Paso Robles-Arroyo Grande, CA",4,CA,True,39-9011,Childcare Workers,210.0,10.2,35790.0,35790,17.21,1.3,35340.0,MSA_M2022_dl.xlsx
2022,0042100,"Santa Cruz-Watsonville, CA",4,CA,True,39-9011,Childcare Workers,330.0,9.5,36620.0,36620,17.61,1.2,36170.0,MSA_M2022_dl.xlsx
2022,0042140,"Santa Fe, NM",4,NM,True,39-9011,Childcare Workers,60.0,15.7,31040.0,31040,14.93,1.9,28280.0,MSA_M2022_dl.xlsx
2022,0042200,"Santa Maria-Santa Barbara, CA",4,CA,True,39-9011,Childcare Workers,370.0,11.0,35160.0,35160,16.91,2.4,35150.0,MSA_M2022_dl.xlsx
2022,0042220,"Santa Rosa, CA",4,CA,True,39-9011,Childcare Workers,470.0,12.3,39310.0,39310,18.9,1.1,38750.0,MSA_M2022_dl.xlsx
2022,0042340,"Savannah, GA",4,GA,True,39-9011,Childcare Workers,790.0,8.1,25270.0,25270,12.15,1.7,23220.0,MSA_M2022_dl.xlsx
2022,0042540,"Scranton--Wilkes-Barre--Hazleton, PA",4,PA,True,39-9011,Childcare Workers,750.0,5.5,24980.0,24980,12.01,1.1,23490.0,MSA_M2022_dl.xlsx
2022,0042660,"Seattle-Tacoma-Bellevue, WA",4,WA,True,39-9011,Childcare Workers,1830.0,25.1,39390.0,39390,18.94,1.3,38710.0,MSA_M2022_dl.xlsx
2022,0042680,"Sebastian-Vero Beach, FL",4,FL,True,39-9011,Childcare Workers,140.0,12.3,27040.0,27040,13.0,2.4,25730.0,MSA_M2022_dl.xlsx
2022,0042700,"Sebring, FL",4,FL,True,39-9011,Childcare Workers,110.0,15.2,27530.0,27530,13.23,1.3,27500.0,MSA_M2022_dl.xlsx
2022,0043100,"Sheboygan, WI",4,WI,True,39-9011,Childcare Workers,140.0,7.6,27010.0,27010,12.99,1.5,25920.0,MSA_M2022_dl.xlsx
2022,0043300,"Sherman-Denison, TX",4,TX,True,39-9011,Childcare Workers,170.0,9.1,24030.0,24030,11.56,1.6,22360.0,MSA_M2022_dl.xlsx
2022,0043340,"Shreveport-Bossier City, LA",4,LA,True,39-9011,Childcare Workers,820.0,3.1,22650.0,22650,10.89,1.4,20610.0,MSA_M2022_dl.xlsx
2022,0043420,"Sierra Vista-Douglas, AZ",4,AZ,True,39-9011,Childcare Workers,30.0,23.2,30070.0,30070,14.46,2.0,31250.0,MSA_M2022_dl.xlsx
2022,0043580,"Sioux City, IA-NE-SD",4,IA,True,39-9011,Childcare Workers,340.0,6.8,24940.0,24940,11.99,1.4,24540.0,MSA_M2022_dl.xlsx
2022,0043620,"Sioux Falls, SD",4,SD,True,39-9011,Childcare Workers,1290.0,4.2,25670.0,25670,12.34,1.6,25000.0,MSA_M2022_dl.xlsx
2022,0043780,"South Bend-Mishawaka, IN-MI",4,IN,True,39-9011,Childcare Workers,460.0,7.5,26420.0,26420,12.7,1.2,25680.0,MSA_M2022_dl.xlsx
2022,0043900,"Spartanburg, SC",4,SC,True,39-9011,Childcare Workers,360.0,14.8,24910.0,24910,11.98,2.2,22510.0,MSA_M2022_dl.xlsx
2022,0044060,"Spokane-Spokane Valley, WA",4,WA,True,39-9011,Childcare Workers,350.0,15.1,34400.0,34400,16.54,0.9,32610.0,MSA_M2022_dl.xlsx
2022,0044100,"Springfield, IL",4,IL,True,39-9011,Childcare Workers,410.0,5.8,29270.0,29270,14.07,1.3,27500.0,MSA_M2022_dl.xlsx
2022,0044180,"Springfield, MO",4,MO,True,39-9011,Childcare Workers,980.0,7.0,26890.0,26890,12.93,1.2,26390.0,MSA_M2022_dl.xlsx
2022,0044220,"Springfield, OH",4,OH,True,39-9011,Childcare Workers,70.0,11.4,27350.0,27350,13.15,2.7,26430.0,MSA_M2022_dl.xlsx
2022,0044300,"State College, PA",4,PA,True,39-9011,Childcare Workers,170.0,9.0,24850.0,24850,11.95,1.4,24120.0,MSA_M2022_dl.xlsx
2022,0044420,"Staunton-Waynesboro, VA",4,VA,True,39-9011,Childcare Workers,130.0,12.7,25960.0,25960,12.48,1.8,24300.0,MSA_M2022_dl.xlsx
2022,0044700,"Stockton-Lodi, CA",4,CA,True,39-9011,Childcare Workers,570.0,9.9,36950.0,36950,17.77,1.7,34950.0,MSA_M2022_dl.xlsx
2022,0044940,"Sumter, SC",4,SC,True,39-9011,Childcare Workers,300.0,8.4,27440.0,27440,13.19,3.0,26480.0,MSA_M2022_dl.xlsx
2022,0045060,"Syracuse, NY",4,NY,True,39-9011,Childcare Workers,1010.0,8.8,31680.0,31680,15.23,0.9,30160.0,MSA_M2022_dl.xlsx
2022,0045220,"Tallahassee, FL",4,FL,True,39-9011,Childcare Workers,480.0,7.3,26000.0,26000,12.5,1.1,24960.0,MSA_M2022_dl.xlsx
2022,0045300,"Tampa-St. Petersburg-Clearwater, FL",4,FL,True,39-9011,Childcare Workers,3590.0,7.8,27870.0,27870,13.4,2.0,27410.0,MSA_M2022_dl.xlsx
2022,0045460,"Terre Haute, IN",4,IN,True,39-9011,Childcare Workers,230.0,11.9,24610.0,24610,11.83,1.7,23620.0,MSA_M2022_dl.xlsx
2022,0045500,"Texarkana, TX-AR",4,TX,True,39-9011,Childcare Workers,240.0,5.5,23360.0,23360,11.23,1.2,23120.0,MSA_M2022_dl.xlsx
2022,0045540,"The Villages, FL",4,FL,True,39-9011,Childcare Workers,110.0,5.7,25540.0,25540,12.28,1.6,24040.0,MSA_M2022_dl.xlsx
2022,0045780,"Toledo, OH",4,OH,True,39-9011,Childcare Workers,820.0,10.9,27330.0,27330,13.14,1.7,27180.0,MSA_M2022_dl.xlsx
2022,0045820,"Topeka, KS",4,KS,True,39-9011,Childcare Workers,520.0,5.8,26450.0,26450,12.72,1.9,26530.0,MSA_M2022_dl.xlsx
2022,0045940,"Trenton, NJ",4,NJ,True,39-9011,Childcare Workers,750.0,9.2,33500.0,33500,16.1,2.6,30320.0,MSA_M2022_dl.xlsx
2022,0046060,"Tucson, AZ",4,AZ,True,39-9011,Childcare Workers,660.0,8.7,30520.0,30520,14.67,1.9,30100.0,MSA_M2022_dl.xlsx
2022,0046140,"Tulsa, OK",4,OK,True,39-9011,Childcare Workers,1980.0,6.9,25480.0,25480,12.25,2.8,23000.0,MSA_M2022_dl.xlsx
2022,0046220,"Tuscaloosa, AL",4,AL,True,39-9011,Childcare Workers,220.0,6.6,25310.0,25310,12.17,1.5,21770.0,MSA_M2022_dl.xlsx
2022,0046300,"Twin Falls, ID",4,ID,True,39-9011,Childcare Workers,100.0,21.1,22980.0,22980,11.05,2.8,21470.0,MSA_M2022_dl.xlsx
2022,0046340,"Tyler, TX",4,TX,True,39-9011,Childcare Workers,350.0,7.4,23630.0,23630,11.36,1.1,22290.0,MSA_M2022_dl.xlsx
2022,0046520,"Urban Honolulu, HI",4,HI,True,39-9011,Childcare Workers,700.0,18.5,31490.0,31490,15.14,1.4,30460.0,MSA_M2022_dl.xlsx
2022,0046540,"Utica-Rome, NY",4,NY,True,39-9011,Childcare Workers,460.0,11.0,32010.0,32010,15.39,1.3,31260.0,MSA_M2022_dl.xlsx
2022,0046660,"Valdosta, GA",4,GA,True,39-9011,Childcare Workers,230.0,7.8,22020.0,22020,10.59,2.0,20990.0,MSA_M2022_dl.xlsx
2022,0046700,"Vallejo-Fairfield, CA",4,CA,True,39-9011,Childcare Workers,290.0,7.4,38110.0,38110,18.32,1.1,36170.0,MSA_M2022_dl.xlsx
2022,0047020,"Victoria, TX",4,TX,True,39-9011,Childcare Workers,140.0,9.9,22610.0,22610,10.87,2.5,21660.0,MSA_M2022_dl.xlsx
2022,0047220,"Vineland-Bridgeton, NJ",4,NJ,True,39-9011,Childcare Workers,240.0,9.0,30060.0,30060,14.45,0.6,29080.0,MSA_M2022_dl.xlsx
2022,0047260,"Virginia Beach-Norfolk-Newport News, VA-NC",4,VA,True,39-9011,Childcare Workers,2240.0,7.8,27160.0,27160,13.06,1.0,25690.0,MSA_M2022_dl.xlsx
2022,0047300,"Visalia-Porterville, CA",4,CA,True,39-9011,Childcare Workers,290.0,18.7,36240.0,36240,17.42,2.2,36470.0,MSA_M2022_dl.xlsx
2022,0047380,"Waco, TX",4,TX,True,39-9011,Childcare Workers,450.0,4.1,24340.0,24340,11.7,0.9,22440.0,MSA_M2022_dl.xlsx
2022,0047460,"Walla Walla, WA",4,WA,True,39-9011,Childcare Workers,40.0,8.1,31570.0,31570,15.18,1.0,30500.0,MSA_M2022_dl.xlsx
2022,0047580,"Warner Robins, GA",4,GA,True,39-9011,Childcare Workers,380.0,6.4,22590.0,22590,10.86,1.6,21610.0,MSA_M2022_dl.xlsx
2022,0047900,"Washington-Arlington-Alexandria, DC-VA-MD-WV",4,DC,True,39-9011,Childcare Workers,8930.0,8.7,35510.0,35510,17.07,1.3,34250.0,MSA_M2022_dl.xlsx
2022,0047940,"Waterloo-Cedar Falls, IA",4,IA,True,39-9011,Childcare Workers,410.0,8.8,24100.0,24100,11.59,2.1,22340.0,MSA_M2022_dl.xlsx
2022,0048060,"Watertown-Fort Drum, NY",4,NY,True,39-9011,Childcare Workers,240.0,12.0,29640.0,29640,14.25,1.5,28160.0,MSA_M2022_dl.xlsx
2022,0048140,"Wausau, WI",4,WI,True,39-9011,Childcare Workers,80.0,10.0,24800.0,24800,11.92,2.6,23480.0,MSA_M2022_dl.xlsx
2022,0048260,"Weirton-Steubenville, WV-OH",4,WV,True,39-9011,Childcare Workers,60.0,14.5,24440.0,24440,11.75,2.5,21850.0,MSA_M2022_dl.xlsx
2022,0048300,"Wenatchee, WA",4,WA,True,39-9011,Childcare Workers,60.0,9.6,33460.0,33460,16.09,1.3,32940.0,MSA_M2022_dl.xlsx
2022,0048540,"Wheeling, WV-OH",4,WV,True,39-9011,Childcare Workers,110.0,11.8,24280.0,24280,11.67,2.4,22830.0,MSA_M2022_dl.xlsx
2022,0048620,"Wichita, KS",4,KS,True,39-9011,Childcare Workers,1210.0,4.5,25060.0,25060,12.05,1.5,24490.0,MSA_M2022_dl.xlsx
2022,0048660,"Wichita Falls, TX",4,TX,True,39-9011,Childcare Workers,230.0,8.1,22590.0,22590,10.86,1.9,21440.0,MSA_M2022_dl.xlsx
2022,0048700,"Williamsport, PA",4,PA,True,39-9011,Childcare Workers,130.0,6.5,25990.0,25990,12.49,2.2,25020.0,MSA_M2022_dl.xlsx
2022,0048900,"Wilmington, NC",4,NC,True,39-9011,Childcare Workers,410.0,7.7,25310.0,25310,12.17,1.7,22410.0,MSA_M2022_dl.xlsx
2022,0049020,"Winchester, VA-WV",4,VA,True,39-9011,Childcare Workers,120.0,13.6,27310.0,27310,13.13,2.2,26850.0,MSA_M2022_dl.xlsx
2022,0049180,"Winston-Salem, NC",4,NC,True,39-9011,Childcare Workers,630.0,10.3,27020.0,27020,12.99,2.5,25250.0,MSA_M2022_dl.xlsx
2022,0049420,"Yakima, WA",4,WA,True,39-9011,Childcare Workers,160.0,12.1,34120.0,34120,16.41,1.3,32670.0,MSA_M2022_dl.xlsx
2022,0049620,"York-Hanover, PA",4,PA,True,39-9011,Childcare Workers,620.0,6.8,26060.0,26060,12.53,1.4,26170.0,MSA_M2022_dl.xlsx
2022,0049660,"Youngstown-Warren-Boardman, OH-PA",4,OH,True,39-9011,Childcare Workers,510.0,9.4,26070.0,26070,12.53,2.0,24160.0,MSA_M2022_dl.xlsx
2022,0049700,"Yuba City, CA",4,CA,True,39-9011,Childcare Workers,150.0,8.0,35580.0,35580,17.11,1.4,34800.0,MSA_M2022_dl.xlsx
2022,0070750,"Bangor, ME",4,ME,True,39-9011,Childcare Workers,500.0,5.7,31430.0,31430,15.11,1.6,30250.0,MSA_M2022_dl.xlsx
2022,0070900,"Barnstable Town, MA",4,MA,True,39-9011,Childcare Workers,320.0,7.8,38110.0,38110,18.32,0.9,36230.0,MSA_M2022_dl.xlsx
2022,0071650,"Boston-Cambridge-Nashua, MA-NH",4,MA,True,39-9011,Childcare Workers,11790.0,10.4,39080.0,39080,18.79,1.3,38720.0,MSA_M2022_dl.xlsx
2022,0071950,"Bridgeport-Stamford-Norwalk, CT",4,CT,True,39-9011,Childcare Workers,1980.0,9.5,34030.0,34030,16.36,1.0,33210.0,MSA_M2022_dl.xlsx
2022,0072400,"Burlington-South Burlington, VT",4,VT,True,39-9011,Childcare Workers,450.0,15.0,33850.0,33850,16.27,2.1,32160.0,MSA_M2022_dl.xlsx
2022,0072850,"Danbury, CT",4,CT,True,39-9011,Childcare Workers,310.0,11.8,30830.0,30830,14.82,1.5,29050.0,MSA_M2022_dl.xlsx
2022,0073050,"Dover-Durham, NH-ME",4,NH,True,39-9011,Childcare Workers,200.0,10.5,29000.0,29000,13.94,3.0,30030.0,MSA_M2022_dl.xlsx
2022,0073450,"Hartford-West Hartford-East Hartford, CT",4,CT,True,39-9011,Childcare Workers,1950.0,10.6,31710.0,31710,15.25,1.1,29970.0,MSA_M2022_dl.xlsx
2022,0074500,"Leominster-Gardner, MA",4,MA,True,39-9011,Childcare Workers,130.0,9.2,35120.0,35120,16.89,1.6,35350.0,MSA_M2022_dl.xlsx
2022,0074650,"Lewiston-Auburn, ME",4,ME,True,39-9011,Childcare Workers,340.0,7.9,31330.0,31330,15.06,1.6,29750.0,MSA_M2022_dl.xlsx
2022,0074950,"Manchester, NH",4,NH,True,39-9011,Childcare Workers,290.0,10.0,27650.0,27650,13.29,2.9,29020.0,MSA_M2022_dl.xlsx
2022,0075550,"New Bedford, MA",4,MA,True,39-9011,Childcare Workers,320.0,11.3,36520.0,36520,17.56,1.5,35360.0,MSA_M2022_dl.xlsx
2022,0075700,"New Haven, CT",4,CT,True,39-9011,Childcare Workers,970.0,9.6,32290.0,32290,15.52,1.1,30300.0,MSA_M2022_dl.xlsx
2022,0076450,"Norwich-New London-Westerly, CT-RI",4,CT,True,39-9011,Childcare Workers,500.0,7.3,31540.0,31540,15.16,1.2,29830.0,MSA_M2022_dl.xlsx
2022,0076600,"Pittsfield, MA",4,MA,True,39-9011,Childcare Workers,160.0,10.3,34520.0,34520,16.59,2.0,33370.0,MSA_M2022_dl.xlsx
2022,0076750,"Portland-South Portland, ME",4,ME,True,39-9011,Childcare Workers,1700.0,5.3,33130.0,33130,15.93,1.5,31870.0,MSA_M2022_dl.xlsx
2022,0076900,"Portsmouth, NH-ME",4,NH,True,39-9011,Childcare Workers,280.0,6.5,30020.0,30020,14.44,1.3,30650.0,MSA_M2022_dl.xlsx
2022,0077200,"Providence-Warwick, RI-MA",4,RI,True,39-9011,Childcare Workers,2850.0,7.6,33030.0,33030,15.88,2.2,29640.0,MSA_M2022_dl.xlsx
2022,0078100,"Springfield, MA-CT",4,MA,True,39-9011,Childcare Workers,1210.0,6.3,36510.0,36510,17.55,1.0,35450.0,MSA_M2022_dl.xlsx
2022,0078700,"Waterbury, CT",4,CT,True,39-9011,Childcare Workers,350.0,9.8,34310.0,34310,16.49,1.7,28430.0,MSA_M2022_dl.xlsx
2022,0079600,"Worcester, MA-CT",4,MA,True,39-9011,Childcare Workers,1100.0,6.9,36200.0,36200,17.4,1.0,35480.0,MSA_M2022_dl.xlsx
